Sale_ID,Business_ID,Date,Customer_ID,Product_ID,Quantity,Selling_Price,Discount_Percent,Total_Amount,Payment_Mode,Payment_Status,Credit_Amount,Notes
SALE0001,BUS001,2026-06-01,CUST010,PROD008,6,₹ 13,0,₹ 78,Cash,Completed,0,Standard Sale
SALE0002,BUS001,2026-06-01,CUST028,PROD008,6,₹ 13,0,₹ 78,UPI,Completed,0,Standard Sale
SALE0003,BUS001,2026-06-01,CUST030,PROD008,8,₹ 13,0,₹ 104,Cash,Completed,0,Standard Sale
SALE0004,BUS001,2026-06-01,CUST033,PROD001,7,₹ 162,10,₹ 1020,Cash,Completed,0,Standard Sale
SALE0005,BUS001,2026-06-01,CUST011,PROD009,4,₹ 31,5,₹ 117,Cash,Completed,0,Standard Sale
SALE0006,BUS001,2026-06-01,CUST011,PROD005,7,₹ 377,5,₹ 2507,Credit,Pending,₹ 2507,Standard Sale
SALE0007,BUS001,2026-06-01,CUST031,PROD007,4,₹ 678,0,₹ 2712,Cash,Completed,0,Standard Sale
SALE0008,BUS001,2026-06-01,CUST010,PROD002,2,₹ 95,0,₹ 190,UPI,Completed,0,Standard Sale
SALE0009,BUS001,2026-06-01,CUST039,PROD002,1,₹ 95,0,₹ 95,Cash,Completed,0,Standard Sale
SALE0010,BUS001,2026-06-01,CUST010,PROD002,1,₹ 95,0,₹ 95,UPI,Completed,0,Standard Sale
SALE0011,BUS001,2026-06-01,CUST006,PROD001,8,₹ 162,0,₹ 1296,Cash,Completed,0,Standard Sale
SALE0012,BUS001,2026-06-01,CUST026,PROD008,6,₹ 13,0,₹ 78,Cash,Completed,0,Standard Sale
SALE0013,BUS001,2026-06-01,CUST002,PROD012,4,₹ 316,0,₹ 1264,Cash,Completed,0,Standard Sale
SALE0014,BUS001,2026-06-01,CUST023,PROD005,4,₹ 377,0,₹ 1508,Cash,Completed,0,Standard Sale
SALE0015,BUS001,2026-06-01,CUST011,PROD003,28,₹ 9,0,₹ 252,UPI,Completed,0,Standard Sale
SALE0016,BUS001,2026-06-01,CUST019,PROD003,44,₹ 9,0,₹ 396,UPI,Completed,0,Standard Sale
SALE0017,BUS001,2026-06-01,CUST011,PROD009,4,₹ 31,0,₹ 124,UPI,Completed,0,Standard Sale
SALE0018,BUS001,2026-06-01,CUST005,PROD002,1,₹ 95,0,₹ 95,Cash,Completed,0,Standard Sale
SALE0019,BUS001,2026-06-02,CUST009,PROD005,14,₹ 377,0,₹ 5278,Cash,Completed,0,Standard Sale
SALE0020,BUS001,2026-06-02,CUST034,PROD008,9,₹ 13,0,₹ 117,Cash,Completed,0,Standard Sale
SALE0021,BUS001,2026-06-02,CUST031,PROD001,5,₹ 162,0,₹ 810,Cash,Completed,0,Standard Sale
SALE0022,BUS001,2026-06-02,CUST026,PROD008,3,₹ 13,0,₹ 39,Cash,Completed,0,Standard Sale
SALE0023,BUS001,2026-06-02,CUST015,PROD001,2,₹ 162,0,₹ 324,Cash,Completed,0,Standard Sale
SALE0024,BUS001,2026-06-02,CUST014,PROD002,2,₹ 95,0,₹ 190,Cash,Completed,0,Standard Sale
SALE0025,BUS001,2026-06-02,CUST006,PROD005,10,₹ 377,0,₹ 3770,UPI,Completed,0,Standard Sale
SALE0026,BUS001,2026-06-02,CUST035,PROD005,14,₹ 377,10,₹ 4750,Cash,Completed,0,Standard Sale
SALE0027,BUS001,2026-06-02,CUST040,PROD004,6,₹ 61,0,₹ 366,Cash,Completed,0,Standard Sale
SALE0028,BUS001,2026-06-03,CUST030,PROD008,9,₹ 13,0,₹ 117,Cash,Completed,0,Standard Sale
SALE0029,BUS001,2026-06-03,CUST037,PROD008,4,₹ 13,0,₹ 52,Cash,Completed,0,Standard Sale
SALE0030,BUS001,2026-06-03,CUST039,PROD009,4,₹ 31,5,₹ 117,Cash,Completed,0,Standard Sale
SALE0031,BUS001,2026-06-03,CUST018,PROD003,13,₹ 9,10,₹ 105,Cash,Completed,0,Standard Sale
SALE0032,BUS001,2026-06-03,CUST035,PROD006,5,₹ 2106,5,₹ 10003,Cash,Completed,0,Standard Sale
SALE0033,BUS001,2026-06-03,CUST036,PROD008,4,₹ 13,0,₹ 52,Cash,Completed,0,Standard Sale
SALE0034,BUS001,2026-06-03,CUST012,PROD005,6,₹ 377,0,₹ 2262,Cash,Completed,0,Standard Sale
SALE0035,BUS001,2026-06-03,CUST035,PROD009,3,₹ 31,0,₹ 93,Cash,Completed,0,Standard Sale
SALE0036,BUS001,2026-06-03,CUST017,PROD004,4,₹ 61,0,₹ 244,Cash,Completed,0,Standard Sale
SALE0037,BUS001,2026-06-03,CUST010,PROD008,6,₹ 13,0,₹ 78,Cash,Completed,0,Standard Sale
SALE0038,BUS001,2026-06-03,CUST025,PROD011,4,₹ 199,0,₹ 796,UPI,Completed,0,Standard Sale
SALE0039,BUS001,2026-06-03,CUST032,PROD004,10,₹ 61,0,₹ 610,Cash,Completed,0,Standard Sale
SALE0040,BUS001,2026-06-03,CUST037,PROD003,49,₹ 9,5,₹ 418,Cash,Completed,0,Standard Sale
SALE0041,BUS001,2026-06-03,CUST004,PROD008,4,₹ 13,0,₹ 52,Credit,Pending,₹ 52,Standard Sale
SALE0042,BUS001,2026-06-03,CUST028,PROD008,9,₹ 13,0,₹ 117,Cash,Completed,0,Standard Sale
SALE0043,BUS001,2026-06-03,CUST018,PROD011,3,₹ 199,0,₹ 597,Cash,Completed,0,Standard Sale
SALE0044,BUS001,2026-06-03,CUST031,PROD007,1,₹ 678,0,₹ 678,Cash,Completed,0,Standard Sale
SALE0045,BUS001,2026-06-03,CUST026,PROD005,10,₹ 377,10,₹ 3393,Cash,Completed,0,Standard Sale
SALE0046,BUS001,2026-06-04,CUST014,PROD003,30,₹ 9,0,₹ 270,Cash,Completed,0,Standard Sale
SALE0047,BUS001,2026-06-04,CUST004,PROD005,3,₹ 377,0,₹ 1131,UPI,Completed,0,Standard Sale
SALE0048,BUS001,2026-06-04,CUST006,PROD005,3,₹ 377,10,₹ 1017,Cash,Completed,0,Standard Sale
SALE0049,BUS001,2026-06-04,CUST024,PROD008,5,₹ 13,0,₹ 65,Cash,Completed,0,Standard Sale
SALE0050,BUS001,2026-06-04,CUST036,PROD001,2,₹ 162,5,₹ 307,UPI,Completed,0,Standard Sale
SALE0051,BUS001,2026-06-04,CUST040,PROD008,10,₹ 13,0,₹ 130,UPI,Completed,0,Standard Sale
SALE0052,BUS001,2026-06-04,CUST008,PROD001,7,₹ 162,0,₹ 1134,UPI,Completed,0,Standard Sale
SALE0053,BUS001,2026-06-04,CUST014,PROD002,2,₹ 95,0,₹ 190,UPI,Completed,0,Standard Sale
SALE0054,BUS001,2026-06-04,CUST009,PROD005,14,₹ 377,0,₹ 5278,UPI,Completed,0,Standard Sale
SALE0055,BUS001,2026-06-04,CUST030,PROD001,8,₹ 162,0,₹ 1296,Credit,Pending,₹ 1296,Standard Sale
SALE0056,BUS001,2026-06-04,CUST033,PROD009,2,₹ 31,5,₹ 58,Credit,Pending,₹ 58,Standard Sale
SALE0057,BUS001,2026-06-04,CUST027,PROD004,8,₹ 61,0,₹ 488,Cash,Completed,0,Standard Sale
SALE0058,BUS001,2026-06-04,CUST021,PROD006,1,₹ 2106,0,₹ 2106,Cash,Completed,0,Standard Sale
SALE0059,BUS001,2026-06-04,CUST038,PROD007,1,₹ 678,0,₹ 678,Cash,Completed,0,Standard Sale
SALE0060,BUS001,2026-06-04,CUST038,PROD007,2,₹ 678,10,₹ 1220,Cash,Completed,0,Standard Sale
SALE0061,BUS001,2026-06-04,CUST030,PROD001,7,₹ 162,0,₹ 1134,Cash,Completed,0,Standard Sale
SALE0062,BUS001,2026-06-04,CUST016,PROD007,3,₹ 678,0,₹ 2034,Cash,Completed,0,Standard Sale
SALE0063,BUS001,2026-06-05,CUST006,PROD001,9,₹ 162,5,₹ 1385,Cash,Completed,0,Standard Sale
SALE0064,BUS001,2026-06-05,CUST005,PROD007,5,₹ 678,0,₹ 3390,Cash,Completed,0,Standard Sale
SALE0065,BUS001,2026-06-05,CUST021,PROD009,1,₹ 31,0,₹ 31,Cash,Completed,0,Standard Sale
SALE0066,BUS001,2026-06-05,CUST027,PROD003,20,₹ 9,5,₹ 171,Cash,Completed,0,Standard Sale
SALE0067,BUS001,2026-06-05,CUST033,PROD007,3,₹ 678,0,₹ 2034,Cash,Completed,0,Standard Sale
SALE0068,BUS001,2026-06-05,CUST040,PROD005,7,₹ 377,0,₹ 2639,UPI,Completed,0,Standard Sale
SALE0069,BUS001,2026-06-05,CUST025,PROD003,21,₹ 9,0,₹ 189,UPI,Completed,0,Standard Sale
SALE0070,BUS001,2026-06-05,CUST033,PROD008,6,₹ 13,0,₹ 78,Cash,Completed,0,Standard Sale
SALE0071,BUS001,2026-06-05,CUST037,PROD012,3,₹ 316,10,₹ 853,Cash,Completed,0,Standard Sale
SALE0072,BUS001,2026-06-05,CUST019,PROD005,8,₹ 377,0,₹ 3016,UPI,Completed,0,Standard Sale
SALE0073,BUS001,2026-06-05,CUST023,PROD001,6,₹ 162,0,₹ 972,Credit,Pending,₹ 972,Standard Sale
SALE0074,BUS001,2026-06-06,CUST039,PROD005,11,₹ 377,5,₹ 3939,Cash,Completed,0,Standard Sale
SALE0075,BUS001,2026-06-06,CUST024,PROD003,19,₹ 9,0,₹ 171,UPI,Completed,0,Standard Sale
SALE0076,BUS001,2026-06-06,CUST009,PROD001,4,₹ 162,0,₹ 648,Credit,Pending,₹ 648,Standard Sale
SALE0077,BUS001,2026-06-06,CUST037,PROD012,3,₹ 316,0,₹ 948,Cash,Completed,0,Standard Sale
SALE0078,BUS001,2026-06-06,CUST028,PROD005,13,₹ 377,0,₹ 4901,UPI,Completed,0,Standard Sale
SALE0079,BUS001,2026-06-06,CUST025,PROD008,5,₹ 13,0,₹ 65,Cash,Completed,0,Standard Sale
SALE0080,BUS001,2026-06-07,CUST033,PROD009,4,₹ 31,0,₹ 124,Cash,Completed,0,Standard Sale
SALE0081,BUS001,2026-06-07,CUST011,PROD002,1,₹ 95,10,₹ 85,Credit,Pending,₹ 85,Standard Sale
SALE0082,BUS001,2026-06-07,CUST011,PROD005,6,₹ 377,0,₹ 2262,UPI,Completed,0,Standard Sale
SALE0083,BUS001,2026-06-07,CUST040,PROD011,5,₹ 199,0,₹ 995,Cash,Completed,0,Standard Sale
SALE0084,BUS001,2026-06-07,CUST013,PROD001,4,₹ 162,5,₹ 615,Cash,Completed,0,Standard Sale
SALE0085,BUS001,2026-06-07,CUST018,PROD007,1,₹ 678,0,₹ 678,Cash,Completed,0,Standard Sale
SALE0086,BUS001,2026-06-07,CUST002,PROD002,4,₹ 95,5,₹ 361,Cash,Completed,0,Standard Sale
SALE0087,BUS001,2026-06-08,CUST028,PROD008,2,₹ 13,0,₹ 26,UPI,Completed,0,Standard Sale
SALE0088,BUS001,2026-06-08,CUST028,PROD001,4,₹ 162,0,₹ 648,Cash,Completed,0,Standard Sale
SALE0089,BUS001,2026-06-08,CUST004,PROD001,5,₹ 162,0,₹ 810,Cash,Completed,0,Standard Sale
SALE0090,BUS001,2026-06-08,CUST004,PROD003,17,₹ 9,0,₹ 153,Cash,Completed,0,Standard Sale
SALE0091,BUS001,2026-06-08,CUST031,PROD008,9,₹ 13,0,₹ 117,UPI,Completed,0,Standard Sale
SALE0092,BUS001,2026-06-08,CUST028,PROD004,6,₹ 61,0,₹ 366,UPI,Completed,0,Standard Sale
SALE0093,BUS001,2026-06-08,CUST015,PROD006,5,₹ 2106,0,₹ 10530,UPI,Completed,0,Standard Sale
SALE0094,BUS001,2026-06-08,CUST029,PROD001,4,₹ 162,0,₹ 648,Credit,Pending,₹ 648,Standard Sale
SALE0095,BUS001,2026-06-09,CUST026,PROD001,9,₹ 162,0,₹ 1458,Cash,Completed,0,Standard Sale
SALE0096,BUS001,2026-06-09,CUST033,PROD008,4,₹ 13,0,₹ 52,UPI,Completed,0,Standard Sale
SALE0097,BUS001,2026-06-09,CUST036,PROD005,10,₹ 377,10,₹ 3393,Cash,Completed,0,Standard Sale
SALE0098,BUS001,2026-06-09,CUST039,PROD009,4,₹ 31,0,₹ 124,Cash,Completed,0,Standard Sale
SALE0099,BUS001,2026-06-09,CUST040,PROD008,8,₹ 13,0,₹ 104,Cash,Completed,0,Standard Sale
SALE0100,BUS001,2026-06-09,CUST004,PROD010,3,₹ 440,0,₹ 1320,Cash,Completed,0,Standard Sale
SALE0101,BUS001,2026-06-09,CUST020,PROD006,2,₹ 2106,0,₹ 4212,Cash,Completed,0,Standard Sale
SALE0102,BUS001,2026-06-09,CUST017,PROD008,6,₹ 13,0,₹ 78,UPI,Completed,0,Standard Sale
SALE0103,BUS001,2026-06-09,CUST007,PROD002,4,₹ 95,10,₹ 342,UPI,Completed,0,Standard Sale
SALE0104,BUS001,2026-06-09,CUST008,PROD005,11,₹ 377,0,₹ 4147,Cash,Completed,0,Standard Sale
SALE0105,BUS001,2026-06-09,CUST030,PROD006,1,₹ 2106,0,₹ 2106,Cash,Completed,0,Standard Sale
SALE0106,BUS001,2026-06-09,CUST022,PROD009,4,₹ 31,0,₹ 124,UPI,Completed,0,Standard Sale
SALE0107,BUS001,2026-06-09,CUST006,PROD002,5,₹ 95,0,₹ 475,Credit,Pending,₹ 475,Standard Sale
SALE0108,BUS001,2026-06-10,CUST016,PROD002,2,₹ 95,0,₹ 190,Cash,Completed,0,Standard Sale
SALE0109,BUS001,2026-06-10,CUST007,PROD005,7,₹ 377,0,₹ 2639,Cash,Completed,0,Standard Sale
SALE0110,BUS001,2026-06-10,CUST006,PROD008,5,₹ 13,0,₹ 65,Cash,Completed,0,Standard Sale
SALE0111,BUS001,2026-06-10,CUST037,PROD004,5,₹ 61,0,₹ 305,Cash,Completed,0,Standard Sale
SALE0112,BUS001,2026-06-10,CUST022,PROD011,2,₹ 199,0,₹ 398,Cash,Completed,0,Standard Sale
SALE0113,BUS001,2026-06-10,CUST039,PROD003,45,₹ 9,0,₹ 405,Cash,Completed,0,Standard Sale
SALE0114,BUS001,2026-06-10,CUST039,PROD011,5,₹ 199,0,₹ 995,Cash,Completed,0,Standard Sale
SALE0115,BUS001,2026-06-10,CUST036,PROD004,5,₹ 61,0,₹ 305,UPI,Completed,0,Standard Sale
SALE0116,BUS001,2026-06-10,CUST010,PROD007,1,₹ 678,0,₹ 678,Cash,Completed,0,Standard Sale
SALE0117,BUS001,2026-06-10,CUST008,PROD008,9,₹ 13,0,₹ 117,UPI,Completed,0,Standard Sale
SALE0118,BUS001,2026-06-10,CUST011,PROD008,3,₹ 13,0,₹ 39,Cash,Completed,0,Standard Sale
SALE0119,BUS001,2026-06-10,CUST023,PROD004,10,₹ 61,0,₹ 610,Cash,Completed,0,Standard Sale
SALE0120,BUS001,2026-06-10,CUST034,PROD007,4,₹ 678,0,₹ 2712,Cash,Completed,0,Standard Sale
SALE0121,BUS001,2026-06-10,CUST039,PROD011,2,₹ 199,0,₹ 398,Cash,Completed,0,Standard Sale
SALE0122,BUS001,2026-06-10,CUST006,PROD001,10,₹ 162,0,₹ 1620,UPI,Completed,0,Standard Sale
SALE0123,BUS001,2026-06-10,CUST035,PROD008,10,₹ 13,0,₹ 130,UPI,Completed,0,Standard Sale
SALE0124,BUS001,2026-06-10,CUST008,PROD001,7,₹ 162,0,₹ 1134,Cash,Completed,0,Standard Sale
SALE0125,BUS001,2026-06-10,CUST039,PROD002,3,₹ 95,0,₹ 285,Cash,Completed,0,Standard Sale
SALE0126,BUS001,2026-06-10,CUST013,PROD007,5,₹ 678,0,₹ 3390,Cash,Completed,0,Standard Sale
SALE0127,BUS001,2026-06-11,CUST003,PROD005,7,₹ 377,0,₹ 2639,Cash,Completed,0,Standard Sale
SALE0128,BUS001,2026-06-11,CUST017,PROD003,12,₹ 9,0,₹ 108,Cash,Completed,0,Standard Sale
SALE0129,BUS001,2026-06-11,CUST017,PROD007,5,₹ 678,0,₹ 3390,Cash,Completed,0,Standard Sale
SALE0130,BUS001,2026-06-11,CUST021,PROD007,4,₹ 678,0,₹ 2712,Cash,Completed,0,Standard Sale
SALE0131,BUS001,2026-06-11,CUST040,PROD003,50,₹ 9,0,₹ 450,Cash,Completed,0,Standard Sale
SALE0132,BUS001,2026-06-11,CUST019,PROD012,5,₹ 316,0,₹ 1580,Cash,Completed,0,Standard Sale
SALE0133,BUS001,2026-06-11,CUST012,PROD001,2,₹ 162,0,₹ 324,Cash,Completed,0,Standard Sale
SALE0134,BUS001,2026-06-11,CUST030,PROD003,46,₹ 9,0,₹ 414,UPI,Completed,0,Standard Sale
SALE0135,BUS001,2026-06-11,CUST024,PROD010,4,₹ 440,0,₹ 1760,Cash,Completed,0,Standard Sale
SALE0136,BUS001,2026-06-11,CUST025,PROD011,5,₹ 199,0,₹ 995,Cash,Completed,0,Standard Sale
SALE0137,BUS001,2026-06-11,CUST004,PROD005,11,₹ 377,0,₹ 4147,Cash,Completed,0,Standard Sale
SALE0138,BUS001,2026-06-11,CUST038,PROD003,36,₹ 9,0,₹ 324,Cash,Completed,0,Standard Sale
SALE0139,BUS001,2026-06-11,CUST026,PROD012,5,₹ 316,0,₹ 1580,Cash,Completed,0,Standard Sale
SALE0140,BUS001,2026-06-12,CUST003,PROD010,4,₹ 440,0,₹ 1760,Credit,Pending,₹ 1760,Standard Sale
SALE0141,BUS001,2026-06-12,CUST022,PROD004,7,₹ 61,0,₹ 427,Cash,Completed,0,Standard Sale
SALE0142,BUS001,2026-06-12,CUST028,PROD003,34,₹ 9,10,₹ 275,Cash,Completed,0,Standard Sale
SALE0143,BUS001,2026-06-12,CUST019,PROD005,8,₹ 377,0,₹ 3016,UPI,Completed,0,Standard Sale
SALE0144,BUS001,2026-06-12,CUST007,PROD003,11,₹ 9,0,₹ 99,UPI,Completed,0,Standard Sale
SALE0145,BUS001,2026-06-12,CUST005,PROD011,4,₹ 199,0,₹ 796,Cash,Completed,0,Standard Sale
SALE0146,BUS001,2026-06-12,CUST005,PROD008,5,₹ 13,0,₹ 65,Cash,Completed,0,Standard Sale
SALE0147,BUS001,2026-06-12,CUST034,PROD010,5,₹ 440,5,₹ 2090,UPI,Completed,0,Standard Sale
SALE0148,BUS001,2026-06-12,CUST022,PROD001,3,₹ 162,10,₹ 437,Cash,Completed,0,Standard Sale
SALE0149,BUS001,2026-06-12,CUST038,PROD004,6,₹ 61,0,₹ 366,Cash,Completed,0,Standard Sale
SALE0150,BUS001,2026-06-12,CUST033,PROD006,3,₹ 2106,0,₹ 6318,UPI,Completed,0,Standard Sale
SALE0151,BUS001,2026-06-12,CUST027,PROD007,3,₹ 678,0,₹ 2034,UPI,Completed,0,Standard Sale
SALE0152,BUS001,2026-06-12,CUST002,PROD002,5,₹ 95,0,₹ 475,Cash,Completed,0,Standard Sale
SALE0153,BUS001,2026-06-12,CUST032,PROD008,8,₹ 13,5,₹ 98,Cash,Completed,0,Standard Sale
SALE0154,BUS001,2026-06-12,CUST029,PROD008,7,₹ 13,0,₹ 91,UPI,Completed,0,Standard Sale
SALE0155,BUS001,2026-06-12,CUST029,PROD007,1,₹ 678,0,₹ 678,UPI,Completed,0,Standard Sale
SALE0156,BUS001,2026-06-12,CUST032,PROD003,40,₹ 9,0,₹ 360,Cash,Completed,0,Standard Sale
SALE0157,BUS001,2026-06-12,CUST022,PROD002,1,₹ 95,0,₹ 95,Credit,Pending,₹ 95,Standard Sale
SALE0158,BUS001,2026-06-12,CUST013,PROD006,4,₹ 2106,10,₹ 7581,Cash,Completed,0,Standard Sale
SALE0159,BUS001,2026-06-12,CUST027,PROD003,21,₹ 9,0,₹ 189,Cash,Completed,0,Standard Sale
SALE0160,BUS001,2026-06-13,CUST035,PROD005,9,₹ 377,0,₹ 3393,UPI,Completed,0,Standard Sale
SALE0161,BUS001,2026-06-13,CUST020,PROD005,5,₹ 377,0,₹ 1885,Cash,Completed,0,Standard Sale
SALE0162,BUS001,2026-06-13,CUST015,PROD005,8,₹ 377,10,₹ 2714,Credit,Pending,₹ 2714,Standard Sale
SALE0163,BUS001,2026-06-13,CUST002,PROD011,5,₹ 199,0,₹ 995,UPI,Completed,0,Standard Sale
SALE0164,BUS001,2026-06-13,CUST039,PROD011,3,₹ 199,0,₹ 597,UPI,Completed,0,Standard Sale
SALE0165,BUS001,2026-06-13,CUST003,PROD003,31,₹ 9,0,₹ 279,UPI,Completed,0,Standard Sale
SALE0166,BUS001,2026-06-13,CUST016,PROD012,1,₹ 316,0,₹ 316,Cash,Completed,0,Standard Sale
SALE0167,BUS001,2026-06-13,CUST040,PROD002,1,₹ 95,0,₹ 95,Cash,Completed,0,Standard Sale
SALE0168,BUS001,2026-06-13,CUST027,PROD009,4,₹ 31,5,₹ 117,Cash,Completed,0,Standard Sale
SALE0169,BUS001,2026-06-13,CUST038,PROD009,2,₹ 31,0,₹ 62,Cash,Completed,0,Standard Sale
SALE0170,BUS001,2026-06-13,CUST039,PROD001,2,₹ 162,0,₹ 324,Cash,Completed,0,Standard Sale
SALE0171,BUS001,2026-06-13,CUST023,PROD001,9,₹ 162,0,₹ 1458,UPI,Completed,0,Standard Sale
SALE0172,BUS001,2026-06-13,CUST015,PROD011,5,₹ 199,0,₹ 995,UPI,Completed,0,Standard Sale
SALE0173,BUS001,2026-06-13,CUST026,PROD004,3,₹ 61,0,₹ 183,Cash,Completed,0,Standard Sale
SALE0174,BUS001,2026-06-14,CUST028,PROD004,8,₹ 61,0,₹ 488,UPI,Completed,0,Standard Sale
SALE0175,BUS001,2026-06-14,CUST004,PROD008,4,₹ 13,0,₹ 52,Cash,Completed,0,Standard Sale
SALE0176,BUS001,2026-06-14,CUST035,PROD009,1,₹ 31,0,₹ 31,Cash,Completed,0,Standard Sale
SALE0177,BUS001,2026-06-14,CUST013,PROD008,2,₹ 13,0,₹ 26,Cash,Completed,0,Standard Sale
SALE0178,BUS001,2026-06-14,CUST007,PROD001,5,₹ 162,0,₹ 810,UPI,Completed,0,Standard Sale
SALE0179,BUS001,2026-06-14,CUST005,PROD003,40,₹ 9,0,₹ 360,Cash,Completed,0,Standard Sale
SALE0180,BUS001,2026-06-14,CUST003,PROD003,35,₹ 9,0,₹ 315,UPI,Completed,0,Standard Sale
SALE0181,BUS001,2026-06-14,CUST025,PROD008,4,₹ 13,0,₹ 52,Credit,Pending,₹ 52,Standard Sale
SALE0182,BUS001,2026-06-14,CUST015,PROD003,10,₹ 9,10,₹ 81,Cash,Completed,0,Standard Sale
SALE0183,BUS001,2026-06-14,CUST021,PROD004,7,₹ 61,0,₹ 427,Cash,Completed,0,Standard Sale
SALE0184,BUS001,2026-06-14,CUST013,PROD011,3,₹ 199,0,₹ 597,Cash,Completed,0,Standard Sale
SALE0185,BUS001,2026-06-14,CUST017,PROD010,2,₹ 440,0,₹ 880,Credit,Pending,₹ 880,Standard Sale
SALE0186,BUS001,2026-06-14,CUST012,PROD008,8,₹ 13,10,₹ 93,UPI,Completed,0,Standard Sale
SALE0187,BUS001,2026-06-14,CUST004,PROD006,4,₹ 2106,5,₹ 8002,Cash,Completed,0,Standard Sale
SALE0188,BUS001,2026-06-14,CUST002,PROD001,4,₹ 162,10,₹ 583,Cash,Completed,0,Standard Sale
SALE0189,BUS001,2026-06-14,CUST004,PROD008,10,₹ 13,0,₹ 130,UPI,Completed,0,Standard Sale
SALE0190,BUS001,2026-06-14,CUST028,PROD008,5,₹ 13,0,₹ 65,Cash,Completed,0,Standard Sale
SALE0191,BUS001,2026-06-14,CUST021,PROD008,7,₹ 13,0,₹ 91,UPI,Completed,0,Standard Sale
SALE0192,BUS001,2026-06-15,CUST038,PROD005,7,₹ 377,0,₹ 2639,UPI,Completed,0,Standard Sale
SALE0193,BUS001,2026-06-15,CUST022,PROD004,10,₹ 61,0,₹ 610,Cash,Completed,0,Standard Sale
SALE0194,BUS001,2026-06-15,CUST008,PROD005,12,₹ 377,0,₹ 4524,Cash,Completed,0,Standard Sale
SALE0195,BUS001,2026-06-15,CUST040,PROD004,10,₹ 61,0,₹ 610,Cash,Completed,0,Standard Sale
SALE0196,BUS001,2026-06-15,CUST034,PROD007,4,₹ 678,10,₹ 2440,Cash,Completed,0,Standard Sale
SALE0197,BUS001,2026-06-15,CUST030,PROD009,1,₹ 31,5,₹ 29,Credit,Pending,₹ 29,Standard Sale
SALE0198,BUS001,2026-06-15,CUST025,PROD003,43,₹ 9,0,₹ 387,UPI,Completed,0,Standard Sale
SALE0199,BUS001,2026-06-15,CUST009,PROD006,1,₹ 2106,0,₹ 2106,Credit,Pending,₹ 2106,Standard Sale
SALE0200,BUS001,2026-06-15,CUST019,PROD006,3,₹ 2106,0,₹ 6318,UPI,Completed,0,Standard Sale
SALE0201,BUS001,2026-06-15,CUST005,PROD006,4,₹ 2106,0,₹ 8424,Cash,Completed,0,Standard Sale
SALE0202,BUS001,2026-06-15,CUST006,PROD007,3,₹ 678,0,₹ 2034,UPI,Completed,0,Standard Sale
SALE0203,BUS001,2026-06-15,CUST035,PROD004,10,₹ 61,5,₹ 579,Cash,Completed,0,Standard Sale
SALE0204,BUS001,2026-06-16,CUST014,PROD008,8,₹ 13,0,₹ 104,Cash,Completed,0,Standard Sale
SALE0205,BUS001,2026-06-16,CUST033,PROD003,23,₹ 9,0,₹ 207,UPI,Completed,0,Standard Sale
SALE0206,BUS001,2026-06-16,CUST024,PROD001,8,₹ 162,0,₹ 1296,Cash,Completed,0,Standard Sale
SALE0207,BUS001,2026-06-16,CUST029,PROD009,5,₹ 31,0,₹ 155,Cash,Completed,0,Standard Sale
SALE0208,BUS001,2026-06-16,CUST016,PROD001,3,₹ 162,0,₹ 486,Cash,Completed,0,Standard Sale
SALE0209,BUS001,2026-06-16,CUST005,PROD001,3,₹ 162,0,₹ 486,Cash,Completed,0,Standard Sale
SALE0210,BUS001,2026-06-16,CUST035,PROD007,3,₹ 678,0,₹ 2034,Credit,Pending,₹ 2034,Standard Sale
SALE0211,BUS001,2026-06-16,CUST034,PROD006,4,₹ 2106,0,₹ 8424,Cash,Completed,0,Standard Sale
SALE0212,BUS001,2026-06-16,CUST020,PROD003,48,₹ 9,0,₹ 432,Cash,Completed,0,Standard Sale
SALE0213,BUS001,2026-06-16,CUST019,PROD001,6,₹ 162,5,₹ 923,Cash,Completed,0,Standard Sale
SALE0214,BUS001,2026-06-16,CUST027,PROD002,2,₹ 95,0,₹ 190,UPI,Completed,0,Standard Sale
SALE0215,BUS001,2026-06-16,CUST023,PROD001,8,₹ 162,5,₹ 1231,Cash,Completed,0,Standard Sale
SALE0216,BUS001,2026-06-16,CUST036,PROD002,1,₹ 95,0,₹ 95,Cash,Completed,0,Standard Sale
SALE0217,BUS001,2026-06-16,CUST027,PROD002,2,₹ 95,0,₹ 190,Cash,Completed,0,Standard Sale
SALE0218,BUS001,2026-06-16,CUST035,PROD005,8,₹ 377,10,₹ 2714,Cash,Completed,0,Standard Sale
SALE0219,BUS001,2026-06-16,CUST001,PROD008,9,₹ 13,0,₹ 117,Cash,Completed,0,Standard Sale
SALE0220,BUS001,2026-06-16,CUST001,PROD002,4,₹ 95,10,₹ 342,Credit,Pending,₹ 342,Standard Sale
SALE0221,BUS001,2026-06-16,CUST031,PROD007,1,₹ 678,0,₹ 678,Cash,Completed,0,Standard Sale
SALE0222,BUS001,2026-06-16,CUST018,PROD009,1,₹ 31,5,₹ 29,UPI,Completed,0,Standard Sale
SALE0223,BUS001,2026-06-16,CUST028,PROD011,4,₹ 199,0,₹ 796,Credit,Pending,₹ 796,Standard Sale
SALE0224,BUS001,2026-06-17,CUST020,PROD006,5,₹ 2106,10,₹ 9477,UPI,Completed,0,Standard Sale
SALE0225,BUS001,2026-06-17,CUST010,PROD009,1,₹ 31,0,₹ 31,Credit,Pending,₹ 31,Standard Sale
SALE0226,BUS001,2026-06-17,CUST005,PROD004,9,₹ 61,0,₹ 549,Cash,Completed,0,Standard Sale
SALE0227,BUS001,2026-06-17,CUST002,PROD005,4,₹ 377,0,₹ 1508,UPI,Completed,0,Standard Sale
SALE0228,BUS001,2026-06-17,CUST015,PROD007,3,₹ 678,0,₹ 2034,Credit,Pending,₹ 2034,Standard Sale
SALE0229,BUS001,2026-06-17,CUST023,PROD012,4,₹ 316,0,₹ 1264,Cash,Completed,0,Standard Sale
SALE0230,BUS001,2026-06-17,CUST006,PROD003,31,₹ 9,10,₹ 251,Cash,Completed,0,Standard Sale
SALE0231,BUS001,2026-06-17,CUST023,PROD008,6,₹ 13,10,₹ 70,Cash,Completed,0,Standard Sale
SALE0232,BUS001,2026-06-17,CUST016,PROD003,37,₹ 9,5,₹ 316,UPI,Completed,0,Standard Sale
SALE0233,BUS001,2026-06-17,CUST010,PROD002,2,₹ 95,10,₹ 171,UPI,Completed,0,Standard Sale
SALE0234,BUS001,2026-06-17,CUST035,PROD004,8,₹ 61,0,₹ 488,Cash,Completed,0,Standard Sale
SALE0235,BUS001,2026-06-17,CUST005,PROD005,8,₹ 377,0,₹ 3016,Credit,Pending,₹ 3016,Standard Sale
SALE0236,BUS001,2026-06-17,CUST003,PROD003,14,₹ 9,5,₹ 119,UPI,Completed,0,Standard Sale
SALE0237,BUS001,2026-06-17,CUST025,PROD008,3,₹ 13,10,₹ 35,Cash,Completed,0,Standard Sale
SALE0238,BUS001,2026-06-18,CUST002,PROD006,3,₹ 2106,0,₹ 6318,Cash,Completed,0,Standard Sale
SALE0239,BUS001,2026-06-18,CUST024,PROD007,1,₹ 678,0,₹ 678,UPI,Completed,0,Standard Sale
SALE0240,BUS001,2026-06-18,CUST014,PROD006,1,₹ 2106,0,₹ 2106,UPI,Completed,0,Standard Sale
SALE0241,BUS001,2026-06-18,CUST006,PROD004,7,₹ 61,5,₹ 405,Cash,Completed,0,Standard Sale
SALE0242,BUS001,2026-06-18,CUST028,PROD005,6,₹ 377,0,₹ 2262,Cash,Completed,0,Standard Sale
SALE0243,BUS001,2026-06-18,CUST025,PROD009,2,₹ 31,10,₹ 55,UPI,Completed,0,Standard Sale
SALE0244,BUS001,2026-06-18,CUST008,PROD005,3,₹ 377,0,₹ 1131,Cash,Completed,0,Standard Sale
SALE0245,BUS001,2026-06-18,CUST009,PROD002,4,₹ 95,0,₹ 380,Cash,Completed,0,Standard Sale
SALE0246,BUS001,2026-06-18,CUST009,PROD003,35,₹ 9,0,₹ 315,Cash,Completed,0,Standard Sale
SALE0247,BUS001,2026-06-18,CUST017,PROD005,3,₹ 377,0,₹ 1131,Cash,Completed,0,Standard Sale
SALE0248,BUS001,2026-06-18,CUST012,PROD004,6,₹ 61,0,₹ 366,Cash,Completed,0,Standard Sale
SALE0249,BUS001,2026-06-18,CUST031,PROD004,8,₹ 61,0,₹ 488,Cash,Completed,0,Standard Sale
SALE0250,BUS001,2026-06-18,CUST022,PROD010,3,₹ 440,0,₹ 1320,UPI,Completed,0,Standard Sale
SALE0251,BUS001,2026-06-18,CUST040,PROD001,10,₹ 162,0,₹ 1620,Cash,Completed,0,Standard Sale
SALE0252,BUS001,2026-06-18,CUST014,PROD003,14,₹ 9,0,₹ 126,UPI,Completed,0,Standard Sale
SALE0253,BUS001,2026-06-18,CUST006,PROD003,32,₹ 9,0,₹ 288,Cash,Completed,0,Standard Sale
SALE0254,BUS001,2026-06-19,CUST015,PROD010,3,₹ 440,10,₹ 1188,UPI,Completed,0,Standard Sale
SALE0255,BUS001,2026-06-19,CUST027,PROD001,2,₹ 162,5,₹ 307,UPI,Completed,0,Standard Sale
SALE0256,BUS001,2026-06-19,CUST020,PROD005,3,₹ 377,5,₹ 1074,Cash,Completed,0,Standard Sale
SALE0257,BUS001,2026-06-19,CUST016,PROD008,9,₹ 13,0,₹ 117,Cash,Completed,0,Standard Sale
SALE0258,BUS001,2026-06-19,CUST007,PROD004,5,₹ 61,0,₹ 305,UPI,Completed,0,Standard Sale
SALE0259,BUS001,2026-06-19,CUST010,PROD009,5,₹ 31,0,₹ 155,Cash,Completed,0,Standard Sale
SALE0260,BUS001,2026-06-19,CUST032,PROD005,8,₹ 377,10,₹ 2714,Cash,Completed,0,Standard Sale
SALE0261,BUS001,2026-06-19,CUST001,PROD010,5,₹ 440,5,₹ 2090,Credit,Pending,₹ 2090,Standard Sale
SALE0262,BUS001,2026-06-19,CUST026,PROD001,10,₹ 162,5,₹ 1539,Cash,Completed,0,Standard Sale
SALE0263,BUS001,2026-06-19,CUST016,PROD003,15,₹ 9,0,₹ 135,Cash,Completed,0,Standard Sale
SALE0264,BUS001,2026-06-19,CUST004,PROD003,33,₹ 9,5,₹ 282,Cash,Completed,0,Standard Sale
SALE0265,BUS001,2026-06-19,CUST037,PROD006,3,₹ 2106,0,₹ 6318,Credit,Pending,₹ 6318,Standard Sale
SALE0266,BUS001,2026-06-19,CUST015,PROD005,15,₹ 377,0,₹ 5655,Cash,Completed,0,Standard Sale
SALE0267,BUS001,2026-06-19,CUST037,PROD011,1,₹ 199,5,₹ 189,UPI,Completed,0,Standard Sale
SALE0268,BUS001,2026-06-19,CUST022,PROD005,13,₹ 377,0,₹ 4901,UPI,Completed,0,Standard Sale
SALE0269,BUS001,2026-06-19,CUST020,PROD008,10,₹ 13,0,₹ 130,Cash,Completed,0,Standard Sale
SALE0270,BUS001,2026-06-20,CUST020,PROD001,3,₹ 162,0,₹ 486,Cash,Completed,0,Standard Sale
SALE0271,BUS001,2026-06-20,CUST023,PROD005,6,₹ 377,5,₹ 2148,Cash,Completed,0,Standard Sale
SALE0272,BUS001,2026-06-20,CUST014,PROD001,3,₹ 162,0,₹ 486,Credit,Pending,₹ 486,Standard Sale
SALE0273,BUS001,2026-06-20,CUST028,PROD003,22,₹ 9,0,₹ 198,UPI,Completed,0,Standard Sale
SALE0274,BUS001,2026-06-20,CUST028,PROD005,7,₹ 377,0,₹ 2639,Cash,Completed,0,Standard Sale
SALE0275,BUS001,2026-06-20,CUST030,PROD001,2,₹ 162,0,₹ 324,UPI,Completed,0,Standard Sale
SALE0276,BUS001,2026-06-20,CUST013,PROD005,10,₹ 377,0,₹ 3770,UPI,Completed,0,Standard Sale
SALE0277,BUS001,2026-06-20,CUST022,PROD008,4,₹ 13,0,₹ 52,Cash,Completed,0,Standard Sale
SALE0278,BUS001,2026-06-20,CUST010,PROD008,4,₹ 13,0,₹ 52,Credit,Pending,₹ 52,Standard Sale
SALE0279,BUS001,2026-06-20,CUST037,PROD005,12,₹ 377,0,₹ 4524,Cash,Completed,0,Standard Sale
SALE0280,BUS001,2026-06-20,CUST002,PROD011,1,₹ 199,0,₹ 199,UPI,Completed,0,Standard Sale
SALE0281,BUS001,2026-06-21,CUST017,PROD002,2,₹ 95,0,₹ 190,UPI,Completed,0,Standard Sale
SALE0282,BUS001,2026-06-21,CUST009,PROD005,7,₹ 377,0,₹ 2639,UPI,Completed,0,Standard Sale
SALE0283,BUS001,2026-06-21,CUST007,PROD004,9,₹ 61,0,₹ 549,UPI,Completed,0,Standard Sale
SALE0284,BUS001,2026-06-21,CUST002,PROD003,33,₹ 9,0,₹ 297,UPI,Completed,0,Standard Sale
SALE0285,BUS001,2026-06-21,CUST037,PROD001,3,₹ 162,0,₹ 486,Cash,Completed,0,Standard Sale
SALE0286,BUS001,2026-06-21,CUST012,PROD006,5,₹ 2106,0,₹ 10530,Cash,Completed,0,Standard Sale
SALE0287,BUS001,2026-06-21,CUST035,PROD005,3,₹ 377,5,₹ 1074,UPI,Completed,0,Standard Sale
SALE0288,BUS001,2026-06-21,CUST030,PROD001,2,₹ 162,5,₹ 307,Cash,Completed,0,Standard Sale
SALE0289,BUS001,2026-06-21,CUST040,PROD002,4,₹ 95,0,₹ 380,Cash,Completed,0,Standard Sale
SALE0290,BUS001,2026-06-21,CUST031,PROD008,4,₹ 13,0,₹ 52,UPI,Completed,0,Standard Sale
SALE0291,BUS001,2026-06-21,CUST034,PROD008,3,₹ 13,10,₹ 35,UPI,Completed,0,Standard Sale
SALE0292,BUS001,2026-06-21,CUST040,PROD001,9,₹ 162,0,₹ 1458,UPI,Completed,0,Standard Sale
SALE0293,BUS001,2026-06-21,CUST001,PROD007,4,₹ 678,10,₹ 2440,Cash,Completed,0,Standard Sale
SALE0294,BUS001,2026-06-21,CUST018,PROD008,9,₹ 13,0,₹ 117,Cash,Completed,0,Standard Sale
SALE0295,BUS001,2026-06-21,CUST017,PROD008,6,₹ 13,0,₹ 78,Cash,Completed,0,Standard Sale
SALE0296,BUS001,2026-06-21,CUST007,PROD001,2,₹ 162,0,₹ 324,Cash,Completed,0,Standard Sale
SALE0297,BUS001,2026-06-21,CUST005,PROD004,6,₹ 61,0,₹ 366,Cash,Completed,0,Standard Sale
SALE0298,BUS001,2026-06-22,CUST026,PROD008,6,₹ 13,0,₹ 78,UPI,Completed,0,Standard Sale
SALE0299,BUS001,2026-06-22,CUST003,PROD006,1,₹ 2106,10,₹ 1895,Cash,Completed,0,Standard Sale
SALE0300,BUS001,2026-06-22,CUST015,PROD008,4,₹ 13,0,₹ 52,Cash,Completed,0,Standard Sale
SALE0301,BUS001,2026-06-22,CUST035,PROD011,2,₹ 199,0,₹ 398,Cash,Completed,0,Standard Sale
SALE0302,BUS001,2026-06-22,CUST007,PROD009,2,₹ 31,0,₹ 62,Cash,Completed,0,Standard Sale
SALE0303,BUS001,2026-06-22,CUST023,PROD006,1,₹ 2106,0,₹ 2106,Cash,Completed,0,Standard Sale
SALE0304,BUS001,2026-06-22,CUST007,PROD008,6,₹ 13,5,₹ 74,Cash,Completed,0,Standard Sale
SALE0305,BUS001,2026-06-22,CUST033,PROD002,5,₹ 95,0,₹ 475,Cash,Completed,0,Standard Sale
SALE0306,BUS001,2026-06-22,CUST005,PROD008,9,₹ 13,0,₹ 117,Cash,Completed,0,Standard Sale
SALE0307,BUS001,2026-06-23,CUST010,PROD006,2,₹ 2106,0,₹ 4212,UPI,Completed,0,Standard Sale
SALE0308,BUS001,2026-06-23,CUST007,PROD003,16,₹ 9,0,₹ 144,UPI,Completed,0,Standard Sale
SALE0309,BUS001,2026-06-23,CUST010,PROD009,5,₹ 31,0,₹ 155,UPI,Completed,0,Standard Sale
SALE0310,BUS001,2026-06-23,CUST012,PROD004,10,₹ 61,10,₹ 549,UPI,Completed,0,Standard Sale
SALE0311,BUS001,2026-06-23,CUST024,PROD004,5,₹ 61,0,₹ 305,Cash,Completed,0,Standard Sale
SALE0312,BUS001,2026-06-23,CUST021,PROD008,5,₹ 13,0,₹ 65,UPI,Completed,0,Standard Sale
SALE0313,BUS001,2026-06-23,CUST003,PROD008,5,₹ 13,0,₹ 65,Cash,Completed,0,Standard Sale
SALE0314,BUS001,2026-06-23,CUST027,PROD004,4,₹ 61,0,₹ 244,Credit,Pending,₹ 244,Standard Sale
SALE0315,BUS001,2026-06-23,CUST001,PROD005,4,₹ 377,0,₹ 1508,UPI,Completed,0,Standard Sale
SALE0316,BUS001,2026-06-23,CUST002,PROD001,2,₹ 162,5,₹ 307,Cash,Completed,0,Standard Sale
SALE0317,BUS001,2026-06-23,CUST007,PROD005,9,₹ 377,0,₹ 3393,Cash,Completed,0,Standard Sale
SALE0318,BUS001,2026-06-23,CUST004,PROD001,5,₹ 162,0,₹ 810,UPI,Completed,0,Standard Sale
SALE0319,BUS001,2026-06-23,CUST018,PROD004,8,₹ 61,0,₹ 488,Cash,Completed,0,Standard Sale
SALE0320,BUS001,2026-06-23,CUST003,PROD005,10,₹ 377,0,₹ 3770,Cash,Completed,0,Standard Sale
SALE0321,BUS001,2026-06-24,CUST036,PROD005,9,₹ 377,0,₹ 3393,UPI,Completed,0,Standard Sale
SALE0322,BUS001,2026-06-24,CUST033,PROD006,4,₹ 2106,0,₹ 8424,Cash,Completed,0,Standard Sale
SALE0323,BUS001,2026-06-24,CUST017,PROD005,7,₹ 377,10,₹ 2375,Cash,Completed,0,Standard Sale
SALE0324,BUS001,2026-06-24,CUST022,PROD005,4,₹ 377,0,₹ 1508,UPI,Completed,0,Standard Sale
SALE0325,BUS001,2026-06-24,CUST007,PROD001,8,₹ 162,0,₹ 1296,UPI,Completed,0,Standard Sale
SALE0326,BUS001,2026-06-24,CUST006,PROD004,2,₹ 61,0,₹ 122,Credit,Pending,₹ 122,Standard Sale
SALE0327,BUS001,2026-06-24,CUST007,PROD012,1,₹ 316,10,₹ 284,UPI,Completed,0,Standard Sale
SALE0328,BUS001,2026-06-24,CUST033,PROD001,10,₹ 162,0,₹ 1620,Credit,Pending,₹ 1620,Standard Sale
SALE0329,BUS001,2026-06-24,CUST033,PROD008,3,₹ 13,0,₹ 39,UPI,Completed,0,Standard Sale
SALE0330,BUS001,2026-06-24,CUST031,PROD008,4,₹ 13,5,₹ 49,Cash,Completed,0,Standard Sale
SALE0331,BUS001,2026-06-24,CUST024,PROD011,5,₹ 199,0,₹ 995,Cash,Completed,0,Standard Sale
SALE0332,BUS001,2026-06-24,CUST035,PROD006,3,₹ 2106,0,₹ 6318,Credit,Pending,₹ 6318,Standard Sale
SALE0333,BUS001,2026-06-24,CUST004,PROD008,9,₹ 13,0,₹ 117,Cash,Completed,0,Standard Sale
SALE0334,BUS001,2026-06-24,CUST040,PROD001,8,₹ 162,0,₹ 1296,Credit,Pending,₹ 1296,Standard Sale
SALE0335,BUS001,2026-06-24,CUST021,PROD004,7,₹ 61,0,₹ 427,UPI,Completed,0,Standard Sale
SALE0336,BUS001,2026-06-24,CUST006,PROD006,4,₹ 2106,0,₹ 8424,UPI,Completed,0,Standard Sale
SALE0337,BUS001,2026-06-24,CUST020,PROD004,10,₹ 61,0,₹ 610,Cash,Completed,0,Standard Sale
SALE0338,BUS001,2026-06-24,CUST003,PROD002,3,₹ 95,0,₹ 285,Cash,Completed,0,Standard Sale
SALE0339,BUS001,2026-06-24,CUST038,PROD007,1,₹ 678,5,₹ 644,Cash,Completed,0,Standard Sale
SALE0340,BUS001,2026-06-24,CUST032,PROD008,5,₹ 13,0,₹ 65,UPI,Completed,0,Standard Sale
SALE0341,BUS001,2026-06-25,CUST036,PROD004,3,₹ 61,0,₹ 183,Cash,Completed,0,Standard Sale
SALE0342,BUS001,2026-06-25,CUST017,PROD001,5,₹ 162,10,₹ 729,Cash,Completed,0,Standard Sale
SALE0343,BUS001,2026-06-25,CUST024,PROD006,1,₹ 2106,0,₹ 2106,UPI,Completed,0,Standard Sale
SALE0344,BUS001,2026-06-25,CUST012,PROD010,4,₹ 440,10,₹ 1584,Cash,Completed,0,Standard Sale
SALE0345,BUS001,2026-06-25,CUST033,PROD008,2,₹ 13,0,₹ 26,Cash,Completed,0,Standard Sale
SALE0346,BUS001,2026-06-25,CUST017,PROD004,5,₹ 61,0,₹ 305,UPI,Completed,0,Standard Sale
SALE0347,BUS001,2026-06-25,CUST022,PROD006,4,₹ 2106,0,₹ 8424,Credit,Pending,₹ 8424,Standard Sale
SALE0348,BUS001,2026-06-25,CUST032,PROD006,4,₹ 2106,0,₹ 8424,Cash,Completed,0,Standard Sale
SALE0349,BUS001,2026-06-25,CUST003,PROD010,3,₹ 440,0,₹ 1320,UPI,Completed,0,Standard Sale
SALE0350,BUS001,2026-06-25,CUST020,PROD005,7,₹ 377,10,₹ 2375,UPI,Completed,0,Standard Sale
SALE0351,BUS001,2026-06-25,CUST015,PROD002,4,₹ 95,0,₹ 380,UPI,Completed,0,Standard Sale
SALE0352,BUS001,2026-06-25,CUST021,PROD010,2,₹ 440,0,₹ 880,Cash,Completed,0,Standard Sale
SALE0353,BUS001,2026-06-25,CUST022,PROD007,1,₹ 678,0,₹ 678,Cash,Completed,0,Standard Sale
SALE0354,BUS001,2026-06-25,CUST034,PROD010,2,₹ 440,10,₹ 792,Cash,Completed,0,Standard Sale
SALE0355,BUS001,2026-06-25,CUST017,PROD005,9,₹ 377,0,₹ 3393,UPI,Completed,0,Standard Sale
SALE0356,BUS001,2026-06-25,CUST003,PROD005,4,₹ 377,0,₹ 1508,UPI,Completed,0,Standard Sale
SALE0357,BUS001,2026-06-25,CUST020,PROD003,50,₹ 9,0,₹ 450,UPI,Completed,0,Standard Sale
SALE0358,BUS001,2026-06-25,CUST002,PROD012,2,₹ 316,0,₹ 632,Cash,Completed,0,Standard Sale
SALE0359,BUS001,2026-06-25,CUST028,PROD006,5,₹ 2106,10,₹ 9477,Cash,Completed,0,Standard Sale
SALE0360,BUS001,2026-06-25,CUST018,PROD008,2,₹ 13,0,₹ 26,Cash,Completed,0,Standard Sale
SALE0361,BUS001,2026-06-25,CUST017,PROD005,3,₹ 377,0,₹ 1131,UPI,Completed,0,Standard Sale
SALE0362,BUS001,2026-06-25,CUST002,PROD009,5,₹ 31,0,₹ 155,Cash,Completed,0,Standard Sale
SALE0363,BUS001,2026-06-26,CUST028,PROD003,38,₹ 9,5,₹ 324,Cash,Completed,0,Standard Sale
SALE0364,BUS001,2026-06-26,CUST009,PROD005,15,₹ 377,0,₹ 5655,Cash,Completed,0,Standard Sale
SALE0365,BUS001,2026-06-26,CUST034,PROD004,5,₹ 61,0,₹ 305,UPI,Completed,0,Standard Sale
SALE0366,BUS001,2026-06-26,CUST011,PROD008,9,₹ 13,0,₹ 117,Credit,Pending,₹ 117,Standard Sale
SALE0367,BUS001,2026-06-26,CUST024,PROD005,8,₹ 377,10,₹ 2714,Cash,Completed,0,Standard Sale
SALE0368,BUS001,2026-06-26,CUST003,PROD012,2,₹ 316,0,₹ 632,Credit,Pending,₹ 632,Standard Sale
SALE0369,BUS001,2026-06-26,CUST036,PROD004,10,₹ 61,0,₹ 610,UPI,Completed,0,Standard Sale
SALE0370,BUS001,2026-06-26,CUST021,PROD009,3,₹ 31,0,₹ 93,Cash,Completed,0,Standard Sale
SALE0371,BUS001,2026-06-26,CUST008,PROD008,8,₹ 13,0,₹ 104,UPI,Completed,0,Standard Sale
SALE0372,BUS001,2026-06-26,CUST016,PROD002,2,₹ 95,0,₹ 190,Cash,Completed,0,Standard Sale
SALE0373,BUS001,2026-06-26,CUST019,PROD008,2,₹ 13,0,₹ 26,Cash,Completed,0,Standard Sale
SALE0374,BUS001,2026-06-26,CUST019,PROD007,4,₹ 678,0,₹ 2712,UPI,Completed,0,Standard Sale
SALE0375,BUS001,2026-06-27,CUST002,PROD008,4,₹ 13,0,₹ 52,Cash,Completed,0,Standard Sale
SALE0376,BUS001,2026-06-27,CUST031,PROD003,10,₹ 9,10,₹ 81,UPI,Completed,0,Standard Sale
SALE0377,BUS001,2026-06-27,CUST014,PROD009,3,₹ 31,0,₹ 93,UPI,Completed,0,Standard Sale
SALE0378,BUS001,2026-06-27,CUST005,PROD009,4,₹ 31,5,₹ 117,Cash,Completed,0,Standard Sale
SALE0379,BUS001,2026-06-27,CUST011,PROD008,4,₹ 13,0,₹ 52,Credit,Pending,₹ 52,Standard Sale
SALE0380,BUS001,2026-06-27,CUST004,PROD002,3,₹ 95,0,₹ 285,UPI,Completed,0,Standard Sale
SALE0381,BUS001,2026-06-27,CUST005,PROD005,7,₹ 377,0,₹ 2639,UPI,Completed,0,Standard Sale
SALE0382,BUS001,2026-06-27,CUST010,PROD007,4,₹ 678,10,₹ 2440,UPI,Completed,0,Standard Sale
SALE0383,BUS001,2026-06-27,CUST026,PROD006,2,₹ 2106,0,₹ 4212,Cash,Completed,0,Standard Sale
SALE0384,BUS001,2026-06-27,CUST006,PROD008,10,₹ 13,5,₹ 123,Cash,Completed,0,Standard Sale
SALE0385,BUS001,2026-06-28,CUST037,PROD003,18,₹ 9,0,₹ 162,Cash,Completed,0,Standard Sale
SALE0386,BUS001,2026-06-28,CUST009,PROD005,13,₹ 377,0,₹ 4901,UPI,Completed,0,Standard Sale
SALE0387,BUS001,2026-06-28,CUST029,PROD007,5,₹ 678,0,₹ 3390,UPI,Completed,0,Standard Sale
SALE0388,BUS001,2026-06-28,CUST028,PROD009,3,₹ 31,0,₹ 93,Cash,Completed,0,Standard Sale
SALE0389,BUS001,2026-06-28,CUST019,PROD001,5,₹ 162,0,₹ 810,UPI,Completed,0,Standard Sale
SALE0390,BUS001,2026-06-28,CUST020,PROD005,5,₹ 377,0,₹ 1885,UPI,Completed,0,Standard Sale
SALE0391,BUS001,2026-06-28,CUST015,PROD007,3,₹ 678,0,₹ 2034,Credit,Pending,₹ 2034,Standard Sale
SALE0392,BUS001,2026-06-28,CUST024,PROD010,5,₹ 440,10,₹ 1980,UPI,Completed,0,Standard Sale
SALE0393,BUS001,2026-06-28,CUST001,PROD008,2,₹ 13,0,₹ 26,Cash,Completed,0,Standard Sale
SALE0394,BUS001,2026-06-28,CUST021,PROD001,5,₹ 162,0,₹ 810,UPI,Completed,0,Standard Sale
SALE0395,BUS001,2026-06-28,CUST025,PROD004,9,₹ 61,0,₹ 549,Cash,Completed,0,Standard Sale
SALE0396,BUS001,2026-06-29,CUST003,PROD003,32,₹ 9,0,₹ 288,Cash,Completed,0,Standard Sale
SALE0397,BUS001,2026-06-29,CUST037,PROD007,1,₹ 678,10,₹ 610,Cash,Completed,0,Standard Sale
SALE0398,BUS001,2026-06-29,CUST011,PROD004,10,₹ 61,0,₹ 610,Cash,Completed,0,Standard Sale
SALE0399,BUS001,2026-06-29,CUST002,PROD008,7,₹ 13,0,₹ 91,Cash,Completed,0,Standard Sale
SALE0400,BUS001,2026-06-29,CUST025,PROD009,5,₹ 31,0,₹ 155,Cash,Completed,0,Standard Sale
SALE0401,BUS001,2026-06-29,CUST001,PROD001,10,₹ 162,5,₹ 1539,Cash,Completed,0,Standard Sale
SALE0402,BUS001,2026-06-29,CUST021,PROD001,6,₹ 162,0,₹ 972,Credit,Pending,₹ 972,Standard Sale
SALE0403,BUS001,2026-06-29,CUST021,PROD011,5,₹ 199,0,₹ 995,Cash,Completed,0,Standard Sale
SALE0404,BUS001,2026-06-29,CUST006,PROD004,8,₹ 61,0,₹ 488,Cash,Completed,0,Standard Sale
SALE0405,BUS001,2026-06-29,CUST024,PROD001,8,₹ 162,0,₹ 1296,UPI,Completed,0,Standard Sale
SALE0406,BUS001,2026-06-29,CUST027,PROD005,11,₹ 377,0,₹ 4147,Cash,Completed,0,Standard Sale
SALE0407,BUS001,2026-06-29,CUST002,PROD008,5,₹ 13,0,₹ 65,UPI,Completed,0,Standard Sale
SALE0408,BUS001,2026-06-29,CUST040,PROD008,4,₹ 13,0,₹ 52,Cash,Completed,0,Standard Sale
SALE0409,BUS001,2026-06-29,CUST031,PROD001,10,₹ 162,0,₹ 1620,UPI,Completed,0,Standard Sale
SALE0410,BUS001,2026-06-30,CUST021,PROD006,2,₹ 2106,0,₹ 4212,UPI,Completed,0,Standard Sale
SALE0411,BUS001,2026-06-30,CUST023,PROD004,3,₹ 61,0,₹ 183,UPI,Completed,0,Standard Sale
SALE0412,BUS001,2026-06-30,CUST008,PROD003,39,₹ 9,0,₹ 351,UPI,Completed,0,Standard Sale
SALE0413,BUS001,2026-06-30,CUST009,PROD005,8,₹ 377,0,₹ 3016,Cash,Completed,0,Standard Sale
SALE0414,BUS001,2026-06-30,CUST002,PROD007,3,₹ 678,0,₹ 2034,Cash,Completed,0,Standard Sale
SALE0415,BUS001,2026-06-30,CUST022,PROD001,6,₹ 162,0,₹ 972,UPI,Completed,0,Standard Sale
SALE0416,BUS001,2026-06-30,CUST037,PROD002,2,₹ 95,5,₹ 180,Cash,Completed,0,Standard Sale
SALE0417,BUS001,2026-06-30,CUST004,PROD001,3,₹ 162,0,₹ 486,Cash,Completed,0,Standard Sale
SALE0418,BUS001,2026-06-30,CUST038,PROD004,10,₹ 61,0,₹ 610,Cash,Completed,0,Standard Sale
SALE0419,BUS001,2026-06-30,CUST034,PROD007,2,₹ 678,0,₹ 1356,Cash,Completed,0,Standard Sale
SALE0420,BUS001,2026-06-30,CUST030,PROD009,1,₹ 31,10,₹ 27,UPI,Completed,0,Standard Sale
SALE0421,BUS001,2026-06-30,CUST021,PROD008,3,₹ 13,0,₹ 39,Cash,Completed,0,Standard Sale
SALE0422,BUS001,2026-06-30,CUST039,PROD008,6,₹ 13,0,₹ 78,Cash,Completed,0,Standard Sale
SALE0423,BUS001,2026-06-30,CUST024,PROD002,5,₹ 95,0,₹ 475,Cash,Completed,0,Standard Sale
SALE0424,BUS001,2026-06-30,CUST011,PROD007,5,₹ 678,0,₹ 3390,Credit,Pending,₹ 3390,Standard Sale
SALE0425,BUS001,2026-06-30,CUST013,PROD005,4,₹ 377,0,₹ 1508,UPI,Completed,0,Standard Sale
SALE0426,BUS001,2026-06-30,CUST014,PROD008,2,₹ 13,0,₹ 26,Cash,Completed,0,Standard Sale
SALE0427,BUS001,2026-06-30,CUST015,PROD010,2,₹ 440,0,₹ 880,Cash,Completed,0,Standard Sale
SALE0428,BUS001,2026-07-01,CUST039,PROD009,5,₹ 31,0,₹ 155,UPI,Completed,0,Standard Sale
SALE0429,BUS001,2026-07-01,CUST008,PROD003,39,₹ 9,0,₹ 351,Cash,Completed,0,Standard Sale
SALE0430,BUS001,2026-07-01,CUST011,PROD004,5,₹ 61,0,₹ 305,Cash,Completed,0,Standard Sale
SALE0431,BUS001,2026-07-01,CUST001,PROD004,9,₹ 61,0,₹ 549,Cash,Completed,0,Standard Sale
SALE0432,BUS001,2026-07-01,CUST034,PROD001,4,₹ 162,0,₹ 648,UPI,Completed,0,Standard Sale
SALE0433,BUS001,2026-07-01,CUST034,PROD010,2,₹ 440,5,₹ 836,UPI,Completed,0,Standard Sale
SALE0434,BUS001,2026-07-01,CUST028,PROD003,24,₹ 9,0,₹ 216,UPI,Completed,0,Standard Sale
SALE0435,BUS001,2026-07-01,CUST012,PROD003,40,₹ 9,0,₹ 360,Cash,Completed,0,Standard Sale
SALE0436,BUS001,2026-07-01,CUST026,PROD004,9,₹ 61,10,₹ 494,Cash,Completed,0,Standard Sale
SALE0437,BUS001,2026-07-01,CUST028,PROD009,5,₹ 31,0,₹ 155,Cash,Completed,0,Standard Sale
SALE0438,BUS001,2026-07-01,CUST040,PROD001,8,₹ 162,0,₹ 1296,Cash,Completed,0,Standard Sale
SALE0439,BUS001,2026-07-01,CUST021,PROD008,4,₹ 13,0,₹ 52,Credit,Pending,₹ 52,Standard Sale
SALE0440,BUS001,2026-07-01,CUST023,PROD005,4,₹ 377,0,₹ 1508,Cash,Completed,0,Standard Sale
SALE0441,BUS001,2026-07-01,CUST023,PROD009,3,₹ 31,0,₹ 93,UPI,Completed,0,Standard Sale
SALE0442,BUS001,2026-07-01,CUST022,PROD004,2,₹ 61,0,₹ 122,UPI,Completed,0,Standard Sale
SALE0443,BUS001,2026-07-01,CUST011,PROD012,3,₹ 316,10,₹ 853,Cash,Completed,0,Standard Sale
SALE0444,BUS001,2026-07-01,CUST035,PROD005,6,₹ 377,0,₹ 2262,Cash,Completed,0,Standard Sale
SALE0445,BUS001,2026-07-02,CUST020,PROD001,8,₹ 162,10,₹ 1166,Cash,Completed,0,Standard Sale
SALE0446,BUS001,2026-07-02,CUST031,PROD010,5,₹ 440,0,₹ 2200,Cash,Completed,0,Standard Sale
SALE0447,BUS001,2026-07-02,CUST035,PROD012,5,₹ 316,0,₹ 1580,Cash,Completed,0,Standard Sale
SALE0448,BUS001,2026-07-02,CUST024,PROD010,5,₹ 440,0,₹ 2200,Credit,Pending,₹ 2200,Standard Sale
SALE0449,BUS001,2026-07-02,CUST016,PROD005,10,₹ 377,10,₹ 3393,Credit,Pending,₹ 3393,Standard Sale
SALE0450,BUS001,2026-07-02,CUST029,PROD003,20,₹ 9,0,₹ 180,UPI,Completed,0,Standard Sale
SALE0451,BUS001,2026-07-02,CUST023,PROD001,8,₹ 162,0,₹ 1296,UPI,Completed,0,Standard Sale
SALE0452,BUS001,2026-07-02,CUST003,PROD003,43,₹ 9,0,₹ 387,Cash,Completed,0,Standard Sale
SALE0453,BUS001,2026-07-02,CUST014,PROD002,1,₹ 95,10,₹ 85,UPI,Completed,0,Standard Sale
SALE0454,BUS001,2026-07-02,CUST013,PROD002,5,₹ 95,0,₹ 475,UPI,Completed,0,Standard Sale
SALE0455,BUS001,2026-07-02,CUST036,PROD009,5,₹ 31,10,₹ 139,UPI,Completed,0,Standard Sale
SALE0456,BUS001,2026-07-02,CUST017,PROD001,3,₹ 162,5,₹ 461,UPI,Completed,0,Standard Sale
SALE0457,BUS001,2026-07-02,CUST003,PROD008,10,₹ 13,0,₹ 130,UPI,Completed,0,Standard Sale
SALE0458,BUS001,2026-07-02,CUST002,PROD007,2,₹ 678,0,₹ 1356,Cash,Completed,0,Standard Sale
SALE0459,BUS001,2026-07-02,CUST010,PROD001,9,₹ 162,0,₹ 1458,Cash,Completed,0,Standard Sale
SALE0460,BUS001,2026-07-02,CUST001,PROD005,5,₹ 377,0,₹ 1885,Cash,Completed,0,Standard Sale
SALE0461,BUS001,2026-07-02,CUST026,PROD005,13,₹ 377,0,₹ 4901,UPI,Completed,0,Standard Sale
SALE0462,BUS001,2026-07-02,CUST013,PROD008,8,₹ 13,0,₹ 104,UPI,Completed,0,Standard Sale
SALE0463,BUS001,2026-07-02,CUST033,PROD003,38,₹ 9,0,₹ 342,UPI,Completed,0,Standard Sale
SALE0464,BUS001,2026-07-03,CUST027,PROD009,2,₹ 31,0,₹ 62,UPI,Completed,0,Standard Sale
SALE0465,BUS001,2026-07-03,CUST019,PROD005,12,₹ 377,5,₹ 4297,Cash,Completed,0,Standard Sale
SALE0466,BUS001,2026-07-03,CUST001,PROD009,2,₹ 31,0,₹ 62,Cash,Completed,0,Standard Sale
SALE0467,BUS001,2026-07-03,CUST015,PROD008,8,₹ 13,0,₹ 104,Cash,Completed,0,Standard Sale
SALE0468,BUS001,2026-07-03,CUST034,PROD009,1,₹ 31,0,₹ 31,Cash,Completed,0,Standard Sale
SALE0469,BUS001,2026-07-03,CUST003,PROD006,3,₹ 2106,0,₹ 6318,Cash,Completed,0,Standard Sale
SALE0470,BUS001,2026-07-03,CUST026,PROD007,4,₹ 678,0,₹ 2712,Cash,Completed,0,Standard Sale
SALE0471,BUS001,2026-07-03,CUST020,PROD003,18,₹ 9,0,₹ 162,Cash,Completed,0,Standard Sale
SALE0472,BUS001,2026-07-03,CUST002,PROD008,3,₹ 13,0,₹ 39,UPI,Completed,0,Standard Sale
SALE0473,BUS001,2026-07-03,CUST010,PROD012,4,₹ 316,5,₹ 1200,Cash,Completed,0,Standard Sale
SALE0474,BUS001,2026-07-03,CUST001,PROD001,6,₹ 162,10,₹ 874,Cash,Completed,0,Standard Sale
SALE0475,BUS001,2026-07-03,CUST015,PROD001,9,₹ 162,0,₹ 1458,Cash,Completed,0,Standard Sale
SALE0476,BUS001,2026-07-03,CUST030,PROD003,39,₹ 9,0,₹ 351,Cash,Completed,0,Standard Sale
SALE0477,BUS001,2026-07-03,CUST007,PROD009,5,₹ 31,10,₹ 139,Cash,Completed,0,Standard Sale
SALE0478,BUS001,2026-07-04,CUST028,PROD009,5,₹ 31,5,₹ 147,Cash,Completed,0,Standard Sale
SALE0479,BUS001,2026-07-04,CUST037,PROD004,8,₹ 61,0,₹ 488,Cash,Completed,0,Standard Sale
SALE0480,BUS001,2026-07-04,CUST028,PROD002,4,₹ 95,0,₹ 380,UPI,Completed,0,Standard Sale
SALE0481,BUS001,2026-07-04,CUST032,PROD009,5,₹ 31,5,₹ 147,Cash,Completed,0,Standard Sale
SALE0482,BUS001,2026-07-04,CUST037,PROD005,15,₹ 377,0,₹ 5655,UPI,Completed,0,Standard Sale
SALE0483,BUS001,2026-07-04,CUST038,PROD008,8,₹ 13,0,₹ 104,UPI,Completed,0,Standard Sale
SALE0484,BUS001,2026-07-04,CUST013,PROD002,1,₹ 95,0,₹ 95,Cash,Completed,0,Standard Sale
SALE0485,BUS001,2026-07-04,CUST007,PROD003,49,₹ 9,0,₹ 441,UPI,Completed,0,Standard Sale
SALE0486,BUS001,2026-07-04,CUST030,PROD007,4,₹ 678,0,₹ 2712,UPI,Completed,0,Standard Sale
SALE0487,BUS001,2026-07-04,CUST030,PROD010,3,₹ 440,0,₹ 1320,Cash,Completed,0,Standard Sale
SALE0488,BUS001,2026-07-04,CUST026,PROD008,9,₹ 13,5,₹ 111,Credit,Pending,₹ 111,Standard Sale
SALE0489,BUS001,2026-07-05,CUST033,PROD003,39,₹ 9,5,₹ 333,UPI,Completed,0,Standard Sale
SALE0490,BUS001,2026-07-05,CUST003,PROD003,38,₹ 9,0,₹ 342,Cash,Completed,0,Standard Sale
SALE0491,BUS001,2026-07-05,CUST033,PROD001,8,₹ 162,10,₹ 1166,UPI,Completed,0,Standard Sale
SALE0492,BUS001,2026-07-05,CUST026,PROD008,6,₹ 13,0,₹ 78,UPI,Completed,0,Standard Sale
SALE0493,BUS001,2026-07-05,CUST040,PROD012,1,₹ 316,0,₹ 316,Cash,Completed,0,Standard Sale
SALE0494,BUS001,2026-07-05,CUST013,PROD001,3,₹ 162,0,₹ 486,Cash,Completed,0,Standard Sale
SALE0495,BUS001,2026-07-05,CUST020,PROD001,6,₹ 162,0,₹ 972,Cash,Completed,0,Standard Sale
SALE0496,BUS001,2026-07-05,CUST027,PROD001,5,₹ 162,5,₹ 769,Cash,Completed,0,Standard Sale
SALE0497,BUS001,2026-07-05,CUST007,PROD001,8,₹ 162,0,₹ 1296,Cash,Completed,0,Standard Sale
SALE0498,BUS001,2026-07-05,CUST038,PROD003,11,₹ 9,0,₹ 99,Cash,Completed,0,Standard Sale
SALE0499,BUS001,2026-07-05,CUST027,PROD005,13,₹ 377,0,₹ 4901,UPI,Completed,0,Standard Sale
SALE0500,BUS001,2026-07-05,CUST013,PROD005,12,₹ 377,0,₹ 4524,Cash,Completed,0,Standard Sale
SALE0501,BUS001,2026-07-05,CUST020,PROD001,4,₹ 162,0,₹ 648,Cash,Completed,0,Standard Sale
SALE0502,BUS001,2026-07-05,CUST035,PROD002,4,₹ 95,0,₹ 380,Credit,Pending,₹ 380,Standard Sale
SALE0503,BUS001,2026-07-06,CUST007,PROD003,11,₹ 9,10,₹ 89,Cash,Completed,0,Standard Sale
SALE0504,BUS001,2026-07-06,CUST004,PROD006,3,₹ 2106,5,₹ 6002,UPI,Completed,0,Standard Sale
SALE0505,BUS001,2026-07-06,CUST018,PROD005,6,₹ 377,0,₹ 2262,Credit,Pending,₹ 2262,Standard Sale
SALE0506,BUS001,2026-07-06,CUST013,PROD009,3,₹ 31,0,₹ 93,Cash,Completed,0,Standard Sale
SALE0507,BUS001,2026-07-06,CUST027,PROD007,4,₹ 678,0,₹ 2712,UPI,Completed,0,Standard Sale
SALE0508,BUS001,2026-07-06,CUST005,PROD003,38,₹ 9,0,₹ 342,Cash,Completed,0,Standard Sale
SALE0509,BUS001,2026-07-06,CUST013,PROD009,5,₹ 31,0,₹ 155,UPI,Completed,0,Standard Sale
SALE0510,BUS001,2026-07-06,CUST001,PROD012,2,₹ 316,0,₹ 632,Cash,Completed,0,Standard Sale
SALE0511,BUS001,2026-07-06,CUST003,PROD001,10,₹ 162,0,₹ 1620,Cash,Completed,0,Standard Sale
SALE0512,BUS001,2026-07-06,CUST002,PROD003,36,₹ 9,0,₹ 324,Credit,Pending,₹ 324,Standard Sale
SALE0513,BUS001,2026-07-06,CUST029,PROD008,9,₹ 13,0,₹ 117,UPI,Completed,0,Standard Sale
SALE0514,BUS001,2026-07-07,CUST014,PROD004,9,₹ 61,5,₹ 521,Cash,Completed,0,Standard Sale
SALE0515,BUS001,2026-07-07,CUST029,PROD003,26,₹ 9,0,₹ 234,Cash,Completed,0,Standard Sale
SALE0516,BUS001,2026-07-07,CUST012,PROD008,2,₹ 13,0,₹ 26,Cash,Completed,0,Standard Sale
SALE0517,BUS001,2026-07-07,CUST023,PROD006,3,₹ 2106,0,₹ 6318,Cash,Completed,0,Standard Sale
SALE0518,BUS001,2026-07-07,CUST027,PROD004,4,₹ 61,0,₹ 244,Cash,Completed,0,Standard Sale
SALE0519,BUS001,2026-07-07,CUST026,PROD011,4,₹ 199,10,₹ 716,Cash,Completed,0,Standard Sale
SALE0520,BUS001,2026-07-07,CUST029,PROD001,2,₹ 162,0,₹ 324,UPI,Completed,0,Standard Sale
SALE0521,BUS001,2026-07-07,CUST005,PROD004,10,₹ 61,5,₹ 579,UPI,Completed,0,Standard Sale
SALE0522,BUS001,2026-07-07,CUST023,PROD001,2,₹ 162,0,₹ 324,Cash,Completed,0,Standard Sale
SALE0523,BUS001,2026-07-07,CUST001,PROD003,31,₹ 9,0,₹ 279,UPI,Completed,0,Standard Sale
SALE0524,BUS001,2026-07-08,CUST006,PROD008,9,₹ 13,0,₹ 117,Credit,Pending,₹ 117,Standard Sale
SALE0525,BUS001,2026-07-08,CUST022,PROD004,4,₹ 61,0,₹ 244,UPI,Completed,0,Standard Sale
SALE0526,BUS001,2026-07-08,CUST012,PROD004,6,₹ 61,0,₹ 366,Cash,Completed,0,Standard Sale
SALE0527,BUS001,2026-07-08,CUST008,PROD012,2,₹ 316,5,₹ 600,Cash,Completed,0,Standard Sale
SALE0528,BUS001,2026-07-08,CUST018,PROD001,10,₹ 162,0,₹ 1620,UPI,Completed,0,Standard Sale
SALE0529,BUS001,2026-07-08,CUST005,PROD001,5,₹ 162,0,₹ 810,UPI,Completed,0,Standard Sale
SALE0530,BUS001,2026-07-08,CUST017,PROD004,10,₹ 61,0,₹ 610,UPI,Completed,0,Standard Sale
SALE0531,BUS001,2026-07-08,CUST002,PROD008,8,₹ 13,0,₹ 104,UPI,Completed,0,Standard Sale
SALE0532,BUS001,2026-07-08,CUST033,PROD001,6,₹ 162,0,₹ 972,Cash,Completed,0,Standard Sale
SALE0533,BUS001,2026-07-08,CUST024,PROD003,48,₹ 9,0,₹ 432,Cash,Completed,0,Standard Sale
SALE0534,BUS001,2026-07-08,CUST022,PROD004,6,₹ 61,0,₹ 366,UPI,Completed,0,Standard Sale
SALE0535,BUS001,2026-07-08,CUST013,PROD004,4,₹ 61,0,₹ 244,Credit,Pending,₹ 244,Standard Sale
SALE0536,BUS001,2026-07-08,CUST027,PROD001,7,₹ 162,0,₹ 1134,Cash,Completed,0,Standard Sale
SALE0537,BUS001,2026-07-09,CUST020,PROD008,10,₹ 13,5,₹ 123,Cash,Completed,0,Standard Sale
SALE0538,BUS001,2026-07-09,CUST037,PROD008,8,₹ 13,10,₹ 93,Cash,Completed,0,Standard Sale
SALE0539,BUS001,2026-07-09,CUST017,PROD004,10,₹ 61,0,₹ 610,UPI,Completed,0,Standard Sale
SALE0540,BUS001,2026-07-09,CUST008,PROD006,3,₹ 2106,0,₹ 6318,Cash,Completed,0,Standard Sale
SALE0541,BUS001,2026-07-09,CUST031,PROD008,4,₹ 13,0,₹ 52,UPI,Completed,0,Standard Sale
SALE0542,BUS001,2026-07-09,CUST036,PROD003,44,₹ 9,0,₹ 396,UPI,Completed,0,Standard Sale
SALE0543,BUS001,2026-07-09,CUST006,PROD004,6,₹ 61,10,₹ 329,UPI,Completed,0,Standard Sale
SALE0544,BUS001,2026-07-09,CUST022,PROD001,5,₹ 162,0,₹ 810,UPI,Completed,0,Standard Sale
SALE0545,BUS001,2026-07-09,CUST036,PROD005,14,₹ 377,0,₹ 5278,UPI,Completed,0,Standard Sale
SALE0546,BUS001,2026-07-09,CUST012,PROD008,7,₹ 13,10,₹ 81,Cash,Completed,0,Standard Sale
SALE0547,BUS001,2026-07-09,CUST031,PROD008,6,₹ 13,0,₹ 78,Cash,Completed,0,Standard Sale
SALE0548,BUS001,2026-07-09,CUST001,PROD009,4,₹ 31,0,₹ 124,UPI,Completed,0,Standard Sale
SALE0549,BUS001,2026-07-09,CUST002,PROD009,1,₹ 31,0,₹ 31,UPI,Completed,0,Standard Sale
SALE0550,BUS001,2026-07-09,CUST012,PROD011,1,₹ 199,0,₹ 199,Cash,Completed,0,Standard Sale
SALE0551,BUS001,2026-07-09,CUST024,PROD001,5,₹ 162,0,₹ 810,Cash,Completed,0,Standard Sale
SALE0552,BUS001,2026-07-09,CUST024,PROD005,3,₹ 377,0,₹ 1131,Credit,Pending,₹ 1131,Standard Sale
SALE0553,BUS001,2026-07-09,CUST024,PROD003,30,₹ 9,5,₹ 256,Cash,Completed,0,Standard Sale
SALE0554,BUS001,2026-07-10,CUST029,PROD006,3,₹ 2106,0,₹ 6318,UPI,Completed,0,Standard Sale
SALE0555,BUS001,2026-07-10,CUST028,PROD003,32,₹ 9,5,₹ 273,UPI,Completed,0,Standard Sale
SALE0556,BUS001,2026-07-10,CUST032,PROD001,9,₹ 162,0,₹ 1458,Cash,Completed,0,Standard Sale
SALE0557,BUS001,2026-07-10,CUST003,PROD012,3,₹ 316,5,₹ 900,Cash,Completed,0,Standard Sale
SALE0558,BUS001,2026-07-10,CUST032,PROD009,3,₹ 31,0,₹ 93,UPI,Completed,0,Standard Sale
SALE0559,BUS001,2026-07-10,CUST037,PROD004,2,₹ 61,0,₹ 122,Cash,Completed,0,Standard Sale
SALE0560,BUS001,2026-07-10,CUST027,PROD011,3,₹ 199,0,₹ 597,UPI,Completed,0,Standard Sale
SALE0561,BUS001,2026-07-10,CUST026,PROD008,8,₹ 13,0,₹ 104,Cash,Completed,0,Standard Sale
SALE0562,BUS001,2026-07-10,CUST001,PROD005,14,₹ 377,0,₹ 5278,Cash,Completed,0,Standard Sale
SALE0563,BUS001,2026-07-10,CUST014,PROD005,6,₹ 377,0,₹ 2262,Cash,Completed,0,Standard Sale
SALE0564,BUS001,2026-07-10,CUST035,PROD002,1,₹ 95,0,₹ 95,Cash,Completed,0,Standard Sale
SALE0565,BUS001,2026-07-11,CUST034,PROD003,45,₹ 9,10,₹ 364,Cash,Completed,0,Standard Sale
SALE0566,BUS001,2026-07-11,CUST033,PROD008,9,₹ 13,0,₹ 117,Cash,Completed,0,Standard Sale
SALE0567,BUS001,2026-07-11,CUST005,PROD006,1,₹ 2106,0,₹ 2106,Cash,Completed,0,Standard Sale
SALE0568,BUS001,2026-07-11,CUST032,PROD012,2,₹ 316,0,₹ 632,Cash,Completed,0,Standard Sale
SALE0569,BUS001,2026-07-11,CUST032,PROD007,1,₹ 678,0,₹ 678,Cash,Completed,0,Standard Sale
SALE0570,BUS001,2026-07-11,CUST021,PROD002,2,₹ 95,0,₹ 190,UPI,Completed,0,Standard Sale
SALE0571,BUS001,2026-07-11,CUST011,PROD001,3,₹ 162,0,₹ 486,Cash,Completed,0,Standard Sale
SALE0572,BUS001,2026-07-11,CUST002,PROD003,32,₹ 9,0,₹ 288,UPI,Completed,0,Standard Sale
SALE0573,BUS001,2026-07-11,CUST022,PROD006,2,₹ 2106,0,₹ 4212,Cash,Completed,0,Standard Sale
SALE0574,BUS001,2026-07-11,CUST036,PROD007,3,₹ 678,0,₹ 2034,UPI,Completed,0,Standard Sale
SALE0575,BUS001,2026-07-11,CUST010,PROD005,15,₹ 377,10,₹ 5089,Cash,Completed,0,Standard Sale
SALE0576,BUS001,2026-07-11,CUST013,PROD008,8,₹ 13,0,₹ 104,Credit,Pending,₹ 104,Standard Sale
SALE0577,BUS001,2026-07-11,CUST002,PROD004,2,₹ 61,0,₹ 122,Cash,Completed,0,Standard Sale
SALE0578,BUS001,2026-07-12,CUST032,PROD004,9,₹ 61,0,₹ 549,UPI,Completed,0,Standard Sale
SALE0579,BUS001,2026-07-12,CUST007,PROD003,24,₹ 9,0,₹ 216,UPI,Completed,0,Standard Sale
SALE0580,BUS001,2026-07-12,CUST009,PROD008,5,₹ 13,0,₹ 65,Cash,Completed,0,Standard Sale
SALE0581,BUS001,2026-07-12,CUST002,PROD008,5,₹ 13,10,₹ 58,UPI,Completed,0,Standard Sale
SALE0582,BUS001,2026-07-12,CUST018,PROD006,2,₹ 2106,0,₹ 4212,Cash,Completed,0,Standard Sale
SALE0583,BUS001,2026-07-12,CUST036,PROD005,12,₹ 377,0,₹ 4524,Cash,Completed,0,Standard Sale
SALE0584,BUS001,2026-07-12,CUST024,PROD008,6,₹ 13,0,₹ 78,Cash,Completed,0,Standard Sale
SALE0585,BUS001,2026-07-12,CUST011,PROD009,1,₹ 31,0,₹ 31,UPI,Completed,0,Standard Sale
SALE0586,BUS001,2026-07-12,CUST013,PROD008,7,₹ 13,0,₹ 91,Cash,Completed,0,Standard Sale
SALE0587,BUS001,2026-07-12,CUST033,PROD008,3,₹ 13,0,₹ 39,Credit,Pending,₹ 39,Standard Sale
SALE0588,BUS001,2026-07-12,CUST027,PROD001,5,₹ 162,10,₹ 729,Credit,Pending,₹ 729,Standard Sale
SALE0589,BUS001,2026-07-12,CUST009,PROD004,10,₹ 61,10,₹ 549,Cash,Completed,0,Standard Sale
SALE0590,BUS001,2026-07-12,CUST020,PROD004,6,₹ 61,0,₹ 366,UPI,Completed,0,Standard Sale
SALE0591,BUS001,2026-07-13,CUST015,PROD002,3,₹ 95,5,₹ 270,Credit,Pending,₹ 270,Standard Sale
SALE0592,BUS001,2026-07-13,CUST015,PROD011,3,₹ 199,0,₹ 597,Cash,Completed,0,Standard Sale
SALE0593,BUS001,2026-07-13,CUST017,PROD003,20,₹ 9,0,₹ 180,UPI,Completed,0,Standard Sale
SALE0594,BUS001,2026-07-13,CUST001,PROD003,50,₹ 9,0,₹ 450,Cash,Completed,0,Standard Sale
SALE0595,BUS001,2026-07-13,CUST007,PROD007,5,₹ 678,10,₹ 3051,Credit,Pending,₹ 3051,Standard Sale
SALE0596,BUS001,2026-07-13,CUST022,PROD002,2,₹ 95,0,₹ 190,Cash,Completed,0,Standard Sale
SALE0597,BUS001,2026-07-13,CUST032,PROD005,13,₹ 377,0,₹ 4901,UPI,Completed,0,Standard Sale
SALE0598,BUS001,2026-07-13,CUST039,PROD001,7,₹ 162,0,₹ 1134,Credit,Pending,₹ 1134,Standard Sale
SALE0599,BUS001,2026-07-13,CUST032,PROD005,12,₹ 377,0,₹ 4524,UPI,Completed,0,Standard Sale
SALE0600,BUS001,2026-07-13,CUST025,PROD005,4,₹ 377,5,₹ 1432,Credit,Pending,₹ 1432,Standard Sale
SALE0601,BUS001,2026-07-13,CUST006,PROD008,7,₹ 13,0,₹ 91,Credit,Pending,₹ 91,Standard Sale
SALE0602,BUS001,2026-07-13,CUST009,PROD009,2,₹ 31,0,₹ 62,Credit,Pending,₹ 62,Standard Sale
SALE0603,BUS001,2026-07-14,CUST035,PROD004,7,₹ 61,0,₹ 427,Cash,Completed,0,Standard Sale
SALE0604,BUS001,2026-07-14,CUST030,PROD011,3,₹ 199,0,₹ 597,Cash,Completed,0,Standard Sale
SALE0605,BUS001,2026-07-14,CUST030,PROD001,6,₹ 162,5,₹ 923,UPI,Completed,0,Standard Sale
SALE0606,BUS001,2026-07-14,CUST002,PROD004,6,₹ 61,0,₹ 366,Cash,Completed,0,Standard Sale
SALE0607,BUS001,2026-07-14,CUST035,PROD008,2,₹ 13,5,₹ 24,Cash,Completed,0,Standard Sale
SALE0608,BUS001,2026-07-14,CUST006,PROD003,17,₹ 9,0,₹ 153,Cash,Completed,0,Standard Sale
SALE0609,BUS001,2026-07-14,CUST018,PROD005,15,₹ 377,0,₹ 5655,Cash,Completed,0,Standard Sale
SALE0610,BUS001,2026-07-14,CUST031,PROD005,10,₹ 377,0,₹ 3770,UPI,Completed,0,Standard Sale
SALE0611,BUS001,2026-07-14,CUST010,PROD005,5,₹ 377,0,₹ 1885,Cash,Completed,0,Standard Sale
SALE0612,BUS001,2026-07-14,CUST017,PROD005,15,₹ 377,10,₹ 5089,Cash,Completed,0,Standard Sale
SALE0613,BUS001,2026-07-14,CUST016,PROD002,3,₹ 95,0,₹ 285,Cash,Completed,0,Standard Sale
SALE0614,BUS001,2026-07-15,CUST019,PROD006,1,₹ 2106,0,₹ 2106,Cash,Completed,0,Standard Sale
SALE0615,BUS001,2026-07-15,CUST023,PROD009,4,₹ 31,5,₹ 117,Cash,Completed,0,Standard Sale
SALE0616,BUS001,2026-07-15,CUST036,PROD010,3,₹ 440,0,₹ 1320,UPI,Completed,0,Standard Sale
SALE0617,BUS001,2026-07-15,CUST021,PROD012,5,₹ 316,0,₹ 1580,Cash,Completed,0,Standard Sale
SALE0618,BUS001,2026-07-15,CUST021,PROD004,7,₹ 61,0,₹ 427,Cash,Completed,0,Standard Sale
SALE0619,BUS001,2026-07-15,CUST003,PROD005,11,₹ 377,10,₹ 3732,Cash,Completed,0,Standard Sale
SALE0620,BUS001,2026-07-15,CUST032,PROD005,15,₹ 377,0,₹ 5655,Cash,Completed,0,Standard Sale
SALE0621,BUS001,2026-07-15,CUST016,PROD004,6,₹ 61,0,₹ 366,UPI,Completed,0,Standard Sale
SALE0622,BUS001,2026-07-15,CUST025,PROD007,4,₹ 678,5,₹ 2576,Cash,Completed,0,Standard Sale
SALE0623,BUS001,2026-07-15,CUST022,PROD008,10,₹ 13,0,₹ 130,Cash,Completed,0,Standard Sale
SALE0624,BUS001,2026-07-15,CUST027,PROD002,3,₹ 95,0,₹ 285,Cash,Completed,0,Standard Sale
SALE0625,BUS001,2026-07-15,CUST040,PROD005,3,₹ 377,0,₹ 1131,UPI,Completed,0,Standard Sale
SALE0626,BUS001,2026-07-15,CUST033,PROD002,3,₹ 95,10,₹ 256,UPI,Completed,0,Standard Sale
SALE0627,BUS001,2026-07-15,CUST040,PROD009,1,₹ 31,0,₹ 31,Cash,Completed,0,Standard Sale
SALE0628,BUS001,2026-07-16,CUST025,PROD006,2,₹ 2106,0,₹ 4212,Cash,Completed,0,Standard Sale
SALE0629,BUS001,2026-07-16,CUST034,PROD008,10,₹ 13,0,₹ 130,Cash,Completed,0,Standard Sale
SALE0630,BUS001,2026-07-16,CUST023,PROD006,2,₹ 2106,0,₹ 4212,UPI,Completed,0,Standard Sale
SALE0631,BUS001,2026-07-16,CUST015,PROD004,4,₹ 61,0,₹ 244,Cash,Completed,0,Standard Sale
SALE0632,BUS001,2026-07-16,CUST022,PROD008,9,₹ 13,0,₹ 117,UPI,Completed,0,Standard Sale
SALE0633,BUS001,2026-07-16,CUST025,PROD001,4,₹ 162,0,₹ 648,Cash,Completed,0,Standard Sale
SALE0634,BUS001,2026-07-16,CUST002,PROD002,1,₹ 95,0,₹ 95,Cash,Completed,0,Standard Sale
SALE0635,BUS001,2026-07-16,CUST018,PROD001,4,₹ 162,0,₹ 648,UPI,Completed,0,Standard Sale
SALE0636,BUS001,2026-07-16,CUST009,PROD002,5,₹ 95,10,₹ 427,Cash,Completed,0,Standard Sale
SALE0637,BUS001,2026-07-16,CUST006,PROD004,10,₹ 61,0,₹ 610,UPI,Completed,0,Standard Sale
SALE0638,BUS001,2026-07-16,CUST009,PROD008,3,₹ 13,0,₹ 39,UPI,Completed,0,Standard Sale
SALE0639,BUS001,2026-07-16,CUST021,PROD010,5,₹ 440,0,₹ 2200,UPI,Completed,0,Standard Sale
SALE0640,BUS001,2026-07-16,CUST023,PROD003,24,₹ 9,0,₹ 216,Cash,Completed,0,Standard Sale
SALE0641,BUS001,2026-07-16,CUST012,PROD010,1,₹ 440,0,₹ 440,Credit,Pending,₹ 440,Standard Sale
SALE0642,BUS001,2026-07-16,CUST009,PROD002,3,₹ 95,0,₹ 285,UPI,Completed,0,Standard Sale
SALE0643,BUS001,2026-07-17,CUST007,PROD005,7,₹ 377,0,₹ 2639,Cash,Completed,0,Standard Sale
SALE0644,BUS001,2026-07-17,CUST014,PROD008,5,₹ 13,0,₹ 65,Credit,Pending,₹ 65,Standard Sale
SALE0645,BUS001,2026-07-17,CUST038,PROD001,7,₹ 162,0,₹ 1134,Cash,Completed,0,Standard Sale
SALE0646,BUS001,2026-07-17,CUST011,PROD008,10,₹ 13,0,₹ 130,Cash,Completed,0,Standard Sale
SALE0647,BUS001,2026-07-17,CUST023,PROD007,4,₹ 678,0,₹ 2712,Credit,Pending,₹ 2712,Standard Sale
SALE0648,BUS001,2026-07-17,CUST037,PROD006,4,₹ 2106,0,₹ 8424,Credit,Pending,₹ 8424,Standard Sale
SALE0649,BUS001,2026-07-17,CUST017,PROD006,3,₹ 2106,0,₹ 6318,Credit,Pending,₹ 6318,Standard Sale
SALE0650,BUS001,2026-07-17,CUST003,PROD011,3,₹ 199,0,₹ 597,UPI,Completed,0,Standard Sale
SALE0651,BUS001,2026-07-17,CUST035,PROD006,1,₹ 2106,0,₹ 2106,UPI,Completed,0,Standard Sale
SALE0652,BUS001,2026-07-17,CUST023,PROD007,2,₹ 678,0,₹ 1356,UPI,Completed,0,Standard Sale
SALE0653,BUS001,2026-07-17,CUST002,PROD005,8,₹ 377,10,₹ 2714,Cash,Completed,0,Standard Sale
SALE0654,BUS001,2026-07-18,CUST034,PROD005,6,₹ 377,0,₹ 2262,Cash,Completed,0,Standard Sale
SALE0655,BUS001,2026-07-18,CUST027,PROD006,4,₹ 2106,0,₹ 8424,UPI,Completed,0,Standard Sale
SALE0656,BUS001,2026-07-18,CUST007,PROD010,5,₹ 440,10,₹ 1980,UPI,Completed,0,Standard Sale
SALE0657,BUS001,2026-07-18,CUST040,PROD007,1,₹ 678,0,₹ 678,Credit,Pending,₹ 678,Standard Sale
SALE0658,BUS001,2026-07-18,CUST033,PROD006,3,₹ 2106,0,₹ 6318,Cash,Completed,0,Standard Sale
SALE0659,BUS001,2026-07-18,CUST007,PROD008,6,₹ 13,0,₹ 78,UPI,Completed,0,Standard Sale
SALE0660,BUS001,2026-07-18,CUST004,PROD007,4,₹ 678,10,₹ 2440,UPI,Completed,0,Standard Sale
SALE0661,BUS001,2026-07-18,CUST037,PROD007,2,₹ 678,5,₹ 1288,Credit,Pending,₹ 1288,Standard Sale
SALE0662,BUS001,2026-07-18,CUST010,PROD001,8,₹ 162,0,₹ 1296,Credit,Pending,₹ 1296,Standard Sale
SALE0663,BUS001,2026-07-18,CUST030,PROD003,10,₹ 9,0,₹ 90,UPI,Completed,0,Standard Sale
SALE0664,BUS001,2026-07-19,CUST007,PROD009,2,₹ 31,0,₹ 62,UPI,Completed,0,Standard Sale
SALE0665,BUS001,2026-07-19,CUST025,PROD006,2,₹ 2106,0,₹ 4212,UPI,Completed,0,Standard Sale
SALE0666,BUS001,2026-07-19,CUST033,PROD008,2,₹ 13,10,₹ 23,Cash,Completed,0,Standard Sale
SALE0667,BUS001,2026-07-19,CUST024,PROD007,1,₹ 678,0,₹ 678,UPI,Completed,0,Standard Sale
SALE0668,BUS001,2026-07-19,CUST003,PROD007,2,₹ 678,0,₹ 1356,UPI,Completed,0,Standard Sale
SALE0669,BUS001,2026-07-19,CUST029,PROD003,37,₹ 9,5,₹ 316,Cash,Completed,0,Standard Sale
SALE0670,BUS001,2026-07-19,CUST005,PROD005,9,₹ 377,0,₹ 3393,Cash,Completed,0,Standard Sale
SALE0671,BUS001,2026-07-19,CUST039,PROD004,4,₹ 61,0,₹ 244,UPI,Completed,0,Standard Sale
SALE0672,BUS001,2026-07-19,CUST009,PROD005,4,₹ 377,0,₹ 1508,Cash,Completed,0,Standard Sale
SALE0673,BUS001,2026-07-19,CUST010,PROD003,18,₹ 9,0,₹ 162,Cash,Completed,0,Standard Sale
SALE0674,BUS001,2026-07-19,CUST018,PROD008,3,₹ 13,0,₹ 39,Cash,Completed,0,Standard Sale
SALE0675,BUS001,2026-07-19,CUST026,PROD012,1,₹ 316,0,₹ 316,Cash,Completed,0,Standard Sale
SALE0676,BUS001,2026-07-19,CUST010,PROD008,6,₹ 13,0,₹ 78,Cash,Completed,0,Standard Sale
SALE0677,BUS001,2026-07-19,CUST020,PROD007,1,₹ 678,10,₹ 610,Cash,Completed,0,Standard Sale
SALE0678,BUS001,2026-07-19,CUST018,PROD004,2,₹ 61,0,₹ 122,Cash,Completed,0,Standard Sale
SALE0679,BUS001,2026-07-19,CUST039,PROD009,5,₹ 31,0,₹ 155,Cash,Completed,0,Standard Sale
SALE0680,BUS001,2026-07-19,CUST022,PROD004,8,₹ 61,0,₹ 488,Cash,Completed,0,Standard Sale
SALE0681,BUS001,2026-07-19,CUST031,PROD001,8,₹ 162,0,₹ 1296,UPI,Completed,0,Standard Sale
SALE0682,BUS001,2026-07-19,CUST031,PROD007,4,₹ 678,0,₹ 2712,Cash,Completed,0,Standard Sale
SALE0683,BUS001,2026-07-19,CUST004,PROD006,1,₹ 2106,5,₹ 2000,UPI,Completed,0,Standard Sale
SALE0684,BUS001,2026-07-19,CUST024,PROD003,42,₹ 9,0,₹ 378,Cash,Completed,0,Standard Sale
SALE0685,BUS001,2026-07-19,CUST020,PROD004,4,₹ 61,0,₹ 244,Cash,Completed,0,Standard Sale
SALE0686,BUS001,2026-07-20,CUST008,PROD008,9,₹ 13,0,₹ 117,Cash,Completed,0,Standard Sale
SALE0687,BUS001,2026-07-20,CUST009,PROD003,16,₹ 9,0,₹ 144,UPI,Completed,0,Standard Sale
SALE0688,BUS001,2026-07-20,CUST030,PROD003,38,₹ 9,0,₹ 342,Cash,Completed,0,Standard Sale
SALE0689,BUS001,2026-07-20,CUST030,PROD003,27,₹ 9,0,₹ 243,Cash,Completed,0,Standard Sale
SALE0690,BUS001,2026-07-20,CUST007,PROD003,24,₹ 9,0,₹ 216,UPI,Completed,0,Standard Sale
SALE0691,BUS001,2026-07-20,CUST035,PROD003,11,₹ 9,0,₹ 99,Credit,Pending,₹ 99,Standard Sale
SALE0692,BUS001,2026-07-20,CUST022,PROD008,10,₹ 13,10,₹ 117,Cash,Completed,0,Standard Sale
SALE0693,BUS001,2026-07-20,CUST022,PROD007,5,₹ 678,0,₹ 3390,UPI,Completed,0,Standard Sale
SALE0694,BUS001,2026-07-20,CUST017,PROD002,5,₹ 95,0,₹ 475,Cash,Completed,0,Standard Sale
SALE0695,BUS001,2026-07-20,CUST008,PROD005,11,₹ 377,0,₹ 4147,UPI,Completed,0,Standard Sale
SALE0696,BUS001,2026-07-20,CUST027,PROD005,4,₹ 377,0,₹ 1508,Credit,Pending,₹ 1508,Standard Sale
SALE0697,BUS001,2026-07-20,CUST016,PROD004,3,₹ 61,5,₹ 173,UPI,Completed,0,Standard Sale
SALE0698,BUS001,2026-07-20,CUST001,PROD011,5,₹ 199,0,₹ 995,UPI,Completed,0,Standard Sale
SALE0699,BUS001,2026-07-20,CUST038,PROD004,9,₹ 61,0,₹ 549,UPI,Completed,0,Standard Sale
SALE0700,BUS001,2026-07-20,CUST003,PROD008,7,₹ 13,0,₹ 91,Cash,Completed,0,Standard Sale
SALE0701,BUS001,2026-07-20,CUST031,PROD003,37,₹ 9,10,₹ 299,Credit,Pending,₹ 299,Standard Sale
SALE0702,BUS001,2026-07-20,CUST025,PROD006,1,₹ 2106,0,₹ 2106,Cash,Completed,0,Standard Sale
SALE0703,BUS001,2026-07-21,CUST037,PROD006,1,₹ 2106,0,₹ 2106,UPI,Completed,0,Standard Sale
SALE0704,BUS001,2026-07-21,CUST007,PROD010,1,₹ 440,0,₹ 440,UPI,Completed,0,Standard Sale
SALE0705,BUS001,2026-07-21,CUST039,PROD011,1,₹ 199,0,₹ 199,Cash,Completed,0,Standard Sale
SALE0706,BUS001,2026-07-21,CUST019,PROD009,4,₹ 31,0,₹ 124,Credit,Pending,₹ 124,Standard Sale
SALE0707,BUS001,2026-07-21,CUST033,PROD008,9,₹ 13,0,₹ 117,UPI,Completed,0,Standard Sale
SALE0708,BUS001,2026-07-21,CUST004,PROD003,10,₹ 9,0,₹ 90,Cash,Completed,0,Standard Sale
SALE0709,BUS001,2026-07-21,CUST033,PROD001,10,₹ 162,0,₹ 1620,Cash,Completed,0,Standard Sale
SALE0710,BUS001,2026-07-21,CUST029,PROD008,2,₹ 13,0,₹ 26,UPI,Completed,0,Standard Sale
SALE0711,BUS001,2026-07-21,CUST019,PROD003,45,₹ 9,0,₹ 405,Cash,Completed,0,Standard Sale
SALE0712,BUS001,2026-07-21,CUST028,PROD004,2,₹ 61,0,₹ 122,Cash,Completed,0,Standard Sale
SALE0713,BUS001,2026-07-21,CUST034,PROD004,2,₹ 61,0,₹ 122,Cash,Completed,0,Standard Sale
SALE0714,BUS001,2026-07-21,CUST019,PROD005,9,₹ 377,10,₹ 3053,Cash,Completed,0,Standard Sale
SALE0715,BUS001,2026-07-21,CUST033,PROD002,1,₹ 95,0,₹ 95,Cash,Completed,0,Standard Sale
SALE0716,BUS001,2026-07-22,CUST039,PROD008,9,₹ 13,0,₹ 117,Cash,Completed,0,Standard Sale
SALE0717,BUS001,2026-07-22,CUST013,PROD003,31,₹ 9,10,₹ 251,Cash,Completed,0,Standard Sale
SALE0718,BUS001,2026-07-22,CUST023,PROD005,7,₹ 377,0,₹ 2639,Cash,Completed,0,Standard Sale
SALE0719,BUS001,2026-07-22,CUST015,PROD008,9,₹ 13,0,₹ 117,UPI,Completed,0,Standard Sale
SALE0720,BUS001,2026-07-22,CUST026,PROD008,4,₹ 13,0,₹ 52,Cash,Completed,0,Standard Sale
SALE0721,BUS001,2026-07-22,CUST023,PROD012,5,₹ 316,10,₹ 1422,Cash,Completed,0,Standard Sale
SALE0722,BUS001,2026-07-22,CUST020,PROD005,9,₹ 377,0,₹ 3393,Cash,Completed,0,Standard Sale
SALE0723,BUS001,2026-07-22,CUST007,PROD007,1,₹ 678,0,₹ 678,Cash,Completed,0,Standard Sale
SALE0724,BUS001,2026-07-22,CUST026,PROD012,1,₹ 316,0,₹ 316,UPI,Completed,0,Standard Sale
SALE0725,BUS001,2026-07-22,CUST017,PROD007,2,₹ 678,5,₹ 1288,Credit,Pending,₹ 1288,Standard Sale
SALE0726,BUS001,2026-07-22,CUST018,PROD006,5,₹ 2106,0,₹ 10530,Cash,Completed,0,Standard Sale
SALE0727,BUS001,2026-07-22,CUST029,PROD012,1,₹ 316,0,₹ 316,UPI,Completed,0,Standard Sale
SALE0728,BUS001,2026-07-22,CUST013,PROD007,4,₹ 678,0,₹ 2712,Cash,Completed,0,Standard Sale
SALE0729,BUS001,2026-07-22,CUST036,PROD005,6,₹ 377,10,₹ 2035,Cash,Completed,0,Standard Sale
SALE0730,BUS001,2026-07-22,CUST033,PROD001,4,₹ 162,0,₹ 648,UPI,Completed,0,Standard Sale
SALE0731,BUS001,2026-07-22,CUST020,PROD005,15,₹ 377,10,₹ 5089,UPI,Completed,0,Standard Sale
SALE0732,BUS001,2026-07-22,CUST009,PROD009,3,₹ 31,0,₹ 93,UPI,Completed,0,Standard Sale
SALE0733,BUS001,2026-07-22,CUST021,PROD006,3,₹ 2106,5,₹ 6002,Cash,Completed,0,Standard Sale
SALE0734,BUS001,2026-07-22,CUST009,PROD006,2,₹ 2106,0,₹ 4212,Cash,Completed,0,Standard Sale
SALE0735,BUS001,2026-07-22,CUST031,PROD010,3,₹ 440,0,₹ 1320,Cash,Completed,0,Standard Sale
SALE0736,BUS001,2026-07-22,CUST003,PROD005,15,₹ 377,10,₹ 5089,Credit,Pending,₹ 5089,Standard Sale
SALE0737,BUS001,2026-07-23,CUST030,PROD001,8,₹ 162,0,₹ 1296,Cash,Completed,0,Standard Sale
SALE0738,BUS001,2026-07-23,CUST010,PROD006,1,₹ 2106,0,₹ 2106,Cash,Completed,0,Standard Sale
SALE0739,BUS001,2026-07-23,CUST029,PROD001,3,₹ 162,0,₹ 486,Cash,Completed,0,Standard Sale
SALE0740,BUS001,2026-07-23,CUST001,PROD009,3,₹ 31,0,₹ 93,UPI,Completed,0,Standard Sale
SALE0741,BUS001,2026-07-23,CUST033,PROD009,3,₹ 31,0,₹ 93,Cash,Completed,0,Standard Sale
SALE0742,BUS001,2026-07-23,CUST035,PROD006,3,₹ 2106,0,₹ 6318,Cash,Completed,0,Standard Sale
SALE0743,BUS001,2026-07-23,CUST022,PROD008,2,₹ 13,0,₹ 26,Credit,Pending,₹ 26,Standard Sale
SALE0744,BUS001,2026-07-23,CUST029,PROD005,9,₹ 377,0,₹ 3393,Cash,Completed,0,Standard Sale
SALE0745,BUS001,2026-07-23,CUST025,PROD004,9,₹ 61,0,₹ 549,Cash,Completed,0,Standard Sale
SALE0746,BUS001,2026-07-23,CUST024,PROD001,6,₹ 162,0,₹ 972,UPI,Completed,0,Standard Sale
SALE0747,BUS001,2026-07-23,CUST021,PROD004,9,₹ 61,0,₹ 549,Cash,Completed,0,Standard Sale
SALE0748,BUS001,2026-07-23,CUST014,PROD007,2,₹ 678,0,₹ 1356,UPI,Completed,0,Standard Sale
SALE0749,BUS001,2026-07-23,CUST003,PROD002,2,₹ 95,5,₹ 180,UPI,Completed,0,Standard Sale
SALE0750,BUS001,2026-07-23,CUST020,PROD003,38,₹ 9,0,₹ 342,Credit,Pending,₹ 342,Standard Sale
SALE0751,BUS001,2026-07-23,CUST014,PROD002,3,₹ 95,0,₹ 285,UPI,Completed,0,Standard Sale
SALE0752,BUS001,2026-07-23,CUST034,PROD006,5,₹ 2106,0,₹ 10530,Cash,Completed,0,Standard Sale
SALE0753,BUS001,2026-07-23,CUST006,PROD005,15,₹ 377,0,₹ 5655,Cash,Completed,0,Standard Sale
SALE0754,BUS001,2026-07-23,CUST031,PROD006,3,₹ 2106,5,₹ 6002,UPI,Completed,0,Standard Sale
SALE0755,BUS001,2026-07-23,CUST040,PROD009,4,₹ 31,0,₹ 124,Cash,Completed,0,Standard Sale
SALE0756,BUS001,2026-07-23,CUST007,PROD008,9,₹ 13,0,₹ 117,Cash,Completed,0,Standard Sale
SALE0757,BUS001,2026-07-23,CUST004,PROD004,8,₹ 61,10,₹ 439,UPI,Completed,0,Standard Sale
SALE0758,BUS001,2026-07-23,CUST014,PROD003,50,₹ 9,0,₹ 450,Cash,Completed,0,Standard Sale
SALE0759,BUS001,2026-07-23,CUST008,PROD012,1,₹ 316,5,₹ 300,Cash,Completed,0,Standard Sale
SALE0760,BUS001,2026-07-23,CUST039,PROD006,1,₹ 2106,0,₹ 2106,Credit,Pending,₹ 2106,Standard Sale
SALE0761,BUS001,2026-07-23,CUST033,PROD002,4,₹ 95,0,₹ 380,Cash,Completed,0,Standard Sale
SALE0762,BUS001,2026-07-23,CUST024,PROD011,2,₹ 199,0,₹ 398,Cash,Completed,0,Standard Sale
SALE0763,BUS001,2026-07-24,CUST005,PROD001,8,₹ 162,0,₹ 1296,UPI,Completed,0,Standard Sale
SALE0764,BUS001,2026-07-24,CUST038,PROD006,5,₹ 2106,0,₹ 10530,Cash,Completed,0,Standard Sale
SALE0765,BUS001,2026-07-24,CUST030,PROD003,14,₹ 9,5,₹ 119,UPI,Completed,0,Standard Sale
SALE0766,BUS001,2026-07-24,CUST036,PROD003,32,₹ 9,0,₹ 288,UPI,Completed,0,Standard Sale
SALE0767,BUS001,2026-07-24,CUST006,PROD004,9,₹ 61,0,₹ 549,UPI,Completed,0,Standard Sale
SALE0768,BUS001,2026-07-24,CUST039,PROD003,14,₹ 9,5,₹ 119,Cash,Completed,0,Standard Sale
SALE0769,BUS001,2026-07-24,CUST034,PROD003,30,₹ 9,0,₹ 270,Cash,Completed,0,Standard Sale
SALE0770,BUS001,2026-07-24,CUST014,PROD003,38,₹ 9,0,₹ 342,Cash,Completed,0,Standard Sale
SALE0771,BUS001,2026-07-24,CUST006,PROD002,2,₹ 95,0,₹ 190,Cash,Completed,0,Standard Sale
SALE0772,BUS001,2026-07-24,CUST024,PROD007,4,₹ 678,10,₹ 2440,UPI,Completed,0,Standard Sale
SALE0773,BUS001,2026-07-24,CUST004,PROD004,4,₹ 61,0,₹ 244,UPI,Completed,0,Standard Sale
SALE0774,BUS001,2026-07-24,CUST033,PROD009,2,₹ 31,0,₹ 62,Cash,Completed,0,Standard Sale
SALE0775,BUS001,2026-07-24,CUST023,PROD008,4,₹ 13,0,₹ 52,Cash,Completed,0,Standard Sale
SALE0776,BUS001,2026-07-24,CUST011,PROD003,17,₹ 9,0,₹ 153,UPI,Completed,0,Standard Sale
SALE0777,BUS001,2026-07-25,CUST028,PROD003,20,₹ 9,0,₹ 180,UPI,Completed,0,Standard Sale
SALE0778,BUS001,2026-07-25,CUST017,PROD003,11,₹ 9,0,₹ 99,Cash,Completed,0,Standard Sale
SALE0779,BUS001,2026-07-25,CUST039,PROD001,7,₹ 162,5,₹ 1077,Cash,Completed,0,Standard Sale
SALE0780,BUS001,2026-07-25,CUST026,PROD006,5,₹ 2106,0,₹ 10530,UPI,Completed,0,Standard Sale
SALE0781,BUS001,2026-07-25,CUST007,PROD006,4,₹ 2106,0,₹ 8424,Credit,Pending,₹ 8424,Standard Sale
SALE0782,BUS001,2026-07-25,CUST040,PROD005,8,₹ 377,0,₹ 3016,Cash,Completed,0,Standard Sale
SALE0783,BUS001,2026-07-25,CUST025,PROD002,2,₹ 95,0,₹ 190,Cash,Completed,0,Standard Sale
SALE0784,BUS001,2026-07-25,CUST024,PROD010,1,₹ 440,5,₹ 418,Cash,Completed,0,Standard Sale
SALE0785,BUS001,2026-07-25,CUST007,PROD003,37,₹ 9,5,₹ 316,UPI,Completed,0,Standard Sale
SALE0786,BUS001,2026-07-25,CUST036,PROD002,2,₹ 95,0,₹ 190,Cash,Completed,0,Standard Sale
SALE0787,BUS001,2026-07-25,CUST029,PROD004,4,₹ 61,0,₹ 244,UPI,Completed,0,Standard Sale
SALE0788,BUS001,2026-07-25,CUST036,PROD003,14,₹ 9,0,₹ 126,Credit,Pending,₹ 126,Standard Sale
SALE0789,BUS001,2026-07-25,CUST030,PROD005,12,₹ 377,0,₹ 4524,UPI,Completed,0,Standard Sale
SALE0790,BUS001,2026-07-25,CUST020,PROD010,1,₹ 440,0,₹ 440,UPI,Completed,0,Standard Sale
SALE0791,BUS001,2026-07-25,CUST013,PROD002,1,₹ 95,0,₹ 95,Cash,Completed,0,Standard Sale
SALE0792,BUS001,2026-07-25,CUST029,PROD010,5,₹ 440,0,₹ 2200,Cash,Completed,0,Standard Sale
SALE0793,BUS001,2026-07-25,CUST021,PROD003,14,₹ 9,0,₹ 126,Cash,Completed,0,Standard Sale
SALE0794,BUS001,2026-07-25,CUST015,PROD011,3,₹ 199,0,₹ 597,Cash,Completed,0,Standard Sale
SALE0795,BUS001,2026-07-25,CUST036,PROD009,4,₹ 31,10,₹ 111,UPI,Completed,0,Standard Sale
SALE0796,BUS001,2026-07-26,CUST012,PROD008,7,₹ 13,0,₹ 91,UPI,Completed,0,Standard Sale
SALE0797,BUS001,2026-07-26,CUST002,PROD006,1,₹ 2106,0,₹ 2106,UPI,Completed,0,Standard Sale
SALE0798,BUS001,2026-07-26,CUST002,PROD010,5,₹ 440,0,₹ 2200,UPI,Completed,0,Standard Sale
SALE0799,BUS001,2026-07-26,CUST018,PROD001,3,₹ 162,0,₹ 486,Credit,Pending,₹ 486,Standard Sale
SALE0800,BUS001,2026-07-26,CUST027,PROD003,21,₹ 9,0,₹ 189,UPI,Completed,0,Standard Sale
SALE0801,BUS001,2026-07-26,CUST030,PROD007,3,₹ 678,0,₹ 2034,Cash,Completed,0,Standard Sale
SALE0802,BUS001,2026-07-26,CUST023,PROD002,2,₹ 95,5,₹ 180,UPI,Completed,0,Standard Sale
SALE0803,BUS001,2026-07-26,CUST001,PROD005,3,₹ 377,0,₹ 1131,Cash,Completed,0,Standard Sale
SALE0804,BUS001,2026-07-26,CUST001,PROD011,5,₹ 199,0,₹ 995,Cash,Completed,0,Standard Sale
SALE0805,BUS001,2026-07-26,CUST040,PROD002,1,₹ 95,0,₹ 95,Cash,Completed,0,Standard Sale
SALE0806,BUS001,2026-07-26,CUST022,PROD003,19,₹ 9,0,₹ 171,Cash,Completed,0,Standard Sale
SALE0807,BUS001,2026-07-26,CUST031,PROD002,2,₹ 95,5,₹ 180,Cash,Completed,0,Standard Sale
SALE0808,BUS001,2026-07-26,CUST030,PROD009,4,₹ 31,5,₹ 117,UPI,Completed,0,Standard Sale
SALE0809,BUS001,2026-07-26,CUST015,PROD002,3,₹ 95,5,₹ 270,Cash,Completed,0,Standard Sale
SALE0810,BUS001,2026-07-26,CUST005,PROD003,45,₹ 9,0,₹ 405,UPI,Completed,0,Standard Sale
SALE0811,BUS001,2026-07-26,CUST025,PROD003,40,₹ 9,0,₹ 360,Cash,Completed,0,Standard Sale
SALE0812,BUS001,2026-07-26,CUST004,PROD004,10,₹ 61,0,₹ 610,UPI,Completed,0,Standard Sale
SALE0813,BUS001,2026-07-26,CUST010,PROD005,9,₹ 377,0,₹ 3393,Cash,Completed,0,Standard Sale
SALE0814,BUS001,2026-07-27,CUST032,PROD001,6,₹ 162,0,₹ 972,UPI,Completed,0,Standard Sale
SALE0815,BUS001,2026-07-27,CUST018,PROD009,3,₹ 31,5,₹ 88,Credit,Pending,₹ 88,Standard Sale
SALE0816,BUS001,2026-07-27,CUST039,PROD008,8,₹ 13,0,₹ 104,Credit,Pending,₹ 104,Standard Sale
SALE0817,BUS001,2026-07-27,CUST023,PROD009,1,₹ 31,0,₹ 31,Cash,Completed,0,Standard Sale
SALE0818,BUS001,2026-07-27,CUST019,PROD005,12,₹ 377,0,₹ 4524,UPI,Completed,0,Standard Sale
SALE0819,BUS001,2026-07-27,CUST017,PROD007,3,₹ 678,0,₹ 2034,Credit,Pending,₹ 2034,Standard Sale
SALE0820,BUS001,2026-07-27,CUST012,PROD005,8,₹ 377,10,₹ 2714,UPI,Completed,0,Standard Sale
SALE0821,BUS001,2026-07-27,CUST017,PROD008,7,₹ 13,0,₹ 91,Credit,Pending,₹ 91,Standard Sale
SALE0822,BUS001,2026-07-27,CUST025,PROD004,8,₹ 61,0,₹ 488,Credit,Pending,₹ 488,Standard Sale
SALE0823,BUS001,2026-07-27,CUST018,PROD007,2,₹ 678,5,₹ 1288,UPI,Completed,0,Standard Sale
SALE0824,BUS001,2026-07-27,CUST008,PROD012,5,₹ 316,0,₹ 1580,Credit,Pending,₹ 1580,Standard Sale
SALE0825,BUS001,2026-07-27,CUST001,PROD008,2,₹ 13,0,₹ 26,Cash,Completed,0,Standard Sale
SALE0826,BUS001,2026-07-27,CUST030,PROD007,4,₹ 678,0,₹ 2712,Cash,Completed,0,Standard Sale
SALE0827,BUS001,2026-07-27,CUST004,PROD006,5,₹ 2106,0,₹ 10530,UPI,Completed,0,Standard Sale
SALE0828,BUS001,2026-07-27,CUST018,PROD002,3,₹ 95,0,₹ 285,UPI,Completed,0,Standard Sale
SALE0829,BUS001,2026-07-27,CUST008,PROD002,3,₹ 95,0,₹ 285,Cash,Completed,0,Standard Sale
SALE0830,BUS001,2026-07-27,CUST016,PROD004,8,₹ 61,0,₹ 488,UPI,Completed,0,Standard Sale
SALE0831,BUS001,2026-07-27,CUST035,PROD004,8,₹ 61,0,₹ 488,UPI,Completed,0,Standard Sale
SALE0832,BUS001,2026-07-27,CUST028,PROD002,1,₹ 95,0,₹ 95,Cash,Completed,0,Standard Sale
SALE0833,BUS001,2026-07-27,CUST018,PROD011,1,₹ 199,5,₹ 189,Cash,Completed,0,Standard Sale
SALE0834,BUS001,2026-07-27,CUST033,PROD001,9,₹ 162,0,₹ 1458,Cash,Completed,0,Standard Sale
SALE0835,BUS001,2026-07-28,CUST014,PROD003,11,₹ 9,0,₹ 99,Cash,Completed,0,Standard Sale
SALE0836,BUS001,2026-07-28,CUST018,PROD002,3,₹ 95,10,₹ 256,Credit,Pending,₹ 256,Standard Sale
SALE0837,BUS001,2026-07-28,CUST007,PROD012,4,₹ 316,5,₹ 1200,Cash,Completed,0,Standard Sale
SALE0838,BUS001,2026-07-28,CUST035,PROD008,10,₹ 13,0,₹ 130,Credit,Pending,₹ 130,Standard Sale
SALE0839,BUS001,2026-07-29,CUST022,PROD003,47,₹ 9,0,₹ 423,UPI,Completed,0,Standard Sale
SALE0840,BUS001,2026-07-29,CUST038,PROD012,1,₹ 316,0,₹ 316,UPI,Completed,0,Standard Sale
SALE0841,BUS001,2026-07-29,CUST036,PROD005,10,₹ 377,0,₹ 3770,Cash,Completed,0,Standard Sale
SALE0842,BUS001,2026-07-29,CUST023,PROD003,47,₹ 9,0,₹ 423,UPI,Completed,0,Standard Sale
SALE0843,BUS001,2026-07-29,CUST013,PROD008,3,₹ 13,0,₹ 39,Cash,Completed,0,Standard Sale
SALE0844,BUS001,2026-07-29,CUST022,PROD003,29,₹ 9,0,₹ 261,Credit,Pending,₹ 261,Standard Sale
SALE0845,BUS001,2026-07-29,CUST011,PROD007,5,₹ 678,0,₹ 3390,UPI,Completed,0,Standard Sale
SALE0846,BUS001,2026-07-29,CUST005,PROD009,5,₹ 31,5,₹ 147,Cash,Completed,0,Standard Sale
SALE0847,BUS001,2026-07-29,CUST013,PROD011,1,₹ 199,10,₹ 179,UPI,Completed,0,Standard Sale
SALE0848,BUS001,2026-07-29,CUST020,PROD004,2,₹ 61,0,₹ 122,Cash,Completed,0,Standard Sale
SALE0849,BUS001,2026-07-29,CUST036,PROD012,1,₹ 316,0,₹ 316,Cash,Completed,0,Standard Sale
SALE0850,BUS001,2026-07-29,CUST001,PROD001,2,₹ 162,0,₹ 324,Cash,Completed,0,Standard Sale
SALE0851,BUS001,2026-07-29,CUST019,PROD005,11,₹ 377,0,₹ 4147,Cash,Completed,0,Standard Sale
SALE0852,BUS001,2026-07-29,CUST023,PROD003,35,₹ 9,0,₹ 315,UPI,Completed,0,Standard Sale
SALE0853,BUS001,2026-07-29,CUST023,PROD005,9,₹ 377,0,₹ 3393,Credit,Pending,₹ 3393,Standard Sale
SALE0854,BUS001,2026-07-30,CUST017,PROD006,1,₹ 2106,0,₹ 2106,Cash,Completed,0,Standard Sale
SALE0855,BUS001,2026-07-30,CUST014,PROD004,9,₹ 61,0,₹ 549,Cash,Completed,0,Standard Sale
SALE0856,BUS001,2026-07-30,CUST032,PROD010,1,₹ 440,10,₹ 396,Cash,Completed,0,Standard Sale
SALE0857,BUS001,2026-07-30,CUST014,PROD003,20,₹ 9,0,₹ 180,Cash,Completed,0,Standard Sale
SALE0858,BUS001,2026-07-30,CUST007,PROD004,5,₹ 61,0,₹ 305,Cash,Completed,0,Standard Sale
SALE0859,BUS001,2026-07-30,CUST029,PROD003,20,₹ 9,0,₹ 180,Credit,Pending,₹ 180,Standard Sale
SALE0860,BUS001,2026-07-30,CUST034,PROD008,2,₹ 13,0,₹ 26,Cash,Completed,0,Standard Sale
SALE0861,BUS001,2026-07-30,CUST001,PROD004,6,₹ 61,0,₹ 366,Cash,Completed,0,Standard Sale
SALE0862,BUS001,2026-07-30,CUST012,PROD005,13,₹ 377,0,₹ 4901,Cash,Completed,0,Standard Sale
SALE0863,BUS001,2026-07-30,CUST036,PROD008,7,₹ 13,0,₹ 91,UPI,Completed,0,Standard Sale
SALE0864,BUS001,2026-07-30,CUST011,PROD007,3,₹ 678,0,₹ 2034,UPI,Completed,0,Standard Sale
SALE0865,BUS001,2026-07-30,CUST019,PROD004,6,₹ 61,0,₹ 366,Cash,Completed,0,Standard Sale
SALE0866,BUS001,2026-07-30,CUST032,PROD010,1,₹ 440,0,₹ 440,UPI,Completed,0,Standard Sale
SALE0867,BUS001,2026-07-30,CUST005,PROD001,2,₹ 162,0,₹ 324,UPI,Completed,0,Standard Sale
SALE0868,BUS001,2026-07-30,CUST017,PROD001,5,₹ 162,0,₹ 810,Cash,Completed,0,Standard Sale
SALE0869,BUS001,2026-07-30,CUST024,PROD001,8,₹ 162,0,₹ 1296,Cash,Completed,0,Standard Sale
SALE0870,BUS001,2026-07-30,CUST004,PROD007,4,₹ 678,0,₹ 2712,UPI,Completed,0,Standard Sale
SALE0871,BUS001,2026-07-30,CUST014,PROD003,40,₹ 9,0,₹ 360,UPI,Completed,0,Standard Sale
SALE0872,BUS001,2026-07-30,CUST032,PROD004,4,₹ 61,10,₹ 219,Cash,Completed,0,Standard Sale
SALE0873,BUS001,2026-07-31,CUST010,PROD006,5,₹ 2106,0,₹ 10530,Cash,Completed,0,Standard Sale
SALE0874,BUS001,2026-07-31,CUST014,PROD011,3,₹ 199,0,₹ 597,Cash,Completed,0,Standard Sale
SALE0875,BUS001,2026-07-31,CUST012,PROD005,5,₹ 377,0,₹ 1885,UPI,Completed,0,Standard Sale
SALE0876,BUS001,2026-08-01,CUST001,PROD001,5,₹ 162,0,₹ 810,UPI,Completed,0,Standard Sale
SALE0877,BUS001,2026-08-01,CUST032,PROD006,5,₹ 2106,0,₹ 10530,UPI,Completed,0,Standard Sale
SALE0878,BUS001,2026-08-01,CUST007,PROD006,1,₹ 2106,0,₹ 2106,UPI,Completed,0,Standard Sale
SALE0879,BUS001,2026-08-01,CUST031,PROD009,1,₹ 31,5,₹ 29,Cash,Completed,0,Standard Sale
SALE0880,BUS001,2026-08-01,CUST027,PROD007,5,₹ 678,0,₹ 3390,Cash,Completed,0,Standard Sale
SALE0881,BUS001,2026-08-01,CUST006,PROD008,10,₹ 13,5,₹ 123,Cash,Completed,0,Standard Sale
SALE0882,BUS001,2026-08-01,CUST015,PROD001,8,₹ 162,0,₹ 1296,Cash,Completed,0,Standard Sale
SALE0883,BUS001,2026-08-01,CUST004,PROD005,4,₹ 377,0,₹ 1508,Cash,Completed,0,Standard Sale
SALE0884,BUS001,2026-08-01,CUST040,PROD007,1,₹ 678,0,₹ 678,Cash,Completed,0,Standard Sale
SALE0885,BUS001,2026-08-01,CUST007,PROD005,14,₹ 377,0,₹ 5278,UPI,Completed,0,Standard Sale
SALE0886,BUS001,2026-08-01,CUST028,PROD010,1,₹ 440,0,₹ 440,Credit,Pending,₹ 440,Standard Sale
SALE0887,BUS001,2026-08-01,CUST020,PROD009,2,₹ 31,10,₹ 55,Cash,Completed,0,Standard Sale
SALE0888,BUS001,2026-08-01,CUST005,PROD001,8,₹ 162,0,₹ 1296,Cash,Completed,0,Standard Sale
SALE0889,BUS001,2026-08-01,CUST004,PROD008,7,₹ 13,0,₹ 91,Cash,Completed,0,Standard Sale
SALE0890,BUS001,2026-08-01,CUST011,PROD008,7,₹ 13,0,₹ 91,UPI,Completed,0,Standard Sale
SALE0891,BUS001,2026-08-02,CUST012,PROD009,4,₹ 31,0,₹ 124,Cash,Completed,0,Standard Sale
SALE0892,BUS001,2026-08-02,CUST010,PROD004,8,₹ 61,0,₹ 488,UPI,Completed,0,Standard Sale
SALE0893,BUS001,2026-08-02,CUST027,PROD007,3,₹ 678,0,₹ 2034,Cash,Completed,0,Standard Sale
SALE0894,BUS001,2026-08-02,CUST021,PROD004,4,₹ 61,0,₹ 244,Cash,Completed,0,Standard Sale
SALE0895,BUS001,2026-08-02,CUST040,PROD004,8,₹ 61,0,₹ 488,Cash,Completed,0,Standard Sale
SALE0896,BUS001,2026-08-02,CUST018,PROD004,6,₹ 61,0,₹ 366,Cash,Completed,0,Standard Sale
SALE0897,BUS001,2026-08-02,CUST022,PROD007,1,₹ 678,0,₹ 678,UPI,Completed,0,Standard Sale
SALE0898,BUS001,2026-08-02,CUST003,PROD007,1,₹ 678,0,₹ 678,Cash,Completed,0,Standard Sale
SALE0899,BUS001,2026-08-02,CUST017,PROD010,4,₹ 440,0,₹ 1760,Cash,Completed,0,Standard Sale
SALE0900,BUS001,2026-08-02,CUST010,PROD004,7,₹ 61,0,₹ 427,Cash,Completed,0,Standard Sale
SALE0901,BUS001,2026-08-03,CUST019,PROD008,6,₹ 13,0,₹ 78,Cash,Completed,0,Standard Sale
SALE0902,BUS001,2026-08-03,CUST030,PROD005,10,₹ 377,0,₹ 3770,UPI,Completed,0,Standard Sale
SALE0903,BUS001,2026-08-03,CUST001,PROD001,3,₹ 162,0,₹ 486,UPI,Completed,0,Standard Sale
SALE0904,BUS001,2026-08-03,CUST029,PROD008,3,₹ 13,0,₹ 39,Cash,Completed,0,Standard Sale
SALE0905,BUS001,2026-08-03,CUST016,PROD003,34,₹ 9,10,₹ 275,Cash,Completed,0,Standard Sale
SALE0906,BUS001,2026-08-03,CUST012,PROD006,4,₹ 2106,0,₹ 8424,UPI,Completed,0,Standard Sale
SALE0907,BUS001,2026-08-03,CUST030,PROD006,5,₹ 2106,0,₹ 10530,Cash,Completed,0,Standard Sale
SALE0908,BUS001,2026-08-03,CUST030,PROD008,5,₹ 13,5,₹ 61,Cash,Completed,0,Standard Sale
SALE0909,BUS001,2026-08-03,CUST016,PROD007,4,₹ 678,10,₹ 2440,Cash,Completed,0,Standard Sale
SALE0910,BUS001,2026-08-03,CUST036,PROD006,4,₹ 2106,10,₹ 7581,UPI,Completed,0,Standard Sale
SALE0911,BUS001,2026-08-03,CUST026,PROD004,7,₹ 61,0,₹ 427,Cash,Completed,0,Standard Sale
SALE0912,BUS001,2026-08-03,CUST004,PROD004,2,₹ 61,0,₹ 122,Cash,Completed,0,Standard Sale
SALE0913,BUS001,2026-08-03,CUST033,PROD007,4,₹ 678,0,₹ 2712,UPI,Completed,0,Standard Sale
SALE0914,BUS001,2026-08-03,CUST029,PROD001,4,₹ 162,0,₹ 648,Cash,Completed,0,Standard Sale
SALE0915,BUS001,2026-08-04,CUST009,PROD004,2,₹ 61,0,₹ 122,UPI,Completed,0,Standard Sale
SALE0916,BUS001,2026-08-04,CUST028,PROD004,2,₹ 61,10,₹ 109,UPI,Completed,0,Standard Sale
SALE0917,BUS001,2026-08-04,CUST011,PROD001,7,₹ 162,0,₹ 1134,Cash,Completed,0,Standard Sale
SALE0918,BUS001,2026-08-04,CUST040,PROD003,42,₹ 9,10,₹ 340,Cash,Completed,0,Standard Sale
SALE0919,BUS001,2026-08-04,CUST033,PROD001,3,₹ 162,0,₹ 486,UPI,Completed,0,Standard Sale
SALE0920,BUS001,2026-08-04,CUST021,PROD008,4,₹ 13,0,₹ 52,UPI,Completed,0,Standard Sale
SALE0921,BUS001,2026-08-04,CUST004,PROD003,31,₹ 9,0,₹ 279,UPI,Completed,0,Standard Sale
SALE0922,BUS001,2026-08-04,CUST025,PROD005,3,₹ 377,0,₹ 1131,Cash,Completed,0,Standard Sale
SALE0923,BUS001,2026-08-04,CUST020,PROD005,8,₹ 377,0,₹ 3016,Cash,Completed,0,Standard Sale
SALE0924,BUS001,2026-08-04,CUST039,PROD008,3,₹ 13,0,₹ 39,Cash,Completed,0,Standard Sale
SALE0925,BUS001,2026-08-04,CUST011,PROD003,38,₹ 9,0,₹ 342,Cash,Completed,0,Standard Sale
SALE0926,BUS001,2026-08-04,CUST022,PROD003,23,₹ 9,0,₹ 207,Cash,Completed,0,Standard Sale
SALE0927,BUS001,2026-08-04,CUST005,PROD002,5,₹ 95,0,₹ 475,Cash,Completed,0,Standard Sale
SALE0928,BUS001,2026-08-04,CUST015,PROD004,3,₹ 61,0,₹ 183,Cash,Completed,0,Standard Sale
SALE0929,BUS001,2026-08-04,CUST023,PROD009,2,₹ 31,0,₹ 62,Cash,Completed,0,Standard Sale
SALE0930,BUS001,2026-08-04,CUST026,PROD008,10,₹ 13,10,₹ 117,Cash,Completed,0,Standard Sale
SALE0931,BUS001,2026-08-04,CUST035,PROD008,5,₹ 13,0,₹ 65,UPI,Completed,0,Standard Sale
SALE0932,BUS001,2026-08-05,CUST015,PROD003,48,₹ 9,0,₹ 432,Cash,Completed,0,Standard Sale
SALE0933,BUS001,2026-08-05,CUST006,PROD001,4,₹ 162,0,₹ 648,UPI,Completed,0,Standard Sale
SALE0934,BUS001,2026-08-05,CUST023,PROD005,7,₹ 377,0,₹ 2639,Cash,Completed,0,Standard Sale
SALE0935,BUS001,2026-08-05,CUST015,PROD009,5,₹ 31,0,₹ 155,Cash,Completed,0,Standard Sale
SALE0936,BUS001,2026-08-05,CUST009,PROD004,9,₹ 61,10,₹ 494,Cash,Completed,0,Standard Sale
SALE0937,BUS001,2026-08-05,CUST024,PROD004,10,₹ 61,5,₹ 579,Cash,Completed,0,Standard Sale
SALE0938,BUS001,2026-08-05,CUST016,PROD011,1,₹ 199,0,₹ 199,Cash,Completed,0,Standard Sale
SALE0939,BUS001,2026-08-05,CUST015,PROD003,41,₹ 9,0,₹ 369,Cash,Completed,0,Standard Sale
SALE0940,BUS001,2026-08-05,CUST032,PROD002,5,₹ 95,5,₹ 451,UPI,Completed,0,Standard Sale
SALE0941,BUS001,2026-08-05,CUST013,PROD005,15,₹ 377,10,₹ 5089,Credit,Pending,₹ 5089,Standard Sale
SALE0942,BUS001,2026-08-05,CUST015,PROD005,7,₹ 377,0,₹ 2639,Cash,Completed,0,Standard Sale
SALE0943,BUS001,2026-08-05,CUST034,PROD009,4,₹ 31,0,₹ 124,Cash,Completed,0,Standard Sale
SALE0944,BUS001,2026-08-05,CUST007,PROD007,5,₹ 678,10,₹ 3051,Cash,Completed,0,Standard Sale
SALE0945,BUS001,2026-08-05,CUST018,PROD008,7,₹ 13,0,₹ 91,Cash,Completed,0,Standard Sale
SALE0946,BUS001,2026-08-05,CUST021,PROD006,5,₹ 2106,0,₹ 10530,Cash,Completed,0,Standard Sale
SALE0947,BUS001,2026-08-05,CUST033,PROD004,5,₹ 61,0,₹ 305,Cash,Completed,0,Standard Sale
SALE0948,BUS001,2026-08-05,CUST031,PROD008,9,₹ 13,0,₹ 117,Credit,Pending,₹ 117,Standard Sale
SALE0949,BUS001,2026-08-05,CUST015,PROD006,5,₹ 2106,0,₹ 10530,Credit,Pending,₹ 10530,Standard Sale
SALE0950,BUS001,2026-08-05,CUST036,PROD009,4,₹ 31,0,₹ 124,UPI,Completed,0,Standard Sale
SALE0951,BUS001,2026-08-05,CUST030,PROD012,3,₹ 316,0,₹ 948,Cash,Completed,0,Standard Sale
SALE0952,BUS001,2026-08-05,CUST023,PROD002,3,₹ 95,0,₹ 285,UPI,Completed,0,Standard Sale
SALE0953,BUS001,2026-08-05,CUST020,PROD011,1,₹ 199,0,₹ 199,Cash,Completed,0,Standard Sale
SALE0954,BUS001,2026-08-06,CUST001,PROD007,3,₹ 678,10,₹ 1830,Cash,Completed,0,Standard Sale
SALE0955,BUS001,2026-08-06,CUST036,PROD006,4,₹ 2106,0,₹ 8424,Cash,Completed,0,Standard Sale
SALE0956,BUS001,2026-08-06,CUST037,PROD005,13,₹ 377,5,₹ 4655,UPI,Completed,0,Standard Sale
SALE0957,BUS001,2026-08-06,CUST030,PROD004,6,₹ 61,0,₹ 366,Cash,Completed,0,Standard Sale
SALE0958,BUS001,2026-08-06,CUST028,PROD005,5,₹ 377,0,₹ 1885,UPI,Completed,0,Standard Sale
SALE0959,BUS001,2026-08-06,CUST033,PROD001,7,₹ 162,0,₹ 1134,Cash,Completed,0,Standard Sale
SALE0960,BUS001,2026-08-06,CUST022,PROD006,1,₹ 2106,0,₹ 2106,Cash,Completed,0,Standard Sale
SALE0961,BUS001,2026-08-06,CUST018,PROD007,3,₹ 678,0,₹ 2034,Cash,Completed,0,Standard Sale
SALE0962,BUS001,2026-08-06,CUST025,PROD008,4,₹ 13,0,₹ 52,UPI,Completed,0,Standard Sale
SALE0963,BUS001,2026-08-06,CUST037,PROD001,5,₹ 162,0,₹ 810,Cash,Completed,0,Standard Sale
SALE0964,BUS001,2026-08-06,CUST037,PROD009,3,₹ 31,0,₹ 93,UPI,Completed,0,Standard Sale
SALE0965,BUS001,2026-08-06,CUST003,PROD008,2,₹ 13,0,₹ 26,Cash,Completed,0,Standard Sale
SALE0966,BUS001,2026-08-06,CUST006,PROD006,3,₹ 2106,0,₹ 6318,Cash,Completed,0,Standard Sale
SALE0967,BUS001,2026-08-06,CUST012,PROD003,50,₹ 9,0,₹ 450,Cash,Completed,0,Standard Sale
SALE0968,BUS001,2026-08-06,CUST012,PROD008,6,₹ 13,0,₹ 78,Cash,Completed,0,Standard Sale
SALE0969,BUS001,2026-08-06,CUST028,PROD006,5,₹ 2106,10,₹ 9477,UPI,Completed,0,Standard Sale
SALE0970,BUS001,2026-08-06,CUST036,PROD002,5,₹ 95,5,₹ 451,Cash,Completed,0,Standard Sale
SALE0971,BUS001,2026-08-06,CUST017,PROD008,5,₹ 13,5,₹ 61,UPI,Completed,0,Standard Sale
SALE0972,BUS001,2026-08-06,CUST018,PROD001,8,₹ 162,0,₹ 1296,Cash,Completed,0,Standard Sale
SALE0973,BUS001,2026-08-06,CUST016,PROD011,4,₹ 199,10,₹ 716,Cash,Completed,0,Standard Sale
SALE0974,BUS001,2026-08-07,CUST034,PROD002,3,₹ 95,0,₹ 285,Cash,Completed,0,Standard Sale
SALE0975,BUS001,2026-08-07,CUST014,PROD002,1,₹ 95,0,₹ 95,Credit,Pending,₹ 95,Standard Sale
SALE0976,BUS001,2026-08-07,CUST031,PROD008,9,₹ 13,0,₹ 117,Cash,Completed,0,Standard Sale
SALE0977,BUS001,2026-08-07,CUST026,PROD003,39,₹ 9,0,₹ 351,Cash,Completed,0,Standard Sale
SALE0978,BUS001,2026-08-07,CUST040,PROD006,1,₹ 2106,0,₹ 2106,UPI,Completed,0,Standard Sale
SALE0979,BUS001,2026-08-07,CUST015,PROD005,7,₹ 377,5,₹ 2507,Cash,Completed,0,Standard Sale
SALE0980,BUS001,2026-08-07,CUST033,PROD001,7,₹ 162,0,₹ 1134,UPI,Completed,0,Standard Sale
SALE0981,BUS001,2026-08-07,CUST028,PROD004,10,₹ 61,10,₹ 549,Cash,Completed,0,Standard Sale
SALE0982,BUS001,2026-08-07,CUST032,PROD001,10,₹ 162,0,₹ 1620,Cash,Completed,0,Standard Sale
SALE0983,BUS001,2026-08-07,CUST021,PROD001,2,₹ 162,5,₹ 307,Cash,Completed,0,Standard Sale
SALE0984,BUS001,2026-08-07,CUST013,PROD006,5,₹ 2106,0,₹ 10530,Cash,Completed,0,Standard Sale
SALE0985,BUS001,2026-08-07,CUST025,PROD008,7,₹ 13,0,₹ 91,Cash,Completed,0,Standard Sale
SALE0986,BUS001,2026-08-07,CUST030,PROD012,2,₹ 316,0,₹ 632,UPI,Completed,0,Standard Sale
SALE0987,BUS001,2026-08-07,CUST010,PROD003,36,₹ 9,0,₹ 324,UPI,Completed,0,Standard Sale
SALE0988,BUS001,2026-08-07,CUST012,PROD010,2,₹ 440,0,₹ 880,Cash,Completed,0,Standard Sale
SALE0989,BUS001,2026-08-07,CUST020,PROD008,7,₹ 13,0,₹ 91,Cash,Completed,0,Standard Sale
SALE0990,BUS001,2026-08-07,CUST011,PROD009,4,₹ 31,5,₹ 117,UPI,Completed,0,Standard Sale
SALE0991,BUS001,2026-08-07,CUST012,PROD004,4,₹ 61,5,₹ 231,Cash,Completed,0,Standard Sale
SALE0992,BUS001,2026-08-07,CUST036,PROD009,1,₹ 31,5,₹ 29,Cash,Completed,0,Standard Sale
SALE0993,BUS001,2026-08-07,CUST031,PROD001,5,₹ 162,0,₹ 810,Cash,Completed,0,Standard Sale
SALE0994,BUS001,2026-08-07,CUST010,PROD001,5,₹ 162,0,₹ 810,UPI,Completed,0,Standard Sale
SALE0995,BUS001,2026-08-08,CUST037,PROD001,5,₹ 162,0,₹ 810,Cash,Completed,0,Standard Sale
SALE0996,BUS001,2026-08-08,CUST004,PROD008,6,₹ 13,0,₹ 78,UPI,Completed,0,Standard Sale
SALE0997,BUS001,2026-08-08,CUST038,PROD008,7,₹ 13,0,₹ 91,UPI,Completed,0,Standard Sale
SALE0998,BUS001,2026-08-08,CUST037,PROD008,2,₹ 13,0,₹ 26,Cash,Completed,0,Standard Sale
SALE0999,BUS001,2026-08-08,CUST006,PROD008,8,₹ 13,0,₹ 104,Cash,Completed,0,Standard Sale
SALE1000,BUS001,2026-08-08,CUST014,PROD010,1,₹ 440,0,₹ 440,UPI,Completed,0,Standard Sale
SALE1001,BUS001,2026-08-08,CUST002,PROD010,5,₹ 440,0,₹ 2200,Cash,Completed,0,Standard Sale
SALE1002,BUS001,2026-08-08,CUST017,PROD001,8,₹ 162,0,₹ 1296,UPI,Completed,0,Standard Sale
SALE1003,BUS001,2026-08-08,CUST020,PROD005,7,₹ 377,0,₹ 2639,Cash,Completed,0,Standard Sale
SALE1004,BUS001,2026-08-08,CUST008,PROD012,5,₹ 316,0,₹ 1580,UPI,Completed,0,Standard Sale
SALE1005,BUS001,2026-08-09,CUST008,PROD002,2,₹ 95,0,₹ 190,Cash,Completed,0,Standard Sale
SALE1006,BUS001,2026-08-09,CUST033,PROD002,4,₹ 95,0,₹ 380,UPI,Completed,0,Standard Sale
SALE1007,BUS001,2026-08-09,CUST039,PROD012,1,₹ 316,0,₹ 316,Cash,Completed,0,Standard Sale
SALE1008,BUS001,2026-08-09,CUST021,PROD006,3,₹ 2106,10,₹ 5686,Cash,Completed,0,Standard Sale
SALE1009,BUS001,2026-08-09,CUST015,PROD001,10,₹ 162,10,₹ 1458,Cash,Completed,0,Standard Sale
SALE1010,BUS001,2026-08-09,CUST026,PROD001,6,₹ 162,10,₹ 874,Cash,Completed,0,Standard Sale
SALE1011,BUS001,2026-08-09,CUST013,PROD004,4,₹ 61,0,₹ 244,Credit,Pending,₹ 244,Standard Sale
SALE1012,BUS001,2026-08-09,CUST008,PROD003,44,₹ 9,0,₹ 396,Cash,Completed,0,Standard Sale
SALE1013,BUS001,2026-08-09,CUST023,PROD007,3,₹ 678,5,₹ 1932,Cash,Completed,0,Standard Sale
SALE1014,BUS001,2026-08-09,CUST012,PROD007,5,₹ 678,0,₹ 3390,Cash,Completed,0,Standard Sale
SALE1015,BUS001,2026-08-09,CUST024,PROD008,9,₹ 13,0,₹ 117,Cash,Completed,0,Standard Sale
SALE1016,BUS001,2026-08-09,CUST004,PROD001,4,₹ 162,0,₹ 648,UPI,Completed,0,Standard Sale
SALE1017,BUS001,2026-08-09,CUST017,PROD006,2,₹ 2106,0,₹ 4212,Credit,Pending,₹ 4212,Standard Sale
SALE1018,BUS001,2026-08-09,CUST003,PROD001,7,₹ 162,0,₹ 1134,Cash,Completed,0,Standard Sale
SALE1019,BUS001,2026-08-10,CUST009,PROD003,20,₹ 9,0,₹ 180,Cash,Completed,0,Standard Sale
SALE1020,BUS001,2026-08-10,CUST029,PROD009,4,₹ 31,0,₹ 124,Cash,Completed,0,Standard Sale
SALE1021,BUS001,2026-08-10,CUST026,PROD011,1,₹ 199,0,₹ 199,Credit,Pending,₹ 199,Standard Sale
SALE1022,BUS001,2026-08-10,CUST034,PROD008,2,₹ 13,0,₹ 26,Cash,Completed,0,Standard Sale
SALE1023,BUS001,2026-08-10,CUST002,PROD005,3,₹ 377,0,₹ 1131,Credit,Pending,₹ 1131,Standard Sale
SALE1024,BUS001,2026-08-10,CUST036,PROD010,5,₹ 440,5,₹ 2090,UPI,Completed,0,Standard Sale
SALE1025,BUS001,2026-08-10,CUST005,PROD007,3,₹ 678,0,₹ 2034,UPI,Completed,0,Standard Sale
SALE1026,BUS001,2026-08-10,CUST039,PROD008,5,₹ 13,0,₹ 65,Cash,Completed,0,Standard Sale
SALE1027,BUS001,2026-08-10,CUST015,PROD006,4,₹ 2106,0,₹ 8424,Cash,Completed,0,Standard Sale
SALE1028,BUS001,2026-08-10,CUST024,PROD003,13,₹ 9,0,₹ 117,Cash,Completed,0,Standard Sale
SALE1029,BUS001,2026-08-10,CUST003,PROD002,4,₹ 95,0,₹ 380,UPI,Completed,0,Standard Sale
SALE1030,BUS001,2026-08-10,CUST022,PROD006,5,₹ 2106,5,₹ 10003,UPI,Completed,0,Standard Sale
SALE1031,BUS001,2026-08-10,CUST037,PROD001,10,₹ 162,10,₹ 1458,Cash,Completed,0,Standard Sale
SALE1032,BUS001,2026-08-10,CUST026,PROD007,4,₹ 678,0,₹ 2712,UPI,Completed,0,Standard Sale
SALE1033,BUS001,2026-08-10,CUST032,PROD005,3,₹ 377,0,₹ 1131,Cash,Completed,0,Standard Sale
SALE1034,BUS001,2026-08-10,CUST025,PROD002,4,₹ 95,10,₹ 342,Cash,Completed,0,Standard Sale
SALE1035,BUS001,2026-08-10,CUST006,PROD009,5,₹ 31,0,₹ 155,UPI,Completed,0,Standard Sale
SALE1036,BUS001,2026-08-10,CUST029,PROD003,35,₹ 9,0,₹ 315,Credit,Pending,₹ 315,Standard Sale
SALE1037,BUS001,2026-08-10,CUST005,PROD004,2,₹ 61,5,₹ 115,UPI,Completed,0,Standard Sale
SALE1038,BUS001,2026-08-11,CUST021,PROD010,3,₹ 440,5,₹ 1254,Cash,Completed,0,Standard Sale
SALE1039,BUS001,2026-08-11,CUST040,PROD006,5,₹ 2106,0,₹ 10530,Cash,Completed,0,Standard Sale
SALE1040,BUS001,2026-08-11,CUST036,PROD009,4,₹ 31,10,₹ 111,UPI,Completed,0,Standard Sale
SALE1041,BUS001,2026-08-11,CUST012,PROD005,7,₹ 377,0,₹ 2639,Cash,Completed,0,Standard Sale
SALE1042,BUS001,2026-08-11,CUST007,PROD008,4,₹ 13,5,₹ 49,Cash,Completed,0,Standard Sale
SALE1043,BUS001,2026-08-11,CUST015,PROD001,5,₹ 162,0,₹ 810,UPI,Completed,0,Standard Sale
SALE1044,BUS001,2026-08-11,CUST034,PROD004,10,₹ 61,0,₹ 610,UPI,Completed,0,Standard Sale
SALE1045,BUS001,2026-08-11,CUST024,PROD004,9,₹ 61,0,₹ 549,Cash,Completed,0,Standard Sale
SALE1046,BUS001,2026-08-11,CUST010,PROD001,2,₹ 162,10,₹ 291,Cash,Completed,0,Standard Sale
SALE1047,BUS001,2026-08-11,CUST036,PROD008,4,₹ 13,0,₹ 52,Cash,Completed,0,Standard Sale
SALE1048,BUS001,2026-08-11,CUST014,PROD011,2,₹ 199,5,₹ 378,Cash,Completed,0,Standard Sale
SALE1049,BUS001,2026-08-11,CUST022,PROD001,7,₹ 162,0,₹ 1134,Cash,Completed,0,Standard Sale
SALE1050,BUS001,2026-08-11,CUST033,PROD002,2,₹ 95,0,₹ 190,Cash,Completed,0,Standard Sale
SALE1051,BUS001,2026-08-11,CUST002,PROD011,5,₹ 199,0,₹ 995,Cash,Completed,0,Standard Sale
SALE1052,BUS001,2026-08-11,CUST023,PROD001,3,₹ 162,10,₹ 437,Cash,Completed,0,Standard Sale
SALE1053,BUS001,2026-08-11,CUST037,PROD001,4,₹ 162,0,₹ 648,Cash,Completed,0,Standard Sale
SALE1054,BUS001,2026-08-12,CUST013,PROD002,5,₹ 95,0,₹ 475,Cash,Completed,0,Standard Sale
SALE1055,BUS001,2026-08-12,CUST035,PROD003,23,₹ 9,0,₹ 207,Cash,Completed,0,Standard Sale
SALE1056,BUS001,2026-08-12,CUST017,PROD004,6,₹ 61,0,₹ 366,UPI,Completed,0,Standard Sale
SALE1057,BUS001,2026-08-12,CUST001,PROD003,49,₹ 9,0,₹ 441,UPI,Completed,0,Standard Sale
SALE1058,BUS001,2026-08-12,CUST005,PROD009,5,₹ 31,0,₹ 155,UPI,Completed,0,Standard Sale
SALE1059,BUS001,2026-08-12,CUST026,PROD002,5,₹ 95,0,₹ 475,Cash,Completed,0,Standard Sale
SALE1060,BUS001,2026-08-13,CUST013,PROD006,3,₹ 2106,10,₹ 5686,Credit,Pending,₹ 5686,Standard Sale
SALE1061,BUS001,2026-08-13,CUST012,PROD007,1,₹ 678,0,₹ 678,Cash,Completed,0,Standard Sale
SALE1062,BUS001,2026-08-13,CUST009,PROD003,16,₹ 9,10,₹ 129,Cash,Completed,0,Standard Sale
SALE1063,BUS001,2026-08-13,CUST007,PROD005,12,₹ 377,0,₹ 4524,Cash,Completed,0,Standard Sale
SALE1064,BUS001,2026-08-13,CUST040,PROD005,10,₹ 377,10,₹ 3393,UPI,Completed,0,Standard Sale
SALE1065,BUS001,2026-08-13,CUST014,PROD003,14,₹ 9,0,₹ 126,UPI,Completed,0,Standard Sale
SALE1066,BUS001,2026-08-13,CUST006,PROD006,3,₹ 2106,10,₹ 5686,Cash,Completed,0,Standard Sale
SALE1067,BUS001,2026-08-13,CUST014,PROD002,2,₹ 95,0,₹ 190,UPI,Completed,0,Standard Sale
SALE1068,BUS001,2026-08-13,CUST001,PROD002,5,₹ 95,0,₹ 475,Cash,Completed,0,Standard Sale
SALE1069,BUS001,2026-08-13,CUST015,PROD003,26,₹ 9,0,₹ 234,Cash,Completed,0,Standard Sale
SALE1070,BUS001,2026-08-13,CUST007,PROD011,5,₹ 199,0,₹ 995,Cash,Completed,0,Standard Sale
SALE1071,BUS001,2026-08-13,CUST040,PROD012,4,₹ 316,0,₹ 1264,UPI,Completed,0,Standard Sale
SALE1072,BUS001,2026-08-13,CUST035,PROD007,2,₹ 678,0,₹ 1356,Credit,Pending,₹ 1356,Standard Sale
SALE1073,BUS001,2026-08-14,CUST012,PROD004,3,₹ 61,10,₹ 164,Cash,Completed,0,Standard Sale
SALE1074,BUS001,2026-08-14,CUST036,PROD003,20,₹ 9,0,₹ 180,UPI,Completed,0,Standard Sale
SALE1075,BUS001,2026-08-14,CUST001,PROD004,10,₹ 61,0,₹ 610,Credit,Pending,₹ 610,Standard Sale
SALE1076,BUS001,2026-08-14,CUST012,PROD006,2,₹ 2106,0,₹ 4212,UPI,Completed,0,Standard Sale
SALE1077,BUS001,2026-08-14,CUST008,PROD012,4,₹ 316,0,₹ 1264,UPI,Completed,0,Standard Sale
SALE1078,BUS001,2026-08-14,CUST033,PROD001,3,₹ 162,0,₹ 486,Cash,Completed,0,Standard Sale
SALE1079,BUS001,2026-08-14,CUST007,PROD002,5,₹ 95,0,₹ 475,Cash,Completed,0,Standard Sale
SALE1080,BUS001,2026-08-14,CUST030,PROD008,6,₹ 13,0,₹ 78,Cash,Completed,0,Standard Sale
SALE1081,BUS001,2026-08-14,CUST016,PROD004,2,₹ 61,0,₹ 122,Cash,Completed,0,Standard Sale
SALE1082,BUS001,2026-08-14,CUST021,PROD001,2,₹ 162,0,₹ 324,Cash,Completed,0,Standard Sale
SALE1083,BUS001,2026-08-14,CUST003,PROD006,4,₹ 2106,0,₹ 8424,Cash,Completed,0,Standard Sale
SALE1084,BUS001,2026-08-14,CUST014,PROD004,5,₹ 61,0,₹ 305,UPI,Completed,0,Standard Sale
SALE1085,BUS001,2026-08-15,CUST004,PROD007,3,₹ 678,0,₹ 2034,Credit,Pending,₹ 2034,Standard Sale
SALE1086,BUS001,2026-08-15,CUST018,PROD001,6,₹ 162,0,₹ 972,UPI,Completed,0,Standard Sale
SALE1087,BUS001,2026-08-15,CUST020,PROD005,3,₹ 377,0,₹ 1131,Credit,Pending,₹ 1131,Standard Sale
SALE1088,BUS001,2026-08-15,CUST019,PROD002,4,₹ 95,10,₹ 342,Cash,Completed,0,Standard Sale
SALE1089,BUS001,2026-08-15,CUST010,PROD006,5,₹ 2106,0,₹ 10530,Credit,Pending,₹ 10530,Standard Sale
SALE1090,BUS001,2026-08-15,CUST031,PROD002,1,₹ 95,0,₹ 95,UPI,Completed,0,Standard Sale
SALE1091,BUS001,2026-08-15,CUST008,PROD009,5,₹ 31,0,₹ 155,Cash,Completed,0,Standard Sale
SALE1092,BUS001,2026-08-15,CUST021,PROD008,10,₹ 13,10,₹ 117,Credit,Pending,₹ 117,Standard Sale
SALE1093,BUS001,2026-08-15,CUST010,PROD006,5,₹ 2106,0,₹ 10530,Cash,Completed,0,Standard Sale
SALE1094,BUS001,2026-08-15,CUST014,PROD006,1,₹ 2106,0,₹ 2106,Cash,Completed,0,Standard Sale
SALE1095,BUS001,2026-08-15,CUST022,PROD005,11,₹ 377,0,₹ 4147,Cash,Completed,0,Standard Sale
SALE1096,BUS001,2026-08-15,CUST022,PROD009,1,₹ 31,0,₹ 31,Cash,Completed,0,Standard Sale
SALE1097,BUS001,2026-08-15,CUST036,PROD008,10,₹ 13,0,₹ 130,Cash,Completed,0,Standard Sale
SALE1098,BUS001,2026-08-15,CUST017,PROD008,5,₹ 13,0,₹ 65,UPI,Completed,0,Standard Sale
SALE1099,BUS001,2026-08-15,CUST036,PROD009,5,₹ 31,0,₹ 155,Cash,Completed,0,Standard Sale
SALE1100,BUS001,2026-08-15,CUST024,PROD006,1,₹ 2106,0,₹ 2106,Cash,Completed,0,Standard Sale
SALE1101,BUS001,2026-08-15,CUST037,PROD008,5,₹ 13,0,₹ 65,UPI,Completed,0,Standard Sale
SALE1102,BUS001,2026-08-15,CUST027,PROD006,1,₹ 2106,5,₹ 2000,Cash,Completed,0,Standard Sale
SALE1103,BUS001,2026-08-15,CUST022,PROD009,4,₹ 31,0,₹ 124,Cash,Completed,0,Standard Sale
SALE1104,BUS001,2026-08-15,CUST007,PROD002,1,₹ 95,0,₹ 95,Cash,Completed,0,Standard Sale
SALE1105,BUS001,2026-08-16,CUST002,PROD002,2,₹ 95,10,₹ 171,Cash,Completed,0,Standard Sale
SALE1106,BUS001,2026-08-16,CUST009,PROD005,12,₹ 377,10,₹ 4071,Cash,Completed,0,Standard Sale
SALE1107,BUS001,2026-08-16,CUST037,PROD008,8,₹ 13,0,₹ 104,UPI,Completed,0,Standard Sale
SALE1108,BUS001,2026-08-16,CUST011,PROD007,5,₹ 678,0,₹ 3390,Credit,Pending,₹ 3390,Standard Sale
SALE1109,BUS001,2026-08-16,CUST033,PROD010,3,₹ 440,0,₹ 1320,UPI,Completed,0,Standard Sale
SALE1110,BUS001,2026-08-16,CUST024,PROD004,9,₹ 61,0,₹ 549,UPI,Completed,0,Standard Sale
SALE1111,BUS001,2026-08-16,CUST011,PROD001,2,₹ 162,0,₹ 324,Cash,Completed,0,Standard Sale
SALE1112,BUS001,2026-08-16,CUST028,PROD008,6,₹ 13,0,₹ 78,UPI,Completed,0,Standard Sale
SALE1113,BUS001,2026-08-16,CUST025,PROD003,49,₹ 9,0,₹ 441,Cash,Completed,0,Standard Sale
SALE1114,BUS001,2026-08-17,CUST035,PROD008,3,₹ 13,0,₹ 39,UPI,Completed,0,Standard Sale
SALE1115,BUS001,2026-08-17,CUST001,PROD005,6,₹ 377,0,₹ 2262,UPI,Completed,0,Standard Sale
SALE1116,BUS001,2026-08-17,CUST017,PROD004,7,₹ 61,0,₹ 427,Cash,Completed,0,Standard Sale
SALE1117,BUS001,2026-08-17,CUST017,PROD011,5,₹ 199,0,₹ 995,UPI,Completed,0,Standard Sale
SALE1118,BUS001,2026-08-17,CUST020,PROD004,2,₹ 61,0,₹ 122,Cash,Completed,0,Standard Sale
SALE1119,BUS001,2026-08-17,CUST036,PROD002,3,₹ 95,0,₹ 285,Cash,Completed,0,Standard Sale
SALE1120,BUS001,2026-08-17,CUST013,PROD004,5,₹ 61,0,₹ 305,Cash,Completed,0,Standard Sale
SALE1121,BUS001,2026-08-17,CUST020,PROD001,2,₹ 162,0,₹ 324,Cash,Completed,0,Standard Sale
SALE1122,BUS001,2026-08-17,CUST013,PROD001,3,₹ 162,0,₹ 486,Cash,Completed,0,Standard Sale
SALE1123,BUS001,2026-08-17,CUST018,PROD004,10,₹ 61,0,₹ 610,UPI,Completed,0,Standard Sale
SALE1124,BUS001,2026-08-17,CUST036,PROD008,8,₹ 13,0,₹ 104,UPI,Completed,0,Standard Sale
SALE1125,BUS001,2026-08-17,CUST008,PROD004,5,₹ 61,0,₹ 305,UPI,Completed,0,Standard Sale
SALE1126,BUS001,2026-08-17,CUST028,PROD002,3,₹ 95,0,₹ 285,Cash,Completed,0,Standard Sale
SALE1127,BUS001,2026-08-17,CUST003,PROD009,3,₹ 31,0,₹ 93,UPI,Completed,0,Standard Sale
SALE1128,BUS001,2026-08-17,CUST023,PROD009,2,₹ 31,10,₹ 55,Cash,Completed,0,Standard Sale
SALE1129,BUS001,2026-08-17,CUST023,PROD009,3,₹ 31,5,₹ 88,Cash,Completed,0,Standard Sale
SALE1130,BUS001,2026-08-17,CUST006,PROD002,4,₹ 95,0,₹ 380,Cash,Completed,0,Standard Sale
SALE1131,BUS001,2026-08-17,CUST001,PROD002,3,₹ 95,0,₹ 285,Cash,Completed,0,Standard Sale
SALE1132,BUS001,2026-08-18,CUST003,PROD009,4,₹ 31,0,₹ 124,Cash,Completed,0,Standard Sale
SALE1133,BUS001,2026-08-18,CUST033,PROD002,1,₹ 95,0,₹ 95,Cash,Completed,0,Standard Sale
SALE1134,BUS001,2026-08-18,CUST039,PROD008,10,₹ 13,0,₹ 130,Cash,Completed,0,Standard Sale
SALE1135,BUS001,2026-08-18,CUST033,PROD005,5,₹ 377,0,₹ 1885,UPI,Completed,0,Standard Sale
SALE1136,BUS001,2026-08-18,CUST035,PROD005,15,₹ 377,0,₹ 5655,Cash,Completed,0,Standard Sale
SALE1137,BUS001,2026-08-18,CUST034,PROD003,50,₹ 9,0,₹ 450,UPI,Completed,0,Standard Sale
SALE1138,BUS001,2026-08-18,CUST014,PROD002,1,₹ 95,0,₹ 95,UPI,Completed,0,Standard Sale
SALE1139,BUS001,2026-08-18,CUST005,PROD005,15,₹ 377,5,₹ 5372,Cash,Completed,0,Standard Sale
SALE1140,BUS001,2026-08-18,CUST006,PROD001,9,₹ 162,0,₹ 1458,Cash,Completed,0,Standard Sale
SALE1141,BUS001,2026-08-18,CUST009,PROD003,15,₹ 9,0,₹ 135,Cash,Completed,0,Standard Sale
SALE1142,BUS001,2026-08-18,CUST040,PROD002,2,₹ 95,0,₹ 190,Cash,Completed,0,Standard Sale
SALE1143,BUS001,2026-08-18,CUST020,PROD012,3,₹ 316,0,₹ 948,UPI,Completed,0,Standard Sale
SALE1144,BUS001,2026-08-18,CUST020,PROD005,12,₹ 377,0,₹ 4524,UPI,Completed,0,Standard Sale
SALE1145,BUS001,2026-08-18,CUST023,PROD007,3,₹ 678,5,₹ 1932,Cash,Completed,0,Standard Sale
SALE1146,BUS001,2026-08-18,CUST002,PROD001,10,₹ 162,10,₹ 1458,Cash,Completed,0,Standard Sale
SALE1147,BUS001,2026-08-18,CUST030,PROD001,6,₹ 162,10,₹ 874,UPI,Completed,0,Standard Sale
SALE1148,BUS001,2026-08-18,CUST014,PROD008,9,₹ 13,0,₹ 117,UPI,Completed,0,Standard Sale
SALE1149,BUS001,2026-08-18,CUST002,PROD009,3,₹ 31,0,₹ 93,Cash,Completed,0,Standard Sale
SALE1150,BUS001,2026-08-18,CUST015,PROD001,9,₹ 162,0,₹ 1458,Cash,Completed,0,Standard Sale
SALE1151,BUS001,2026-08-18,CUST015,PROD002,2,₹ 95,0,₹ 190,Cash,Completed,0,Standard Sale
SALE1152,BUS001,2026-08-19,CUST028,PROD007,1,₹ 678,10,₹ 610,Cash,Completed,0,Standard Sale
SALE1153,BUS001,2026-08-19,CUST030,PROD005,12,₹ 377,5,₹ 4297,Cash,Completed,0,Standard Sale
SALE1154,BUS001,2026-08-19,CUST037,PROD003,40,₹ 9,0,₹ 360,Cash,Completed,0,Standard Sale
SALE1155,BUS001,2026-08-19,CUST037,PROD002,1,₹ 95,10,₹ 85,Cash,Completed,0,Standard Sale
SALE1156,BUS001,2026-08-19,CUST004,PROD012,4,₹ 316,0,₹ 1264,Cash,Completed,0,Standard Sale
SALE1157,BUS001,2026-08-19,CUST033,PROD012,1,₹ 316,0,₹ 316,Cash,Completed,0,Standard Sale
SALE1158,BUS001,2026-08-19,CUST013,PROD006,1,₹ 2106,0,₹ 2106,UPI,Completed,0,Standard Sale
SALE1159,BUS001,2026-08-19,CUST031,PROD001,7,₹ 162,0,₹ 1134,Credit,Pending,₹ 1134,Standard Sale
SALE1160,BUS001,2026-08-19,CUST034,PROD008,10,₹ 13,0,₹ 130,UPI,Completed,0,Standard Sale
SALE1161,BUS001,2026-08-19,CUST025,PROD008,6,₹ 13,0,₹ 78,Cash,Completed,0,Standard Sale
SALE1162,BUS001,2026-08-19,CUST002,PROD005,7,₹ 377,0,₹ 2639,Cash,Completed,0,Standard Sale
SALE1163,BUS001,2026-08-20,CUST009,PROD001,5,₹ 162,0,₹ 810,Cash,Completed,0,Standard Sale
SALE1164,BUS001,2026-08-20,CUST007,PROD007,5,₹ 678,10,₹ 3051,UPI,Completed,0,Standard Sale
SALE1165,BUS001,2026-08-20,CUST031,PROD001,3,₹ 162,0,₹ 486,UPI,Completed,0,Standard Sale
SALE1166,BUS001,2026-08-20,CUST033,PROD005,7,₹ 377,0,₹ 2639,Cash,Completed,0,Standard Sale
SALE1167,BUS001,2026-08-20,CUST006,PROD003,42,₹ 9,0,₹ 378,Cash,Completed,0,Standard Sale
SALE1168,BUS001,2026-08-20,CUST005,PROD012,1,₹ 316,5,₹ 300,Cash,Completed,0,Standard Sale
SALE1169,BUS001,2026-08-20,CUST012,PROD007,5,₹ 678,0,₹ 3390,Cash,Completed,0,Standard Sale
SALE1170,BUS001,2026-08-20,CUST011,PROD011,3,₹ 199,0,₹ 597,UPI,Completed,0,Standard Sale
SALE1171,BUS001,2026-08-20,CUST040,PROD007,2,₹ 678,0,₹ 1356,UPI,Completed,0,Standard Sale
SALE1172,BUS001,2026-08-20,CUST003,PROD006,2,₹ 2106,0,₹ 4212,Cash,Completed,0,Standard Sale
SALE1173,BUS001,2026-08-20,CUST005,PROD006,1,₹ 2106,0,₹ 2106,Cash,Completed,0,Standard Sale
SALE1174,BUS001,2026-08-20,CUST039,PROD012,1,₹ 316,0,₹ 316,UPI,Completed,0,Standard Sale
SALE1175,BUS001,2026-08-20,CUST023,PROD005,14,₹ 377,0,₹ 5278,Cash,Completed,0,Standard Sale
SALE1176,BUS001,2026-08-20,CUST010,PROD011,1,₹ 199,0,₹ 199,Cash,Completed,0,Standard Sale
SALE1177,BUS001,2026-08-20,CUST002,PROD005,15,₹ 377,5,₹ 5372,Cash,Completed,0,Standard Sale
SALE1178,BUS001,2026-08-20,CUST030,PROD007,1,₹ 678,0,₹ 678,Cash,Completed,0,Standard Sale
SALE1179,BUS001,2026-08-20,CUST032,PROD001,4,₹ 162,0,₹ 648,UPI,Completed,0,Standard Sale
SALE1180,BUS001,2026-08-20,CUST033,PROD002,4,₹ 95,0,₹ 380,UPI,Completed,0,Standard Sale
SALE1181,BUS001,2026-08-20,CUST002,PROD004,7,₹ 61,0,₹ 427,UPI,Completed,0,Standard Sale
SALE1182,BUS001,2026-08-20,CUST008,PROD004,6,₹ 61,0,₹ 366,Credit,Pending,₹ 366,Standard Sale
SALE1183,BUS001,2026-08-20,CUST032,PROD001,6,₹ 162,0,₹ 972,Cash,Completed,0,Standard Sale
SALE1184,BUS001,2026-08-20,CUST036,PROD001,5,₹ 162,0,₹ 810,Cash,Completed,0,Standard Sale
SALE1185,BUS001,2026-08-20,CUST025,PROD008,4,₹ 13,5,₹ 49,Cash,Completed,0,Standard Sale
SALE1186,BUS001,2026-08-20,CUST021,PROD008,10,₹ 13,10,₹ 117,Cash,Completed,0,Standard Sale
SALE1187,BUS001,2026-08-20,CUST017,PROD003,33,₹ 9,10,₹ 267,Cash,Completed,0,Standard Sale
SALE1188,BUS001,2026-08-20,CUST037,PROD002,5,₹ 95,0,₹ 475,Cash,Completed,0,Standard Sale
SALE1189,BUS001,2026-08-20,CUST012,PROD004,6,₹ 61,0,₹ 366,UPI,Completed,0,Standard Sale
SALE1190,BUS001,2026-08-20,CUST026,PROD007,5,₹ 678,0,₹ 3390,UPI,Completed,0,Standard Sale
SALE1191,BUS001,2026-08-20,CUST027,PROD008,5,₹ 13,0,₹ 65,Cash,Completed,0,Standard Sale
SALE1192,BUS001,2026-08-21,CUST009,PROD007,4,₹ 678,0,₹ 2712,UPI,Completed,0,Standard Sale
SALE1193,BUS001,2026-08-21,CUST009,PROD004,6,₹ 61,0,₹ 366,UPI,Completed,0,Standard Sale
SALE1194,BUS001,2026-08-21,CUST021,PROD003,31,₹ 9,0,₹ 279,UPI,Completed,0,Standard Sale
SALE1195,BUS001,2026-08-21,CUST027,PROD001,10,₹ 162,0,₹ 1620,UPI,Completed,0,Standard Sale
SALE1196,BUS001,2026-08-21,CUST033,PROD001,10,₹ 162,5,₹ 1539,Cash,Completed,0,Standard Sale
SALE1197,BUS001,2026-08-21,CUST009,PROD004,8,₹ 61,0,₹ 488,Credit,Pending,₹ 488,Standard Sale
SALE1198,BUS001,2026-08-21,CUST001,PROD004,10,₹ 61,0,₹ 610,Cash,Completed,0,Standard Sale
SALE1199,BUS001,2026-08-21,CUST027,PROD007,5,₹ 678,0,₹ 3390,UPI,Completed,0,Standard Sale
SALE1200,BUS001,2026-08-21,CUST026,PROD004,2,₹ 61,0,₹ 122,Credit,Pending,₹ 122,Standard Sale
SALE1201,BUS001,2026-08-21,CUST040,PROD006,5,₹ 2106,0,₹ 10530,Cash,Completed,0,Standard Sale
SALE1202,BUS001,2026-08-21,CUST021,PROD003,17,₹ 9,0,₹ 153,Cash,Completed,0,Standard Sale
SALE1203,BUS001,2026-08-21,CUST040,PROD001,7,₹ 162,0,₹ 1134,UPI,Completed,0,Standard Sale
SALE1204,BUS001,2026-08-21,CUST030,PROD010,5,₹ 440,0,₹ 2200,UPI,Completed,0,Standard Sale
SALE1205,BUS001,2026-08-21,CUST015,PROD009,4,₹ 31,10,₹ 111,Cash,Completed,0,Standard Sale
SALE1206,BUS001,2026-08-21,CUST017,PROD003,14,₹ 9,0,₹ 126,UPI,Completed,0,Standard Sale
SALE1207,BUS001,2026-08-21,CUST039,PROD004,7,₹ 61,0,₹ 427,Cash,Completed,0,Standard Sale
SALE1208,BUS001,2026-08-21,CUST040,PROD004,6,₹ 61,0,₹ 366,Cash,Completed,0,Standard Sale
SALE1209,BUS001,2026-08-21,CUST023,PROD012,1,₹ 316,0,₹ 316,Credit,Pending,₹ 316,Standard Sale
SALE1210,BUS001,2026-08-21,CUST001,PROD005,3,₹ 377,0,₹ 1131,Cash,Completed,0,Standard Sale
SALE1211,BUS001,2026-08-21,CUST025,PROD010,1,₹ 440,0,₹ 440,Cash,Completed,0,Standard Sale
SALE1212,BUS001,2026-08-21,CUST009,PROD007,2,₹ 678,0,₹ 1356,UPI,Completed,0,Standard Sale
SALE1213,BUS001,2026-08-21,CUST017,PROD009,5,₹ 31,0,₹ 155,UPI,Completed,0,Standard Sale
SALE1214,BUS001,2026-08-22,CUST022,PROD005,5,₹ 377,0,₹ 1885,UPI,Completed,0,Standard Sale
SALE1215,BUS001,2026-08-22,CUST014,PROD001,5,₹ 162,5,₹ 769,Cash,Completed,0,Standard Sale
SALE1216,BUS001,2026-08-22,CUST022,PROD008,7,₹ 13,0,₹ 91,Credit,Pending,₹ 91,Standard Sale
SALE1217,BUS001,2026-08-22,CUST037,PROD006,3,₹ 2106,0,₹ 6318,UPI,Completed,0,Standard Sale
SALE1218,BUS001,2026-08-22,CUST008,PROD008,3,₹ 13,0,₹ 39,Cash,Completed,0,Standard Sale
SALE1219,BUS001,2026-08-22,CUST021,PROD001,10,₹ 162,0,₹ 1620,UPI,Completed,0,Standard Sale
SALE1220,BUS001,2026-08-22,CUST011,PROD001,10,₹ 162,0,₹ 1620,Cash,Completed,0,Standard Sale
SALE1221,BUS001,2026-08-22,CUST039,PROD004,7,₹ 61,10,₹ 384,Cash,Completed,0,Standard Sale
SALE1222,BUS001,2026-08-22,CUST019,PROD004,4,₹ 61,10,₹ 219,Cash,Completed,0,Standard Sale
SALE1223,BUS001,2026-08-22,CUST009,PROD001,8,₹ 162,0,₹ 1296,Cash,Completed,0,Standard Sale
SALE1224,BUS001,2026-08-22,CUST019,PROD007,3,₹ 678,0,₹ 2034,Cash,Completed,0,Standard Sale
SALE1225,BUS001,2026-08-22,CUST021,PROD007,4,₹ 678,5,₹ 2576,Cash,Completed,0,Standard Sale
SALE1226,BUS001,2026-08-22,CUST027,PROD004,9,₹ 61,0,₹ 549,Credit,Pending,₹ 549,Standard Sale
SALE1227,BUS001,2026-08-22,CUST007,PROD005,10,₹ 377,0,₹ 3770,UPI,Completed,0,Standard Sale
SALE1228,BUS001,2026-08-22,CUST016,PROD007,1,₹ 678,0,₹ 678,Cash,Completed,0,Standard Sale
SALE1229,BUS001,2026-08-22,CUST039,PROD003,13,₹ 9,0,₹ 117,Cash,Completed,0,Standard Sale
SALE1230,BUS001,2026-08-22,CUST034,PROD005,10,₹ 377,0,₹ 3770,Cash,Completed,0,Standard Sale
SALE1231,BUS001,2026-08-22,CUST035,PROD008,9,₹ 13,0,₹ 117,Cash,Completed,0,Standard Sale
SALE1232,BUS001,2026-08-22,CUST030,PROD009,1,₹ 31,0,₹ 31,Cash,Completed,0,Standard Sale
SALE1233,BUS001,2026-08-22,CUST019,PROD005,5,₹ 377,0,₹ 1885,Cash,Completed,0,Standard Sale
SALE1234,BUS001,2026-08-22,CUST008,PROD002,5,₹ 95,0,₹ 475,Cash,Completed,0,Standard Sale
SALE1235,BUS001,2026-08-22,CUST031,PROD004,8,₹ 61,0,₹ 488,Cash,Completed,0,Standard Sale
SALE1236,BUS001,2026-08-23,CUST012,PROD008,6,₹ 13,5,₹ 74,Cash,Completed,0,Standard Sale
SALE1237,BUS001,2026-08-23,CUST036,PROD009,4,₹ 31,0,₹ 124,Cash,Completed,0,Standard Sale
SALE1238,BUS001,2026-08-23,CUST008,PROD007,5,₹ 678,0,₹ 3390,Cash,Completed,0,Standard Sale
SALE1239,BUS001,2026-08-23,CUST036,PROD008,6,₹ 13,0,₹ 78,Cash,Completed,0,Standard Sale
SALE1240,BUS001,2026-08-23,CUST040,PROD003,15,₹ 9,0,₹ 135,Cash,Completed,0,Standard Sale
SALE1241,BUS001,2026-08-23,CUST030,PROD001,3,₹ 162,0,₹ 486,Credit,Pending,₹ 486,Standard Sale
SALE1242,BUS001,2026-08-23,CUST025,PROD009,2,₹ 31,0,₹ 62,Cash,Completed,0,Standard Sale
SALE1243,BUS001,2026-08-23,CUST014,PROD003,26,₹ 9,0,₹ 234,Cash,Completed,0,Standard Sale
SALE1244,BUS001,2026-08-23,CUST024,PROD011,2,₹ 199,0,₹ 398,Cash,Completed,0,Standard Sale
SALE1245,BUS001,2026-08-23,CUST007,PROD008,7,₹ 13,0,₹ 91,Cash,Completed,0,Standard Sale
SALE1246,BUS001,2026-08-23,CUST005,PROD006,4,₹ 2106,0,₹ 8424,Credit,Pending,₹ 8424,Standard Sale
SALE1247,BUS001,2026-08-23,CUST025,PROD008,2,₹ 13,0,₹ 26,Cash,Completed,0,Standard Sale
SALE1248,BUS001,2026-08-23,CUST026,PROD011,5,₹ 199,5,₹ 945,Cash,Completed,0,Standard Sale
SALE1249,BUS001,2026-08-23,CUST023,PROD009,3,₹ 31,0,₹ 93,Cash,Completed,0,Standard Sale
SALE1250,BUS001,2026-08-23,CUST029,PROD003,33,₹ 9,0,₹ 297,Cash,Completed,0,Standard Sale
SALE1251,BUS001,2026-08-23,CUST012,PROD003,37,₹ 9,0,₹ 333,Cash,Completed,0,Standard Sale
SALE1252,BUS001,2026-08-24,CUST019,PROD003,44,₹ 9,10,₹ 356,Cash,Completed,0,Standard Sale
SALE1253,BUS001,2026-08-24,CUST002,PROD006,2,₹ 2106,0,₹ 4212,Cash,Completed,0,Standard Sale
SALE1254,BUS001,2026-08-24,CUST030,PROD002,1,₹ 95,0,₹ 95,Cash,Completed,0,Standard Sale
SALE1255,BUS001,2026-08-24,CUST028,PROD007,5,₹ 678,0,₹ 3390,UPI,Completed,0,Standard Sale
SALE1256,BUS001,2026-08-24,CUST039,PROD012,3,₹ 316,0,₹ 948,Cash,Completed,0,Standard Sale
SALE1257,BUS001,2026-08-25,CUST027,PROD006,2,₹ 2106,0,₹ 4212,Credit,Pending,₹ 4212,Standard Sale
SALE1258,BUS001,2026-08-25,CUST034,PROD008,3,₹ 13,0,₹ 39,Credit,Pending,₹ 39,Standard Sale
SALE1259,BUS001,2026-08-25,CUST038,PROD004,3,₹ 61,0,₹ 183,Credit,Pending,₹ 183,Standard Sale
SALE1260,BUS001,2026-08-25,CUST037,PROD003,15,₹ 9,5,₹ 128,Cash,Completed,0,Standard Sale
SALE1261,BUS001,2026-08-25,CUST001,PROD001,2,₹ 162,10,₹ 291,UPI,Completed,0,Standard Sale
SALE1262,BUS001,2026-08-25,CUST001,PROD007,4,₹ 678,10,₹ 2440,Credit,Pending,₹ 2440,Standard Sale
SALE1263,BUS001,2026-08-25,CUST039,PROD001,8,₹ 162,5,₹ 1231,Cash,Completed,0,Standard Sale
SALE1264,BUS001,2026-08-25,CUST034,PROD006,5,₹ 2106,0,₹ 10530,Credit,Pending,₹ 10530,Standard Sale
SALE1265,BUS001,2026-08-25,CUST022,PROD006,2,₹ 2106,0,₹ 4212,UPI,Completed,0,Standard Sale
SALE1266,BUS001,2026-08-25,CUST021,PROD006,5,₹ 2106,0,₹ 10530,Cash,Completed,0,Standard Sale
SALE1267,BUS001,2026-08-25,CUST030,PROD005,14,₹ 377,0,₹ 5278,UPI,Completed,0,Standard Sale
SALE1268,BUS001,2026-08-25,CUST007,PROD007,3,₹ 678,0,₹ 2034,Cash,Completed,0,Standard Sale
SALE1269,BUS001,2026-08-25,CUST002,PROD008,5,₹ 13,0,₹ 65,Cash,Completed,0,Standard Sale
SALE1270,BUS001,2026-08-25,CUST007,PROD001,7,₹ 162,0,₹ 1134,UPI,Completed,0,Standard Sale
SALE1271,BUS001,2026-08-25,CUST001,PROD008,8,₹ 13,0,₹ 104,UPI,Completed,0,Standard Sale
SALE1272,BUS001,2026-08-25,CUST015,PROD007,4,₹ 678,0,₹ 2712,UPI,Completed,0,Standard Sale
SALE1273,BUS001,2026-08-25,CUST027,PROD009,4,₹ 31,5,₹ 117,Cash,Completed,0,Standard Sale
SALE1274,BUS001,2026-08-25,CUST029,PROD009,4,₹ 31,0,₹ 124,Cash,Completed,0,Standard Sale
SALE1275,BUS001,2026-08-25,CUST017,PROD004,5,₹ 61,10,₹ 274,UPI,Completed,0,Standard Sale
SALE1276,BUS001,2026-08-25,CUST029,PROD001,5,₹ 162,0,₹ 810,Cash,Completed,0,Standard Sale
SALE1277,BUS001,2026-08-25,CUST035,PROD010,2,₹ 440,0,₹ 880,Cash,Completed,0,Standard Sale
SALE1278,BUS001,2026-08-25,CUST030,PROD001,4,₹ 162,0,₹ 648,Cash,Completed,0,Standard Sale
SALE1279,BUS001,2026-08-26,CUST019,PROD009,5,₹ 31,5,₹ 147,Cash,Completed,0,Standard Sale
SALE1280,BUS001,2026-08-26,CUST039,PROD003,43,₹ 9,0,₹ 387,Cash,Completed,0,Standard Sale
SALE1281,BUS001,2026-08-26,CUST010,PROD008,7,₹ 13,0,₹ 91,UPI,Completed,0,Standard Sale
SALE1282,BUS001,2026-08-26,CUST039,PROD003,38,₹ 9,0,₹ 342,UPI,Completed,0,Standard Sale
SALE1283,BUS001,2026-08-26,CUST005,PROD002,3,₹ 95,0,₹ 285,Cash,Completed,0,Standard Sale
SALE1284,BUS001,2026-08-26,CUST032,PROD009,5,₹ 31,5,₹ 147,UPI,Completed,0,Standard Sale
SALE1285,BUS001,2026-08-26,CUST016,PROD002,4,₹ 95,0,₹ 380,Cash,Completed,0,Standard Sale
SALE1286,BUS001,2026-08-26,CUST025,PROD003,24,₹ 9,0,₹ 216,Cash,Completed,0,Standard Sale
SALE1287,BUS001,2026-08-26,CUST036,PROD008,5,₹ 13,0,₹ 65,UPI,Completed,0,Standard Sale
SALE1288,BUS001,2026-08-26,CUST028,PROD006,1,₹ 2106,0,₹ 2106,UPI,Completed,0,Standard Sale
SALE1289,BUS001,2026-08-26,CUST032,PROD009,5,₹ 31,0,₹ 155,Cash,Completed,0,Standard Sale
SALE1290,BUS001,2026-08-26,CUST023,PROD005,5,₹ 377,0,₹ 1885,Cash,Completed,0,Standard Sale
SALE1291,BUS001,2026-08-26,CUST036,PROD005,12,₹ 377,0,₹ 4524,UPI,Completed,0,Standard Sale
SALE1292,BUS001,2026-08-26,CUST004,PROD005,3,₹ 377,0,₹ 1131,Cash,Completed,0,Standard Sale
SALE1293,BUS001,2026-08-26,CUST014,PROD010,2,₹ 440,10,₹ 792,Cash,Completed,0,Standard Sale
SALE1294,BUS001,2026-08-26,CUST025,PROD007,4,₹ 678,0,₹ 2712,Cash,Completed,0,Standard Sale
SALE1295,BUS001,2026-08-26,CUST008,PROD004,6,₹ 61,5,₹ 347,Credit,Pending,₹ 347,Standard Sale
SALE1296,BUS001,2026-08-26,CUST035,PROD008,6,₹ 13,0,₹ 78,Cash,Completed,0,Standard Sale
SALE1297,BUS001,2026-08-26,CUST017,PROD005,4,₹ 377,5,₹ 1432,Cash,Completed,0,Standard Sale
SALE1298,BUS001,2026-08-26,CUST007,PROD009,4,₹ 31,10,₹ 111,Credit,Pending,₹ 111,Standard Sale
SALE1299,BUS001,2026-08-26,CUST016,PROD006,1,₹ 2106,0,₹ 2106,Cash,Completed,0,Standard Sale
SALE1300,BUS001,2026-08-26,CUST038,PROD004,4,₹ 61,0,₹ 244,Cash,Completed,0,Standard Sale
SALE1301,BUS001,2026-08-26,CUST015,PROD008,5,₹ 13,0,₹ 65,Cash,Completed,0,Standard Sale
SALE1302,BUS001,2026-08-27,CUST033,PROD008,6,₹ 13,0,₹ 78,Credit,Pending,₹ 78,Standard Sale
SALE1303,BUS001,2026-08-27,CUST008,PROD007,1,₹ 678,10,₹ 610,UPI,Completed,0,Standard Sale
SALE1304,BUS001,2026-08-27,CUST030,PROD006,5,₹ 2106,0,₹ 10530,Cash,Completed,0,Standard Sale
SALE1305,BUS001,2026-08-27,CUST035,PROD001,5,₹ 162,0,₹ 810,Cash,Completed,0,Standard Sale
SALE1306,BUS001,2026-08-27,CUST017,PROD001,2,₹ 162,0,₹ 324,Cash,Completed,0,Standard Sale
SALE1307,BUS001,2026-08-27,CUST006,PROD008,4,₹ 13,0,₹ 52,Cash,Completed,0,Standard Sale
SALE1308,BUS001,2026-08-27,CUST029,PROD006,3,₹ 2106,10,₹ 5686,Credit,Pending,₹ 5686,Standard Sale
SALE1309,BUS001,2026-08-27,CUST020,PROD002,2,₹ 95,0,₹ 190,Cash,Completed,0,Standard Sale
SALE1310,BUS001,2026-08-27,CUST008,PROD008,3,₹ 13,0,₹ 39,Cash,Completed,0,Standard Sale
SALE1311,BUS001,2026-08-27,CUST029,PROD005,14,₹ 377,0,₹ 5278,Cash,Completed,0,Standard Sale
SALE1312,BUS001,2026-08-27,CUST009,PROD003,41,₹ 9,0,₹ 369,Cash,Completed,0,Standard Sale
SALE1313,BUS001,2026-08-27,CUST038,PROD004,2,₹ 61,0,₹ 122,Cash,Completed,0,Standard Sale
SALE1314,BUS001,2026-08-27,CUST010,PROD008,6,₹ 13,0,₹ 78,Cash,Completed,0,Standard Sale
SALE1315,BUS001,2026-08-27,CUST032,PROD005,3,₹ 377,5,₹ 1074,Cash,Completed,0,Standard Sale
SALE1316,BUS001,2026-08-27,CUST003,PROD003,48,₹ 9,0,₹ 432,UPI,Completed,0,Standard Sale
SALE1317,BUS001,2026-08-27,CUST032,PROD007,4,₹ 678,10,₹ 2440,Cash,Completed,0,Standard Sale
SALE1318,BUS001,2026-08-28,CUST023,PROD008,9,₹ 13,0,₹ 117,Cash,Completed,0,Standard Sale
SALE1319,BUS001,2026-08-28,CUST006,PROD012,4,₹ 316,5,₹ 1200,Cash,Completed,0,Standard Sale
SALE1320,BUS001,2026-08-28,CUST026,PROD005,15,₹ 377,0,₹ 5655,Cash,Completed,0,Standard Sale
SALE1321,BUS001,2026-08-28,CUST030,PROD008,4,₹ 13,0,₹ 52,Cash,Completed,0,Standard Sale
SALE1322,BUS001,2026-08-28,CUST020,PROD010,1,₹ 440,0,₹ 440,Cash,Completed,0,Standard Sale
SALE1323,BUS001,2026-08-28,CUST024,PROD005,15,₹ 377,0,₹ 5655,UPI,Completed,0,Standard Sale
SALE1324,BUS001,2026-08-28,CUST019,PROD007,5,₹ 678,0,₹ 3390,Cash,Completed,0,Standard Sale
SALE1325,BUS001,2026-08-28,CUST034,PROD005,13,₹ 377,0,₹ 4901,Credit,Pending,₹ 4901,Standard Sale
SALE1326,BUS001,2026-08-28,CUST004,PROD002,5,₹ 95,0,₹ 475,Cash,Completed,0,Standard Sale
SALE1327,BUS001,2026-08-28,CUST028,PROD006,4,₹ 2106,10,₹ 7581,UPI,Completed,0,Standard Sale
SALE1328,BUS001,2026-08-28,CUST031,PROD003,46,₹ 9,0,₹ 414,UPI,Completed,0,Standard Sale
SALE1329,BUS001,2026-08-28,CUST001,PROD009,3,₹ 31,0,₹ 93,UPI,Completed,0,Standard Sale
SALE1330,BUS001,2026-08-28,CUST040,PROD004,6,₹ 61,0,₹ 366,Cash,Completed,0,Standard Sale
SALE1331,BUS001,2026-08-28,CUST013,PROD010,3,₹ 440,0,₹ 1320,Credit,Pending,₹ 1320,Standard Sale
SALE1332,BUS001,2026-08-28,CUST005,PROD003,26,₹ 9,0,₹ 234,UPI,Completed,0,Standard Sale
SALE1333,BUS001,2026-08-29,CUST027,PROD008,2,₹ 13,0,₹ 26,UPI,Completed,0,Standard Sale
SALE1334,BUS001,2026-08-29,CUST003,PROD008,8,₹ 13,0,₹ 104,Cash,Completed,0,Standard Sale
SALE1335,BUS001,2026-08-29,CUST026,PROD004,8,₹ 61,0,₹ 488,Cash,Completed,0,Standard Sale
SALE1336,BUS001,2026-08-29,CUST010,PROD003,25,₹ 9,5,₹ 213,Cash,Completed,0,Standard Sale
SALE1337,BUS001,2026-08-29,CUST018,PROD004,3,₹ 61,0,₹ 183,Cash,Completed,0,Standard Sale
SALE1338,BUS001,2026-08-29,CUST009,PROD003,47,₹ 9,0,₹ 423,Cash,Completed,0,Standard Sale
SALE1339,BUS001,2026-08-29,CUST032,PROD009,5,₹ 31,0,₹ 155,Cash,Completed,0,Standard Sale
SALE1340,BUS001,2026-08-29,CUST018,PROD007,3,₹ 678,0,₹ 2034,Cash,Completed,0,Standard Sale
SALE1341,BUS001,2026-08-29,CUST025,PROD010,1,₹ 440,0,₹ 440,Cash,Completed,0,Standard Sale
SALE1342,BUS001,2026-08-29,CUST019,PROD003,40,₹ 9,0,₹ 360,Cash,Completed,0,Standard Sale
SALE1343,BUS001,2026-08-29,CUST025,PROD008,9,₹ 13,0,₹ 117,Credit,Pending,₹ 117,Standard Sale
SALE1344,BUS001,2026-08-29,CUST035,PROD005,13,₹ 377,0,₹ 4901,Cash,Completed,0,Standard Sale
SALE1345,BUS001,2026-08-29,CUST002,PROD002,3,₹ 95,5,₹ 270,UPI,Completed,0,Standard Sale
SALE1346,BUS001,2026-08-29,CUST017,PROD001,2,₹ 162,10,₹ 291,Cash,Completed,0,Standard Sale
SALE1347,BUS001,2026-08-29,CUST031,PROD006,2,₹ 2106,0,₹ 4212,Cash,Completed,0,Standard Sale
SALE1348,BUS001,2026-08-29,CUST035,PROD008,9,₹ 13,0,₹ 117,UPI,Completed,0,Standard Sale
SALE1349,BUS001,2026-08-29,CUST003,PROD001,9,₹ 162,0,₹ 1458,Credit,Pending,₹ 1458,Standard Sale
SALE1350,BUS001,2026-08-29,CUST037,PROD001,4,₹ 162,0,₹ 648,Cash,Completed,0,Standard Sale
SALE1351,BUS001,2026-08-30,CUST021,PROD005,12,₹ 377,0,₹ 4524,Cash,Completed,0,Standard Sale
SALE1352,BUS001,2026-08-30,CUST034,PROD007,4,₹ 678,0,₹ 2712,Credit,Pending,₹ 2712,Standard Sale
SALE1353,BUS001,2026-08-30,CUST007,PROD005,15,₹ 377,10,₹ 5089,Cash,Completed,0,Standard Sale
SALE1354,BUS001,2026-08-30,CUST038,PROD003,25,₹ 9,10,₹ 202,Cash,Completed,0,Standard Sale
SALE1355,BUS001,2026-08-30,CUST011,PROD006,1,₹ 2106,0,₹ 2106,Cash,Completed,0,Standard Sale
SALE1356,BUS001,2026-08-30,CUST019,PROD006,4,₹ 2106,0,₹ 8424,Cash,Completed,0,Standard Sale
SALE1357,BUS001,2026-08-30,CUST040,PROD002,1,₹ 95,0,₹ 95,Cash,Completed,0,Standard Sale
SALE1358,BUS001,2026-08-30,CUST032,PROD004,9,₹ 61,0,₹ 549,UPI,Completed,0,Standard Sale
SALE1359,BUS001,2026-08-30,CUST030,PROD002,5,₹ 95,0,₹ 475,Cash,Completed,0,Standard Sale
SALE1360,BUS001,2026-08-30,CUST024,PROD001,9,₹ 162,0,₹ 1458,Credit,Pending,₹ 1458,Standard Sale
SALE1361,BUS001,2026-08-30,CUST008,PROD005,8,₹ 377,0,₹ 3016,Credit,Pending,₹ 3016,Standard Sale
SALE1362,BUS001,2026-08-30,CUST034,PROD003,24,₹ 9,0,₹ 216,Cash,Completed,0,Standard Sale
SALE1363,BUS001,2026-08-30,CUST039,PROD001,10,₹ 162,0,₹ 1620,Credit,Pending,₹ 1620,Standard Sale
