Product_ID,Product_Name,Category,Sector,Unit,Purchase_Price,Selling_Price,Current_Stock,Minimum_Stock,Maximum_Stock,Reorder_Level,Status,Description,Supplier_ID,Lead_Time_Days,Record_Type,Sale_ID,Business_ID,Date,Customer_ID,Quantity,Discount_Percent,Total_Amount,Payment_Mode,Payment_Status,Credit_Amount,Notes,Expense_ID,Amount,Is_Fixed,Customer_Name,Business_Name,Contact_Number,Email,City,Customer_Type,Registration_Date,Customer_Rating,Outstanding_Amount,Vendor_ID,Vendor_Name,Material_Type,Total_Ordered_Amount,Total_Paid_Amount,Outstanding_Balance,Next_Payment_Date,Credit_Days_Allowed,Loan_ID,Loan_Provider,Principal_Amount,Interest_Rate,Tenure_Months,Monthly_EMI,Outstanding_Principal,Start_Date,Next_Due_Date,Loan_Type
PROD001,Steel Pipes - 1 inch,Building Materials,Hardware,Piece,₹ 145,₹ 162,125.0,30.0,200.0,50.0,Healthy,Galvanized steel pipes used for plumbing and construction work.,SUPP002,5.0,Inventory,,,,,,,,,,,,,,,,,,,,,,,,,,,,,,,,,,,,,,,,,
PROD002,PVC Pipe - 1 inch,Plumbing,Hardware,Piece,₹ 85,₹ 95,180.0,40.0,300.0,70.0,Healthy,"Lightweight PVC pipes for water supply, drainage and small construction jobs.",SUPP003,8.0,Inventory,,,,,,,,,,,,,,,,,,,,,,,,,,,,,,,,,,,,,,,,,
PROD003,Electrical Wire - 2.5 sq mm,Electrical,Hardware,Meter,₹ 8,₹ 9,450.0,100.0,800.0,200.0,Healthy,Copper electrical wire commonly used for household and commercial wiring.,SUPP002,6.0,Inventory,,,,,,,,,,,,,,,,,,,,,,,,,,,,,,,,,,,,,,,,,
PROD004,LED Bulb - 9W,Electrical,Hardware,Piece,₹ 55,₹ 61,210.0,50.0,350.0,80.0,Healthy,Energy-efficient LED bulb with steady demand from local households and shops.,SUPP003,3.0,Inventory,,,,,,,,,,,,,,,,,,,,,,,,,,,,,,,,,,,,,,,,,
PROD005,Cement - 50 kg,Construction,Hardware,Bag,₹ 350,₹ 377,65.0,20.0,120.0,30.0,Healthy,"Standard cement for masonry, repair and small concrete construction work.",SUPP003,4.0,Inventory,,,,,,,,,,,,,,,,,,,,,,,,,,,,,,,,,,,,,,,,,
PROD006,Wall Paint - 20 L,Paint & Hardware,Hardware,Bucket,₹ 1850,₹ 2106,7.0,8.0,25.0,12.0,Low Stock,Interior and exterior wall paint; keep inventory lean because demand is seasonal.,SUPP003,4.0,Inventory,,,,,,,,,,,,,,,,,,,,,,,,,,,,,,,,,,,,,,,,,
PROD007,GI Roofing Sheet,Roofing,Hardware,Piece,₹ 620,₹ 678,42.0,10.0,80.0,18.0,Healthy,"Galvanized roofing sheets for sheds, shops and rural structures.",SUPP003,10.0,Inventory,,,,,,,,,,,,,,,,,,,,,,,,,,,,,,,,,,,,,,,,,
PROD008,PVC Elbow - 1 inch,Plumbing,Hardware,Piece,₹ 12,₹ 13,320.0,80.0,500.0,120.0,Healthy,90-degree PVC connector used to change pipeline direction.,SUPP002,7.0,Inventory,,,,,,,,,,,,,,,,,,,,,,,,,,,,,,,,,,,,,,,,,
PROD009,Electrical Switch - 6A,Electrical,Hardware,Piece,₹ 28,₹ 31,145.0,30.0,250.0,60.0,Healthy,Standard 6A switch for residential and small commercial electrical work.,SUPP002,3.0,Inventory,,,,,,,,,,,,,,,,,,,,,,,,,,,,,,,,,,,,,,,,,
PROD010,TMT Steel Bar - 8 mm,Building Materials,Hardware,Piece,₹ 410,₹ 440,18.0,10.0,45.0,20.0,Low Stock,Reinforcement steel used in concrete construction; reorder before stock reaches minimum.,SUPP003,5.0,Inventory,,,,,,,,,,,,,,,,,,,,,,,,,,,,,,,,,,,,,,,,,
PROD011,Brass Tap - 15 mm,Plumbing,Hardware,Piece,₹ 180,₹ 199,25.0,10.0,60.0,15.0,Healthy,Durable brass water tap for household and small commercial plumbing.,SUPP002,3.0,Inventory,,,,,,,,,,,,,,,,,,,,,,,,,,,,,,,,,,,,,,,,,
PROD012,Tile Adhesive - 20 kg,Construction,Hardware,Bag,₹ 285,₹ 316,18.0,15.0,50.0,25.0,Healthy,Cement-based adhesive for ceramic and floor tile installation.,SUPP001,10.0,Inventory,,,,,,,,,,,,,,,,,,,,,,,,,,,,,,,,,,,,,,,,,
PROD008,,,,,,₹ 13,,,,,,,,,Sale,SALE0001,BUS001,2026-06-01,CUST010,6.0,0.0,₹ 78,Cash,Completed,0,Standard Sale,,,,,,,,,,,,,,,,,,,,,,,,,,,,,,
PROD008,,,,,,₹ 13,,,,,,,,,Sale,SALE0002,BUS001,2026-06-01,CUST028,6.0,0.0,₹ 78,UPI,Completed,0,Standard Sale,,,,,,,,,,,,,,,,,,,,,,,,,,,,,,
PROD008,,,,,,₹ 13,,,,,,,,,Sale,SALE0003,BUS001,2026-06-01,CUST030,8.0,0.0,₹ 104,Cash,Completed,0,Standard Sale,,,,,,,,,,,,,,,,,,,,,,,,,,,,,,
PROD001,,,,,,₹ 162,,,,,,,,,Sale,SALE0004,BUS001,2026-06-01,CUST033,7.0,10.0,₹ 1020,Cash,Completed,0,Standard Sale,,,,,,,,,,,,,,,,,,,,,,,,,,,,,,
PROD009,,,,,,₹ 31,,,,,,,,,Sale,SALE0005,BUS001,2026-06-01,CUST011,4.0,5.0,₹ 117,Cash,Completed,0,Standard Sale,,,,,,,,,,,,,,,,,,,,,,,,,,,,,,
PROD005,,,,,,₹ 377,,,,,,,,,Sale,SALE0006,BUS001,2026-06-01,CUST011,7.0,5.0,₹ 2507,Credit,Pending,₹ 2507,Standard Sale,,,,,,,,,,,,,,,,,,,,,,,,,,,,,,
PROD007,,,,,,₹ 678,,,,,,,,,Sale,SALE0007,BUS001,2026-06-01,CUST031,4.0,0.0,₹ 2712,Cash,Completed,0,Standard Sale,,,,,,,,,,,,,,,,,,,,,,,,,,,,,,
PROD002,,,,,,₹ 95,,,,,,,,,Sale,SALE0008,BUS001,2026-06-01,CUST010,2.0,0.0,₹ 190,UPI,Completed,0,Standard Sale,,,,,,,,,,,,,,,,,,,,,,,,,,,,,,
PROD002,,,,,,₹ 95,,,,,,,,,Sale,SALE0009,BUS001,2026-06-01,CUST039,1.0,0.0,₹ 95,Cash,Completed,0,Standard Sale,,,,,,,,,,,,,,,,,,,,,,,,,,,,,,
PROD002,,,,,,₹ 95,,,,,,,,,Sale,SALE0010,BUS001,2026-06-01,CUST010,1.0,0.0,₹ 95,UPI,Completed,0,Standard Sale,,,,,,,,,,,,,,,,,,,,,,,,,,,,,,
PROD001,,,,,,₹ 162,,,,,,,,,Sale,SALE0011,BUS001,2026-06-01,CUST006,8.0,0.0,₹ 1296,Cash,Completed,0,Standard Sale,,,,,,,,,,,,,,,,,,,,,,,,,,,,,,
PROD008,,,,,,₹ 13,,,,,,,,,Sale,SALE0012,BUS001,2026-06-01,CUST026,6.0,0.0,₹ 78,Cash,Completed,0,Standard Sale,,,,,,,,,,,,,,,,,,,,,,,,,,,,,,
PROD012,,,,,,₹ 316,,,,,,,,,Sale,SALE0013,BUS001,2026-06-01,CUST002,4.0,0.0,₹ 1264,Cash,Completed,0,Standard Sale,,,,,,,,,,,,,,,,,,,,,,,,,,,,,,
PROD005,,,,,,₹ 377,,,,,,,,,Sale,SALE0014,BUS001,2026-06-01,CUST023,4.0,0.0,₹ 1508,Cash,Completed,0,Standard Sale,,,,,,,,,,,,,,,,,,,,,,,,,,,,,,
PROD003,,,,,,₹ 9,,,,,,,,,Sale,SALE0015,BUS001,2026-06-01,CUST011,28.0,0.0,₹ 252,UPI,Completed,0,Standard Sale,,,,,,,,,,,,,,,,,,,,,,,,,,,,,,
PROD003,,,,,,₹ 9,,,,,,,,,Sale,SALE0016,BUS001,2026-06-01,CUST019,44.0,0.0,₹ 396,UPI,Completed,0,Standard Sale,,,,,,,,,,,,,,,,,,,,,,,,,,,,,,
PROD009,,,,,,₹ 31,,,,,,,,,Sale,SALE0017,BUS001,2026-06-01,CUST011,4.0,0.0,₹ 124,UPI,Completed,0,Standard Sale,,,,,,,,,,,,,,,,,,,,,,,,,,,,,,
PROD002,,,,,,₹ 95,,,,,,,,,Sale,SALE0018,BUS001,2026-06-01,CUST005,1.0,0.0,₹ 95,Cash,Completed,0,Standard Sale,,,,,,,,,,,,,,,,,,,,,,,,,,,,,,
PROD005,,,,,,₹ 377,,,,,,,,,Sale,SALE0019,BUS001,2026-06-02,CUST009,14.0,0.0,₹ 5278,Cash,Completed,0,Standard Sale,,,,,,,,,,,,,,,,,,,,,,,,,,,,,,
PROD008,,,,,,₹ 13,,,,,,,,,Sale,SALE0020,BUS001,2026-06-02,CUST034,9.0,0.0,₹ 117,Cash,Completed,0,Standard Sale,,,,,,,,,,,,,,,,,,,,,,,,,,,,,,
PROD001,,,,,,₹ 162,,,,,,,,,Sale,SALE0021,BUS001,2026-06-02,CUST031,5.0,0.0,₹ 810,Cash,Completed,0,Standard Sale,,,,,,,,,,,,,,,,,,,,,,,,,,,,,,
PROD008,,,,,,₹ 13,,,,,,,,,Sale,SALE0022,BUS001,2026-06-02,CUST026,3.0,0.0,₹ 39,Cash,Completed,0,Standard Sale,,,,,,,,,,,,,,,,,,,,,,,,,,,,,,
PROD001,,,,,,₹ 162,,,,,,,,,Sale,SALE0023,BUS001,2026-06-02,CUST015,2.0,0.0,₹ 324,Cash,Completed,0,Standard Sale,,,,,,,,,,,,,,,,,,,,,,,,,,,,,,
PROD002,,,,,,₹ 95,,,,,,,,,Sale,SALE0024,BUS001,2026-06-02,CUST014,2.0,0.0,₹ 190,Cash,Completed,0,Standard Sale,,,,,,,,,,,,,,,,,,,,,,,,,,,,,,
PROD005,,,,,,₹ 377,,,,,,,,,Sale,SALE0025,BUS001,2026-06-02,CUST006,10.0,0.0,₹ 3770,UPI,Completed,0,Standard Sale,,,,,,,,,,,,,,,,,,,,,,,,,,,,,,
PROD005,,,,,,₹ 377,,,,,,,,,Sale,SALE0026,BUS001,2026-06-02,CUST035,14.0,10.0,₹ 4750,Cash,Completed,0,Standard Sale,,,,,,,,,,,,,,,,,,,,,,,,,,,,,,
PROD004,,,,,,₹ 61,,,,,,,,,Sale,SALE0027,BUS001,2026-06-02,CUST040,6.0,0.0,₹ 366,Cash,Completed,0,Standard Sale,,,,,,,,,,,,,,,,,,,,,,,,,,,,,,
PROD008,,,,,,₹ 13,,,,,,,,,Sale,SALE0028,BUS001,2026-06-03,CUST030,9.0,0.0,₹ 117,Cash,Completed,0,Standard Sale,,,,,,,,,,,,,,,,,,,,,,,,,,,,,,
PROD008,,,,,,₹ 13,,,,,,,,,Sale,SALE0029,BUS001,2026-06-03,CUST037,4.0,0.0,₹ 52,Cash,Completed,0,Standard Sale,,,,,,,,,,,,,,,,,,,,,,,,,,,,,,
PROD009,,,,,,₹ 31,,,,,,,,,Sale,SALE0030,BUS001,2026-06-03,CUST039,4.0,5.0,₹ 117,Cash,Completed,0,Standard Sale,,,,,,,,,,,,,,,,,,,,,,,,,,,,,,
PROD003,,,,,,₹ 9,,,,,,,,,Sale,SALE0031,BUS001,2026-06-03,CUST018,13.0,10.0,₹ 105,Cash,Completed,0,Standard Sale,,,,,,,,,,,,,,,,,,,,,,,,,,,,,,
PROD006,,,,,,₹ 2106,,,,,,,,,Sale,SALE0032,BUS001,2026-06-03,CUST035,5.0,5.0,₹ 10003,Cash,Completed,0,Standard Sale,,,,,,,,,,,,,,,,,,,,,,,,,,,,,,
PROD008,,,,,,₹ 13,,,,,,,,,Sale,SALE0033,BUS001,2026-06-03,CUST036,4.0,0.0,₹ 52,Cash,Completed,0,Standard Sale,,,,,,,,,,,,,,,,,,,,,,,,,,,,,,
PROD005,,,,,,₹ 377,,,,,,,,,Sale,SALE0034,BUS001,2026-06-03,CUST012,6.0,0.0,₹ 2262,Cash,Completed,0,Standard Sale,,,,,,,,,,,,,,,,,,,,,,,,,,,,,,
PROD009,,,,,,₹ 31,,,,,,,,,Sale,SALE0035,BUS001,2026-06-03,CUST035,3.0,0.0,₹ 93,Cash,Completed,0,Standard Sale,,,,,,,,,,,,,,,,,,,,,,,,,,,,,,
PROD004,,,,,,₹ 61,,,,,,,,,Sale,SALE0036,BUS001,2026-06-03,CUST017,4.0,0.0,₹ 244,Cash,Completed,0,Standard Sale,,,,,,,,,,,,,,,,,,,,,,,,,,,,,,
PROD008,,,,,,₹ 13,,,,,,,,,Sale,SALE0037,BUS001,2026-06-03,CUST010,6.0,0.0,₹ 78,Cash,Completed,0,Standard Sale,,,,,,,,,,,,,,,,,,,,,,,,,,,,,,
PROD011,,,,,,₹ 199,,,,,,,,,Sale,SALE0038,BUS001,2026-06-03,CUST025,4.0,0.0,₹ 796,UPI,Completed,0,Standard Sale,,,,,,,,,,,,,,,,,,,,,,,,,,,,,,
PROD004,,,,,,₹ 61,,,,,,,,,Sale,SALE0039,BUS001,2026-06-03,CUST032,10.0,0.0,₹ 610,Cash,Completed,0,Standard Sale,,,,,,,,,,,,,,,,,,,,,,,,,,,,,,
PROD003,,,,,,₹ 9,,,,,,,,,Sale,SALE0040,BUS001,2026-06-03,CUST037,49.0,5.0,₹ 418,Cash,Completed,0,Standard Sale,,,,,,,,,,,,,,,,,,,,,,,,,,,,,,
PROD008,,,,,,₹ 13,,,,,,,,,Sale,SALE0041,BUS001,2026-06-03,CUST004,4.0,0.0,₹ 52,Credit,Pending,₹ 52,Standard Sale,,,,,,,,,,,,,,,,,,,,,,,,,,,,,,
PROD008,,,,,,₹ 13,,,,,,,,,Sale,SALE0042,BUS001,2026-06-03,CUST028,9.0,0.0,₹ 117,Cash,Completed,0,Standard Sale,,,,,,,,,,,,,,,,,,,,,,,,,,,,,,
PROD011,,,,,,₹ 199,,,,,,,,,Sale,SALE0043,BUS001,2026-06-03,CUST018,3.0,0.0,₹ 597,Cash,Completed,0,Standard Sale,,,,,,,,,,,,,,,,,,,,,,,,,,,,,,
PROD007,,,,,,₹ 678,,,,,,,,,Sale,SALE0044,BUS001,2026-06-03,CUST031,1.0,0.0,₹ 678,Cash,Completed,0,Standard Sale,,,,,,,,,,,,,,,,,,,,,,,,,,,,,,
PROD005,,,,,,₹ 377,,,,,,,,,Sale,SALE0045,BUS001,2026-06-03,CUST026,10.0,10.0,₹ 3393,Cash,Completed,0,Standard Sale,,,,,,,,,,,,,,,,,,,,,,,,,,,,,,
PROD003,,,,,,₹ 9,,,,,,,,,Sale,SALE0046,BUS001,2026-06-04,CUST014,30.0,0.0,₹ 270,Cash,Completed,0,Standard Sale,,,,,,,,,,,,,,,,,,,,,,,,,,,,,,
PROD005,,,,,,₹ 377,,,,,,,,,Sale,SALE0047,BUS001,2026-06-04,CUST004,3.0,0.0,₹ 1131,UPI,Completed,0,Standard Sale,,,,,,,,,,,,,,,,,,,,,,,,,,,,,,
PROD005,,,,,,₹ 377,,,,,,,,,Sale,SALE0048,BUS001,2026-06-04,CUST006,3.0,10.0,₹ 1017,Cash,Completed,0,Standard Sale,,,,,,,,,,,,,,,,,,,,,,,,,,,,,,
PROD008,,,,,,₹ 13,,,,,,,,,Sale,SALE0049,BUS001,2026-06-04,CUST024,5.0,0.0,₹ 65,Cash,Completed,0,Standard Sale,,,,,,,,,,,,,,,,,,,,,,,,,,,,,,
PROD001,,,,,,₹ 162,,,,,,,,,Sale,SALE0050,BUS001,2026-06-04,CUST036,2.0,5.0,₹ 307,UPI,Completed,0,Standard Sale,,,,,,,,,,,,,,,,,,,,,,,,,,,,,,
PROD008,,,,,,₹ 13,,,,,,,,,Sale,SALE0051,BUS001,2026-06-04,CUST040,10.0,0.0,₹ 130,UPI,Completed,0,Standard Sale,,,,,,,,,,,,,,,,,,,,,,,,,,,,,,
PROD001,,,,,,₹ 162,,,,,,,,,Sale,SALE0052,BUS001,2026-06-04,CUST008,7.0,0.0,₹ 1134,UPI,Completed,0,Standard Sale,,,,,,,,,,,,,,,,,,,,,,,,,,,,,,
PROD002,,,,,,₹ 95,,,,,,,,,Sale,SALE0053,BUS001,2026-06-04,CUST014,2.0,0.0,₹ 190,UPI,Completed,0,Standard Sale,,,,,,,,,,,,,,,,,,,,,,,,,,,,,,
PROD005,,,,,,₹ 377,,,,,,,,,Sale,SALE0054,BUS001,2026-06-04,CUST009,14.0,0.0,₹ 5278,UPI,Completed,0,Standard Sale,,,,,,,,,,,,,,,,,,,,,,,,,,,,,,
PROD001,,,,,,₹ 162,,,,,,,,,Sale,SALE0055,BUS001,2026-06-04,CUST030,8.0,0.0,₹ 1296,Credit,Pending,₹ 1296,Standard Sale,,,,,,,,,,,,,,,,,,,,,,,,,,,,,,
PROD009,,,,,,₹ 31,,,,,,,,,Sale,SALE0056,BUS001,2026-06-04,CUST033,2.0,5.0,₹ 58,Credit,Pending,₹ 58,Standard Sale,,,,,,,,,,,,,,,,,,,,,,,,,,,,,,
PROD004,,,,,,₹ 61,,,,,,,,,Sale,SALE0057,BUS001,2026-06-04,CUST027,8.0,0.0,₹ 488,Cash,Completed,0,Standard Sale,,,,,,,,,,,,,,,,,,,,,,,,,,,,,,
PROD006,,,,,,₹ 2106,,,,,,,,,Sale,SALE0058,BUS001,2026-06-04,CUST021,1.0,0.0,₹ 2106,Cash,Completed,0,Standard Sale,,,,,,,,,,,,,,,,,,,,,,,,,,,,,,
PROD007,,,,,,₹ 678,,,,,,,,,Sale,SALE0059,BUS001,2026-06-04,CUST038,1.0,0.0,₹ 678,Cash,Completed,0,Standard Sale,,,,,,,,,,,,,,,,,,,,,,,,,,,,,,
PROD007,,,,,,₹ 678,,,,,,,,,Sale,SALE0060,BUS001,2026-06-04,CUST038,2.0,10.0,₹ 1220,Cash,Completed,0,Standard Sale,,,,,,,,,,,,,,,,,,,,,,,,,,,,,,
PROD001,,,,,,₹ 162,,,,,,,,,Sale,SALE0061,BUS001,2026-06-04,CUST030,7.0,0.0,₹ 1134,Cash,Completed,0,Standard Sale,,,,,,,,,,,,,,,,,,,,,,,,,,,,,,
PROD007,,,,,,₹ 678,,,,,,,,,Sale,SALE0062,BUS001,2026-06-04,CUST016,3.0,0.0,₹ 2034,Cash,Completed,0,Standard Sale,,,,,,,,,,,,,,,,,,,,,,,,,,,,,,
PROD001,,,,,,₹ 162,,,,,,,,,Sale,SALE0063,BUS001,2026-06-05,CUST006,9.0,5.0,₹ 1385,Cash,Completed,0,Standard Sale,,,,,,,,,,,,,,,,,,,,,,,,,,,,,,
PROD007,,,,,,₹ 678,,,,,,,,,Sale,SALE0064,BUS001,2026-06-05,CUST005,5.0,0.0,₹ 3390,Cash,Completed,0,Standard Sale,,,,,,,,,,,,,,,,,,,,,,,,,,,,,,
PROD009,,,,,,₹ 31,,,,,,,,,Sale,SALE0065,BUS001,2026-06-05,CUST021,1.0,0.0,₹ 31,Cash,Completed,0,Standard Sale,,,,,,,,,,,,,,,,,,,,,,,,,,,,,,
PROD003,,,,,,₹ 9,,,,,,,,,Sale,SALE0066,BUS001,2026-06-05,CUST027,20.0,5.0,₹ 171,Cash,Completed,0,Standard Sale,,,,,,,,,,,,,,,,,,,,,,,,,,,,,,
PROD007,,,,,,₹ 678,,,,,,,,,Sale,SALE0067,BUS001,2026-06-05,CUST033,3.0,0.0,₹ 2034,Cash,Completed,0,Standard Sale,,,,,,,,,,,,,,,,,,,,,,,,,,,,,,
PROD005,,,,,,₹ 377,,,,,,,,,Sale,SALE0068,BUS001,2026-06-05,CUST040,7.0,0.0,₹ 2639,UPI,Completed,0,Standard Sale,,,,,,,,,,,,,,,,,,,,,,,,,,,,,,
PROD003,,,,,,₹ 9,,,,,,,,,Sale,SALE0069,BUS001,2026-06-05,CUST025,21.0,0.0,₹ 189,UPI,Completed,0,Standard Sale,,,,,,,,,,,,,,,,,,,,,,,,,,,,,,
PROD008,,,,,,₹ 13,,,,,,,,,Sale,SALE0070,BUS001,2026-06-05,CUST033,6.0,0.0,₹ 78,Cash,Completed,0,Standard Sale,,,,,,,,,,,,,,,,,,,,,,,,,,,,,,
PROD012,,,,,,₹ 316,,,,,,,,,Sale,SALE0071,BUS001,2026-06-05,CUST037,3.0,10.0,₹ 853,Cash,Completed,0,Standard Sale,,,,,,,,,,,,,,,,,,,,,,,,,,,,,,
PROD005,,,,,,₹ 377,,,,,,,,,Sale,SALE0072,BUS001,2026-06-05,CUST019,8.0,0.0,₹ 3016,UPI,Completed,0,Standard Sale,,,,,,,,,,,,,,,,,,,,,,,,,,,,,,
PROD001,,,,,,₹ 162,,,,,,,,,Sale,SALE0073,BUS001,2026-06-05,CUST023,6.0,0.0,₹ 972,Credit,Pending,₹ 972,Standard Sale,,,,,,,,,,,,,,,,,,,,,,,,,,,,,,
PROD005,,,,,,₹ 377,,,,,,,,,Sale,SALE0074,BUS001,2026-06-06,CUST039,11.0,5.0,₹ 3939,Cash,Completed,0,Standard Sale,,,,,,,,,,,,,,,,,,,,,,,,,,,,,,
PROD003,,,,,,₹ 9,,,,,,,,,Sale,SALE0075,BUS001,2026-06-06,CUST024,19.0,0.0,₹ 171,UPI,Completed,0,Standard Sale,,,,,,,,,,,,,,,,,,,,,,,,,,,,,,
PROD001,,,,,,₹ 162,,,,,,,,,Sale,SALE0076,BUS001,2026-06-06,CUST009,4.0,0.0,₹ 648,Credit,Pending,₹ 648,Standard Sale,,,,,,,,,,,,,,,,,,,,,,,,,,,,,,
PROD012,,,,,,₹ 316,,,,,,,,,Sale,SALE0077,BUS001,2026-06-06,CUST037,3.0,0.0,₹ 948,Cash,Completed,0,Standard Sale,,,,,,,,,,,,,,,,,,,,,,,,,,,,,,
PROD005,,,,,,₹ 377,,,,,,,,,Sale,SALE0078,BUS001,2026-06-06,CUST028,13.0,0.0,₹ 4901,UPI,Completed,0,Standard Sale,,,,,,,,,,,,,,,,,,,,,,,,,,,,,,
PROD008,,,,,,₹ 13,,,,,,,,,Sale,SALE0079,BUS001,2026-06-06,CUST025,5.0,0.0,₹ 65,Cash,Completed,0,Standard Sale,,,,,,,,,,,,,,,,,,,,,,,,,,,,,,
PROD009,,,,,,₹ 31,,,,,,,,,Sale,SALE0080,BUS001,2026-06-07,CUST033,4.0,0.0,₹ 124,Cash,Completed,0,Standard Sale,,,,,,,,,,,,,,,,,,,,,,,,,,,,,,
PROD002,,,,,,₹ 95,,,,,,,,,Sale,SALE0081,BUS001,2026-06-07,CUST011,1.0,10.0,₹ 85,Credit,Pending,₹ 85,Standard Sale,,,,,,,,,,,,,,,,,,,,,,,,,,,,,,
PROD005,,,,,,₹ 377,,,,,,,,,Sale,SALE0082,BUS001,2026-06-07,CUST011,6.0,0.0,₹ 2262,UPI,Completed,0,Standard Sale,,,,,,,,,,,,,,,,,,,,,,,,,,,,,,
PROD011,,,,,,₹ 199,,,,,,,,,Sale,SALE0083,BUS001,2026-06-07,CUST040,5.0,0.0,₹ 995,Cash,Completed,0,Standard Sale,,,,,,,,,,,,,,,,,,,,,,,,,,,,,,
PROD001,,,,,,₹ 162,,,,,,,,,Sale,SALE0084,BUS001,2026-06-07,CUST013,4.0,5.0,₹ 615,Cash,Completed,0,Standard Sale,,,,,,,,,,,,,,,,,,,,,,,,,,,,,,
PROD007,,,,,,₹ 678,,,,,,,,,Sale,SALE0085,BUS001,2026-06-07,CUST018,1.0,0.0,₹ 678,Cash,Completed,0,Standard Sale,,,,,,,,,,,,,,,,,,,,,,,,,,,,,,
PROD002,,,,,,₹ 95,,,,,,,,,Sale,SALE0086,BUS001,2026-06-07,CUST002,4.0,5.0,₹ 361,Cash,Completed,0,Standard Sale,,,,,,,,,,,,,,,,,,,,,,,,,,,,,,
PROD008,,,,,,₹ 13,,,,,,,,,Sale,SALE0087,BUS001,2026-06-08,CUST028,2.0,0.0,₹ 26,UPI,Completed,0,Standard Sale,,,,,,,,,,,,,,,,,,,,,,,,,,,,,,
PROD001,,,,,,₹ 162,,,,,,,,,Sale,SALE0088,BUS001,2026-06-08,CUST028,4.0,0.0,₹ 648,Cash,Completed,0,Standard Sale,,,,,,,,,,,,,,,,,,,,,,,,,,,,,,
PROD001,,,,,,₹ 162,,,,,,,,,Sale,SALE0089,BUS001,2026-06-08,CUST004,5.0,0.0,₹ 810,Cash,Completed,0,Standard Sale,,,,,,,,,,,,,,,,,,,,,,,,,,,,,,
PROD003,,,,,,₹ 9,,,,,,,,,Sale,SALE0090,BUS001,2026-06-08,CUST004,17.0,0.0,₹ 153,Cash,Completed,0,Standard Sale,,,,,,,,,,,,,,,,,,,,,,,,,,,,,,
PROD008,,,,,,₹ 13,,,,,,,,,Sale,SALE0091,BUS001,2026-06-08,CUST031,9.0,0.0,₹ 117,UPI,Completed,0,Standard Sale,,,,,,,,,,,,,,,,,,,,,,,,,,,,,,
PROD004,,,,,,₹ 61,,,,,,,,,Sale,SALE0092,BUS001,2026-06-08,CUST028,6.0,0.0,₹ 366,UPI,Completed,0,Standard Sale,,,,,,,,,,,,,,,,,,,,,,,,,,,,,,
PROD006,,,,,,₹ 2106,,,,,,,,,Sale,SALE0093,BUS001,2026-06-08,CUST015,5.0,0.0,₹ 10530,UPI,Completed,0,Standard Sale,,,,,,,,,,,,,,,,,,,,,,,,,,,,,,
PROD001,,,,,,₹ 162,,,,,,,,,Sale,SALE0094,BUS001,2026-06-08,CUST029,4.0,0.0,₹ 648,Credit,Pending,₹ 648,Standard Sale,,,,,,,,,,,,,,,,,,,,,,,,,,,,,,
PROD001,,,,,,₹ 162,,,,,,,,,Sale,SALE0095,BUS001,2026-06-09,CUST026,9.0,0.0,₹ 1458,Cash,Completed,0,Standard Sale,,,,,,,,,,,,,,,,,,,,,,,,,,,,,,
PROD008,,,,,,₹ 13,,,,,,,,,Sale,SALE0096,BUS001,2026-06-09,CUST033,4.0,0.0,₹ 52,UPI,Completed,0,Standard Sale,,,,,,,,,,,,,,,,,,,,,,,,,,,,,,
PROD005,,,,,,₹ 377,,,,,,,,,Sale,SALE0097,BUS001,2026-06-09,CUST036,10.0,10.0,₹ 3393,Cash,Completed,0,Standard Sale,,,,,,,,,,,,,,,,,,,,,,,,,,,,,,
PROD009,,,,,,₹ 31,,,,,,,,,Sale,SALE0098,BUS001,2026-06-09,CUST039,4.0,0.0,₹ 124,Cash,Completed,0,Standard Sale,,,,,,,,,,,,,,,,,,,,,,,,,,,,,,
PROD008,,,,,,₹ 13,,,,,,,,,Sale,SALE0099,BUS001,2026-06-09,CUST040,8.0,0.0,₹ 104,Cash,Completed,0,Standard Sale,,,,,,,,,,,,,,,,,,,,,,,,,,,,,,
PROD010,,,,,,₹ 440,,,,,,,,,Sale,SALE0100,BUS001,2026-06-09,CUST004,3.0,0.0,₹ 1320,Cash,Completed,0,Standard Sale,,,,,,,,,,,,,,,,,,,,,,,,,,,,,,
PROD006,,,,,,₹ 2106,,,,,,,,,Sale,SALE0101,BUS001,2026-06-09,CUST020,2.0,0.0,₹ 4212,Cash,Completed,0,Standard Sale,,,,,,,,,,,,,,,,,,,,,,,,,,,,,,
PROD008,,,,,,₹ 13,,,,,,,,,Sale,SALE0102,BUS001,2026-06-09,CUST017,6.0,0.0,₹ 78,UPI,Completed,0,Standard Sale,,,,,,,,,,,,,,,,,,,,,,,,,,,,,,
PROD002,,,,,,₹ 95,,,,,,,,,Sale,SALE0103,BUS001,2026-06-09,CUST007,4.0,10.0,₹ 342,UPI,Completed,0,Standard Sale,,,,,,,,,,,,,,,,,,,,,,,,,,,,,,
PROD005,,,,,,₹ 377,,,,,,,,,Sale,SALE0104,BUS001,2026-06-09,CUST008,11.0,0.0,₹ 4147,Cash,Completed,0,Standard Sale,,,,,,,,,,,,,,,,,,,,,,,,,,,,,,
PROD006,,,,,,₹ 2106,,,,,,,,,Sale,SALE0105,BUS001,2026-06-09,CUST030,1.0,0.0,₹ 2106,Cash,Completed,0,Standard Sale,,,,,,,,,,,,,,,,,,,,,,,,,,,,,,
PROD009,,,,,,₹ 31,,,,,,,,,Sale,SALE0106,BUS001,2026-06-09,CUST022,4.0,0.0,₹ 124,UPI,Completed,0,Standard Sale,,,,,,,,,,,,,,,,,,,,,,,,,,,,,,
PROD002,,,,,,₹ 95,,,,,,,,,Sale,SALE0107,BUS001,2026-06-09,CUST006,5.0,0.0,₹ 475,Credit,Pending,₹ 475,Standard Sale,,,,,,,,,,,,,,,,,,,,,,,,,,,,,,
PROD002,,,,,,₹ 95,,,,,,,,,Sale,SALE0108,BUS001,2026-06-10,CUST016,2.0,0.0,₹ 190,Cash,Completed,0,Standard Sale,,,,,,,,,,,,,,,,,,,,,,,,,,,,,,
PROD005,,,,,,₹ 377,,,,,,,,,Sale,SALE0109,BUS001,2026-06-10,CUST007,7.0,0.0,₹ 2639,Cash,Completed,0,Standard Sale,,,,,,,,,,,,,,,,,,,,,,,,,,,,,,
PROD008,,,,,,₹ 13,,,,,,,,,Sale,SALE0110,BUS001,2026-06-10,CUST006,5.0,0.0,₹ 65,Cash,Completed,0,Standard Sale,,,,,,,,,,,,,,,,,,,,,,,,,,,,,,
PROD004,,,,,,₹ 61,,,,,,,,,Sale,SALE0111,BUS001,2026-06-10,CUST037,5.0,0.0,₹ 305,Cash,Completed,0,Standard Sale,,,,,,,,,,,,,,,,,,,,,,,,,,,,,,
PROD011,,,,,,₹ 199,,,,,,,,,Sale,SALE0112,BUS001,2026-06-10,CUST022,2.0,0.0,₹ 398,Cash,Completed,0,Standard Sale,,,,,,,,,,,,,,,,,,,,,,,,,,,,,,
PROD003,,,,,,₹ 9,,,,,,,,,Sale,SALE0113,BUS001,2026-06-10,CUST039,45.0,0.0,₹ 405,Cash,Completed,0,Standard Sale,,,,,,,,,,,,,,,,,,,,,,,,,,,,,,
PROD011,,,,,,₹ 199,,,,,,,,,Sale,SALE0114,BUS001,2026-06-10,CUST039,5.0,0.0,₹ 995,Cash,Completed,0,Standard Sale,,,,,,,,,,,,,,,,,,,,,,,,,,,,,,
PROD004,,,,,,₹ 61,,,,,,,,,Sale,SALE0115,BUS001,2026-06-10,CUST036,5.0,0.0,₹ 305,UPI,Completed,0,Standard Sale,,,,,,,,,,,,,,,,,,,,,,,,,,,,,,
PROD007,,,,,,₹ 678,,,,,,,,,Sale,SALE0116,BUS001,2026-06-10,CUST010,1.0,0.0,₹ 678,Cash,Completed,0,Standard Sale,,,,,,,,,,,,,,,,,,,,,,,,,,,,,,
PROD008,,,,,,₹ 13,,,,,,,,,Sale,SALE0117,BUS001,2026-06-10,CUST008,9.0,0.0,₹ 117,UPI,Completed,0,Standard Sale,,,,,,,,,,,,,,,,,,,,,,,,,,,,,,
PROD008,,,,,,₹ 13,,,,,,,,,Sale,SALE0118,BUS001,2026-06-10,CUST011,3.0,0.0,₹ 39,Cash,Completed,0,Standard Sale,,,,,,,,,,,,,,,,,,,,,,,,,,,,,,
PROD004,,,,,,₹ 61,,,,,,,,,Sale,SALE0119,BUS001,2026-06-10,CUST023,10.0,0.0,₹ 610,Cash,Completed,0,Standard Sale,,,,,,,,,,,,,,,,,,,,,,,,,,,,,,
PROD007,,,,,,₹ 678,,,,,,,,,Sale,SALE0120,BUS001,2026-06-10,CUST034,4.0,0.0,₹ 2712,Cash,Completed,0,Standard Sale,,,,,,,,,,,,,,,,,,,,,,,,,,,,,,
PROD011,,,,,,₹ 199,,,,,,,,,Sale,SALE0121,BUS001,2026-06-10,CUST039,2.0,0.0,₹ 398,Cash,Completed,0,Standard Sale,,,,,,,,,,,,,,,,,,,,,,,,,,,,,,
PROD001,,,,,,₹ 162,,,,,,,,,Sale,SALE0122,BUS001,2026-06-10,CUST006,10.0,0.0,₹ 1620,UPI,Completed,0,Standard Sale,,,,,,,,,,,,,,,,,,,,,,,,,,,,,,
PROD008,,,,,,₹ 13,,,,,,,,,Sale,SALE0123,BUS001,2026-06-10,CUST035,10.0,0.0,₹ 130,UPI,Completed,0,Standard Sale,,,,,,,,,,,,,,,,,,,,,,,,,,,,,,
PROD001,,,,,,₹ 162,,,,,,,,,Sale,SALE0124,BUS001,2026-06-10,CUST008,7.0,0.0,₹ 1134,Cash,Completed,0,Standard Sale,,,,,,,,,,,,,,,,,,,,,,,,,,,,,,
PROD002,,,,,,₹ 95,,,,,,,,,Sale,SALE0125,BUS001,2026-06-10,CUST039,3.0,0.0,₹ 285,Cash,Completed,0,Standard Sale,,,,,,,,,,,,,,,,,,,,,,,,,,,,,,
PROD007,,,,,,₹ 678,,,,,,,,,Sale,SALE0126,BUS001,2026-06-10,CUST013,5.0,0.0,₹ 3390,Cash,Completed,0,Standard Sale,,,,,,,,,,,,,,,,,,,,,,,,,,,,,,
PROD005,,,,,,₹ 377,,,,,,,,,Sale,SALE0127,BUS001,2026-06-11,CUST003,7.0,0.0,₹ 2639,Cash,Completed,0,Standard Sale,,,,,,,,,,,,,,,,,,,,,,,,,,,,,,
PROD003,,,,,,₹ 9,,,,,,,,,Sale,SALE0128,BUS001,2026-06-11,CUST017,12.0,0.0,₹ 108,Cash,Completed,0,Standard Sale,,,,,,,,,,,,,,,,,,,,,,,,,,,,,,
PROD007,,,,,,₹ 678,,,,,,,,,Sale,SALE0129,BUS001,2026-06-11,CUST017,5.0,0.0,₹ 3390,Cash,Completed,0,Standard Sale,,,,,,,,,,,,,,,,,,,,,,,,,,,,,,
PROD007,,,,,,₹ 678,,,,,,,,,Sale,SALE0130,BUS001,2026-06-11,CUST021,4.0,0.0,₹ 2712,Cash,Completed,0,Standard Sale,,,,,,,,,,,,,,,,,,,,,,,,,,,,,,
PROD003,,,,,,₹ 9,,,,,,,,,Sale,SALE0131,BUS001,2026-06-11,CUST040,50.0,0.0,₹ 450,Cash,Completed,0,Standard Sale,,,,,,,,,,,,,,,,,,,,,,,,,,,,,,
PROD012,,,,,,₹ 316,,,,,,,,,Sale,SALE0132,BUS001,2026-06-11,CUST019,5.0,0.0,₹ 1580,Cash,Completed,0,Standard Sale,,,,,,,,,,,,,,,,,,,,,,,,,,,,,,
PROD001,,,,,,₹ 162,,,,,,,,,Sale,SALE0133,BUS001,2026-06-11,CUST012,2.0,0.0,₹ 324,Cash,Completed,0,Standard Sale,,,,,,,,,,,,,,,,,,,,,,,,,,,,,,
PROD003,,,,,,₹ 9,,,,,,,,,Sale,SALE0134,BUS001,2026-06-11,CUST030,46.0,0.0,₹ 414,UPI,Completed,0,Standard Sale,,,,,,,,,,,,,,,,,,,,,,,,,,,,,,
PROD010,,,,,,₹ 440,,,,,,,,,Sale,SALE0135,BUS001,2026-06-11,CUST024,4.0,0.0,₹ 1760,Cash,Completed,0,Standard Sale,,,,,,,,,,,,,,,,,,,,,,,,,,,,,,
PROD011,,,,,,₹ 199,,,,,,,,,Sale,SALE0136,BUS001,2026-06-11,CUST025,5.0,0.0,₹ 995,Cash,Completed,0,Standard Sale,,,,,,,,,,,,,,,,,,,,,,,,,,,,,,
PROD005,,,,,,₹ 377,,,,,,,,,Sale,SALE0137,BUS001,2026-06-11,CUST004,11.0,0.0,₹ 4147,Cash,Completed,0,Standard Sale,,,,,,,,,,,,,,,,,,,,,,,,,,,,,,
PROD003,,,,,,₹ 9,,,,,,,,,Sale,SALE0138,BUS001,2026-06-11,CUST038,36.0,0.0,₹ 324,Cash,Completed,0,Standard Sale,,,,,,,,,,,,,,,,,,,,,,,,,,,,,,
PROD012,,,,,,₹ 316,,,,,,,,,Sale,SALE0139,BUS001,2026-06-11,CUST026,5.0,0.0,₹ 1580,Cash,Completed,0,Standard Sale,,,,,,,,,,,,,,,,,,,,,,,,,,,,,,
PROD010,,,,,,₹ 440,,,,,,,,,Sale,SALE0140,BUS001,2026-06-12,CUST003,4.0,0.0,₹ 1760,Credit,Pending,₹ 1760,Standard Sale,,,,,,,,,,,,,,,,,,,,,,,,,,,,,,
PROD004,,,,,,₹ 61,,,,,,,,,Sale,SALE0141,BUS001,2026-06-12,CUST022,7.0,0.0,₹ 427,Cash,Completed,0,Standard Sale,,,,,,,,,,,,,,,,,,,,,,,,,,,,,,
PROD003,,,,,,₹ 9,,,,,,,,,Sale,SALE0142,BUS001,2026-06-12,CUST028,34.0,10.0,₹ 275,Cash,Completed,0,Standard Sale,,,,,,,,,,,,,,,,,,,,,,,,,,,,,,
PROD005,,,,,,₹ 377,,,,,,,,,Sale,SALE0143,BUS001,2026-06-12,CUST019,8.0,0.0,₹ 3016,UPI,Completed,0,Standard Sale,,,,,,,,,,,,,,,,,,,,,,,,,,,,,,
PROD003,,,,,,₹ 9,,,,,,,,,Sale,SALE0144,BUS001,2026-06-12,CUST007,11.0,0.0,₹ 99,UPI,Completed,0,Standard Sale,,,,,,,,,,,,,,,,,,,,,,,,,,,,,,
PROD011,,,,,,₹ 199,,,,,,,,,Sale,SALE0145,BUS001,2026-06-12,CUST005,4.0,0.0,₹ 796,Cash,Completed,0,Standard Sale,,,,,,,,,,,,,,,,,,,,,,,,,,,,,,
PROD008,,,,,,₹ 13,,,,,,,,,Sale,SALE0146,BUS001,2026-06-12,CUST005,5.0,0.0,₹ 65,Cash,Completed,0,Standard Sale,,,,,,,,,,,,,,,,,,,,,,,,,,,,,,
PROD010,,,,,,₹ 440,,,,,,,,,Sale,SALE0147,BUS001,2026-06-12,CUST034,5.0,5.0,₹ 2090,UPI,Completed,0,Standard Sale,,,,,,,,,,,,,,,,,,,,,,,,,,,,,,
PROD001,,,,,,₹ 162,,,,,,,,,Sale,SALE0148,BUS001,2026-06-12,CUST022,3.0,10.0,₹ 437,Cash,Completed,0,Standard Sale,,,,,,,,,,,,,,,,,,,,,,,,,,,,,,
PROD004,,,,,,₹ 61,,,,,,,,,Sale,SALE0149,BUS001,2026-06-12,CUST038,6.0,0.0,₹ 366,Cash,Completed,0,Standard Sale,,,,,,,,,,,,,,,,,,,,,,,,,,,,,,
PROD006,,,,,,₹ 2106,,,,,,,,,Sale,SALE0150,BUS001,2026-06-12,CUST033,3.0,0.0,₹ 6318,UPI,Completed,0,Standard Sale,,,,,,,,,,,,,,,,,,,,,,,,,,,,,,
PROD007,,,,,,₹ 678,,,,,,,,,Sale,SALE0151,BUS001,2026-06-12,CUST027,3.0,0.0,₹ 2034,UPI,Completed,0,Standard Sale,,,,,,,,,,,,,,,,,,,,,,,,,,,,,,
PROD002,,,,,,₹ 95,,,,,,,,,Sale,SALE0152,BUS001,2026-06-12,CUST002,5.0,0.0,₹ 475,Cash,Completed,0,Standard Sale,,,,,,,,,,,,,,,,,,,,,,,,,,,,,,
PROD008,,,,,,₹ 13,,,,,,,,,Sale,SALE0153,BUS001,2026-06-12,CUST032,8.0,5.0,₹ 98,Cash,Completed,0,Standard Sale,,,,,,,,,,,,,,,,,,,,,,,,,,,,,,
PROD008,,,,,,₹ 13,,,,,,,,,Sale,SALE0154,BUS001,2026-06-12,CUST029,7.0,0.0,₹ 91,UPI,Completed,0,Standard Sale,,,,,,,,,,,,,,,,,,,,,,,,,,,,,,
PROD007,,,,,,₹ 678,,,,,,,,,Sale,SALE0155,BUS001,2026-06-12,CUST029,1.0,0.0,₹ 678,UPI,Completed,0,Standard Sale,,,,,,,,,,,,,,,,,,,,,,,,,,,,,,
PROD003,,,,,,₹ 9,,,,,,,,,Sale,SALE0156,BUS001,2026-06-12,CUST032,40.0,0.0,₹ 360,Cash,Completed,0,Standard Sale,,,,,,,,,,,,,,,,,,,,,,,,,,,,,,
PROD002,,,,,,₹ 95,,,,,,,,,Sale,SALE0157,BUS001,2026-06-12,CUST022,1.0,0.0,₹ 95,Credit,Pending,₹ 95,Standard Sale,,,,,,,,,,,,,,,,,,,,,,,,,,,,,,
PROD006,,,,,,₹ 2106,,,,,,,,,Sale,SALE0158,BUS001,2026-06-12,CUST013,4.0,10.0,₹ 7581,Cash,Completed,0,Standard Sale,,,,,,,,,,,,,,,,,,,,,,,,,,,,,,
PROD003,,,,,,₹ 9,,,,,,,,,Sale,SALE0159,BUS001,2026-06-12,CUST027,21.0,0.0,₹ 189,Cash,Completed,0,Standard Sale,,,,,,,,,,,,,,,,,,,,,,,,,,,,,,
PROD005,,,,,,₹ 377,,,,,,,,,Sale,SALE0160,BUS001,2026-06-13,CUST035,9.0,0.0,₹ 3393,UPI,Completed,0,Standard Sale,,,,,,,,,,,,,,,,,,,,,,,,,,,,,,
PROD005,,,,,,₹ 377,,,,,,,,,Sale,SALE0161,BUS001,2026-06-13,CUST020,5.0,0.0,₹ 1885,Cash,Completed,0,Standard Sale,,,,,,,,,,,,,,,,,,,,,,,,,,,,,,
PROD005,,,,,,₹ 377,,,,,,,,,Sale,SALE0162,BUS001,2026-06-13,CUST015,8.0,10.0,₹ 2714,Credit,Pending,₹ 2714,Standard Sale,,,,,,,,,,,,,,,,,,,,,,,,,,,,,,
PROD011,,,,,,₹ 199,,,,,,,,,Sale,SALE0163,BUS001,2026-06-13,CUST002,5.0,0.0,₹ 995,UPI,Completed,0,Standard Sale,,,,,,,,,,,,,,,,,,,,,,,,,,,,,,
PROD011,,,,,,₹ 199,,,,,,,,,Sale,SALE0164,BUS001,2026-06-13,CUST039,3.0,0.0,₹ 597,UPI,Completed,0,Standard Sale,,,,,,,,,,,,,,,,,,,,,,,,,,,,,,
PROD003,,,,,,₹ 9,,,,,,,,,Sale,SALE0165,BUS001,2026-06-13,CUST003,31.0,0.0,₹ 279,UPI,Completed,0,Standard Sale,,,,,,,,,,,,,,,,,,,,,,,,,,,,,,
PROD012,,,,,,₹ 316,,,,,,,,,Sale,SALE0166,BUS001,2026-06-13,CUST016,1.0,0.0,₹ 316,Cash,Completed,0,Standard Sale,,,,,,,,,,,,,,,,,,,,,,,,,,,,,,
PROD002,,,,,,₹ 95,,,,,,,,,Sale,SALE0167,BUS001,2026-06-13,CUST040,1.0,0.0,₹ 95,Cash,Completed,0,Standard Sale,,,,,,,,,,,,,,,,,,,,,,,,,,,,,,
PROD009,,,,,,₹ 31,,,,,,,,,Sale,SALE0168,BUS001,2026-06-13,CUST027,4.0,5.0,₹ 117,Cash,Completed,0,Standard Sale,,,,,,,,,,,,,,,,,,,,,,,,,,,,,,
PROD009,,,,,,₹ 31,,,,,,,,,Sale,SALE0169,BUS001,2026-06-13,CUST038,2.0,0.0,₹ 62,Cash,Completed,0,Standard Sale,,,,,,,,,,,,,,,,,,,,,,,,,,,,,,
PROD001,,,,,,₹ 162,,,,,,,,,Sale,SALE0170,BUS001,2026-06-13,CUST039,2.0,0.0,₹ 324,Cash,Completed,0,Standard Sale,,,,,,,,,,,,,,,,,,,,,,,,,,,,,,
PROD001,,,,,,₹ 162,,,,,,,,,Sale,SALE0171,BUS001,2026-06-13,CUST023,9.0,0.0,₹ 1458,UPI,Completed,0,Standard Sale,,,,,,,,,,,,,,,,,,,,,,,,,,,,,,
PROD011,,,,,,₹ 199,,,,,,,,,Sale,SALE0172,BUS001,2026-06-13,CUST015,5.0,0.0,₹ 995,UPI,Completed,0,Standard Sale,,,,,,,,,,,,,,,,,,,,,,,,,,,,,,
PROD004,,,,,,₹ 61,,,,,,,,,Sale,SALE0173,BUS001,2026-06-13,CUST026,3.0,0.0,₹ 183,Cash,Completed,0,Standard Sale,,,,,,,,,,,,,,,,,,,,,,,,,,,,,,
PROD004,,,,,,₹ 61,,,,,,,,,Sale,SALE0174,BUS001,2026-06-14,CUST028,8.0,0.0,₹ 488,UPI,Completed,0,Standard Sale,,,,,,,,,,,,,,,,,,,,,,,,,,,,,,
PROD008,,,,,,₹ 13,,,,,,,,,Sale,SALE0175,BUS001,2026-06-14,CUST004,4.0,0.0,₹ 52,Cash,Completed,0,Standard Sale,,,,,,,,,,,,,,,,,,,,,,,,,,,,,,
PROD009,,,,,,₹ 31,,,,,,,,,Sale,SALE0176,BUS001,2026-06-14,CUST035,1.0,0.0,₹ 31,Cash,Completed,0,Standard Sale,,,,,,,,,,,,,,,,,,,,,,,,,,,,,,
PROD008,,,,,,₹ 13,,,,,,,,,Sale,SALE0177,BUS001,2026-06-14,CUST013,2.0,0.0,₹ 26,Cash,Completed,0,Standard Sale,,,,,,,,,,,,,,,,,,,,,,,,,,,,,,
PROD001,,,,,,₹ 162,,,,,,,,,Sale,SALE0178,BUS001,2026-06-14,CUST007,5.0,0.0,₹ 810,UPI,Completed,0,Standard Sale,,,,,,,,,,,,,,,,,,,,,,,,,,,,,,
PROD003,,,,,,₹ 9,,,,,,,,,Sale,SALE0179,BUS001,2026-06-14,CUST005,40.0,0.0,₹ 360,Cash,Completed,0,Standard Sale,,,,,,,,,,,,,,,,,,,,,,,,,,,,,,
PROD003,,,,,,₹ 9,,,,,,,,,Sale,SALE0180,BUS001,2026-06-14,CUST003,35.0,0.0,₹ 315,UPI,Completed,0,Standard Sale,,,,,,,,,,,,,,,,,,,,,,,,,,,,,,
PROD008,,,,,,₹ 13,,,,,,,,,Sale,SALE0181,BUS001,2026-06-14,CUST025,4.0,0.0,₹ 52,Credit,Pending,₹ 52,Standard Sale,,,,,,,,,,,,,,,,,,,,,,,,,,,,,,
PROD003,,,,,,₹ 9,,,,,,,,,Sale,SALE0182,BUS001,2026-06-14,CUST015,10.0,10.0,₹ 81,Cash,Completed,0,Standard Sale,,,,,,,,,,,,,,,,,,,,,,,,,,,,,,
PROD004,,,,,,₹ 61,,,,,,,,,Sale,SALE0183,BUS001,2026-06-14,CUST021,7.0,0.0,₹ 427,Cash,Completed,0,Standard Sale,,,,,,,,,,,,,,,,,,,,,,,,,,,,,,
PROD011,,,,,,₹ 199,,,,,,,,,Sale,SALE0184,BUS001,2026-06-14,CUST013,3.0,0.0,₹ 597,Cash,Completed,0,Standard Sale,,,,,,,,,,,,,,,,,,,,,,,,,,,,,,
PROD010,,,,,,₹ 440,,,,,,,,,Sale,SALE0185,BUS001,2026-06-14,CUST017,2.0,0.0,₹ 880,Credit,Pending,₹ 880,Standard Sale,,,,,,,,,,,,,,,,,,,,,,,,,,,,,,
PROD008,,,,,,₹ 13,,,,,,,,,Sale,SALE0186,BUS001,2026-06-14,CUST012,8.0,10.0,₹ 93,UPI,Completed,0,Standard Sale,,,,,,,,,,,,,,,,,,,,,,,,,,,,,,
PROD006,,,,,,₹ 2106,,,,,,,,,Sale,SALE0187,BUS001,2026-06-14,CUST004,4.0,5.0,₹ 8002,Cash,Completed,0,Standard Sale,,,,,,,,,,,,,,,,,,,,,,,,,,,,,,
PROD001,,,,,,₹ 162,,,,,,,,,Sale,SALE0188,BUS001,2026-06-14,CUST002,4.0,10.0,₹ 583,Cash,Completed,0,Standard Sale,,,,,,,,,,,,,,,,,,,,,,,,,,,,,,
PROD008,,,,,,₹ 13,,,,,,,,,Sale,SALE0189,BUS001,2026-06-14,CUST004,10.0,0.0,₹ 130,UPI,Completed,0,Standard Sale,,,,,,,,,,,,,,,,,,,,,,,,,,,,,,
PROD008,,,,,,₹ 13,,,,,,,,,Sale,SALE0190,BUS001,2026-06-14,CUST028,5.0,0.0,₹ 65,Cash,Completed,0,Standard Sale,,,,,,,,,,,,,,,,,,,,,,,,,,,,,,
PROD008,,,,,,₹ 13,,,,,,,,,Sale,SALE0191,BUS001,2026-06-14,CUST021,7.0,0.0,₹ 91,UPI,Completed,0,Standard Sale,,,,,,,,,,,,,,,,,,,,,,,,,,,,,,
PROD005,,,,,,₹ 377,,,,,,,,,Sale,SALE0192,BUS001,2026-06-15,CUST038,7.0,0.0,₹ 2639,UPI,Completed,0,Standard Sale,,,,,,,,,,,,,,,,,,,,,,,,,,,,,,
PROD004,,,,,,₹ 61,,,,,,,,,Sale,SALE0193,BUS001,2026-06-15,CUST022,10.0,0.0,₹ 610,Cash,Completed,0,Standard Sale,,,,,,,,,,,,,,,,,,,,,,,,,,,,,,
PROD005,,,,,,₹ 377,,,,,,,,,Sale,SALE0194,BUS001,2026-06-15,CUST008,12.0,0.0,₹ 4524,Cash,Completed,0,Standard Sale,,,,,,,,,,,,,,,,,,,,,,,,,,,,,,
PROD004,,,,,,₹ 61,,,,,,,,,Sale,SALE0195,BUS001,2026-06-15,CUST040,10.0,0.0,₹ 610,Cash,Completed,0,Standard Sale,,,,,,,,,,,,,,,,,,,,,,,,,,,,,,
PROD007,,,,,,₹ 678,,,,,,,,,Sale,SALE0196,BUS001,2026-06-15,CUST034,4.0,10.0,₹ 2440,Cash,Completed,0,Standard Sale,,,,,,,,,,,,,,,,,,,,,,,,,,,,,,
PROD009,,,,,,₹ 31,,,,,,,,,Sale,SALE0197,BUS001,2026-06-15,CUST030,1.0,5.0,₹ 29,Credit,Pending,₹ 29,Standard Sale,,,,,,,,,,,,,,,,,,,,,,,,,,,,,,
PROD003,,,,,,₹ 9,,,,,,,,,Sale,SALE0198,BUS001,2026-06-15,CUST025,43.0,0.0,₹ 387,UPI,Completed,0,Standard Sale,,,,,,,,,,,,,,,,,,,,,,,,,,,,,,
PROD006,,,,,,₹ 2106,,,,,,,,,Sale,SALE0199,BUS001,2026-06-15,CUST009,1.0,0.0,₹ 2106,Credit,Pending,₹ 2106,Standard Sale,,,,,,,,,,,,,,,,,,,,,,,,,,,,,,
PROD006,,,,,,₹ 2106,,,,,,,,,Sale,SALE0200,BUS001,2026-06-15,CUST019,3.0,0.0,₹ 6318,UPI,Completed,0,Standard Sale,,,,,,,,,,,,,,,,,,,,,,,,,,,,,,
PROD006,,,,,,₹ 2106,,,,,,,,,Sale,SALE0201,BUS001,2026-06-15,CUST005,4.0,0.0,₹ 8424,Cash,Completed,0,Standard Sale,,,,,,,,,,,,,,,,,,,,,,,,,,,,,,
PROD007,,,,,,₹ 678,,,,,,,,,Sale,SALE0202,BUS001,2026-06-15,CUST006,3.0,0.0,₹ 2034,UPI,Completed,0,Standard Sale,,,,,,,,,,,,,,,,,,,,,,,,,,,,,,
PROD004,,,,,,₹ 61,,,,,,,,,Sale,SALE0203,BUS001,2026-06-15,CUST035,10.0,5.0,₹ 579,Cash,Completed,0,Standard Sale,,,,,,,,,,,,,,,,,,,,,,,,,,,,,,
PROD008,,,,,,₹ 13,,,,,,,,,Sale,SALE0204,BUS001,2026-06-16,CUST014,8.0,0.0,₹ 104,Cash,Completed,0,Standard Sale,,,,,,,,,,,,,,,,,,,,,,,,,,,,,,
PROD003,,,,,,₹ 9,,,,,,,,,Sale,SALE0205,BUS001,2026-06-16,CUST033,23.0,0.0,₹ 207,UPI,Completed,0,Standard Sale,,,,,,,,,,,,,,,,,,,,,,,,,,,,,,
PROD001,,,,,,₹ 162,,,,,,,,,Sale,SALE0206,BUS001,2026-06-16,CUST024,8.0,0.0,₹ 1296,Cash,Completed,0,Standard Sale,,,,,,,,,,,,,,,,,,,,,,,,,,,,,,
PROD009,,,,,,₹ 31,,,,,,,,,Sale,SALE0207,BUS001,2026-06-16,CUST029,5.0,0.0,₹ 155,Cash,Completed,0,Standard Sale,,,,,,,,,,,,,,,,,,,,,,,,,,,,,,
PROD001,,,,,,₹ 162,,,,,,,,,Sale,SALE0208,BUS001,2026-06-16,CUST016,3.0,0.0,₹ 486,Cash,Completed,0,Standard Sale,,,,,,,,,,,,,,,,,,,,,,,,,,,,,,
PROD001,,,,,,₹ 162,,,,,,,,,Sale,SALE0209,BUS001,2026-06-16,CUST005,3.0,0.0,₹ 486,Cash,Completed,0,Standard Sale,,,,,,,,,,,,,,,,,,,,,,,,,,,,,,
PROD007,,,,,,₹ 678,,,,,,,,,Sale,SALE0210,BUS001,2026-06-16,CUST035,3.0,0.0,₹ 2034,Credit,Pending,₹ 2034,Standard Sale,,,,,,,,,,,,,,,,,,,,,,,,,,,,,,
PROD006,,,,,,₹ 2106,,,,,,,,,Sale,SALE0211,BUS001,2026-06-16,CUST034,4.0,0.0,₹ 8424,Cash,Completed,0,Standard Sale,,,,,,,,,,,,,,,,,,,,,,,,,,,,,,
PROD003,,,,,,₹ 9,,,,,,,,,Sale,SALE0212,BUS001,2026-06-16,CUST020,48.0,0.0,₹ 432,Cash,Completed,0,Standard Sale,,,,,,,,,,,,,,,,,,,,,,,,,,,,,,
PROD001,,,,,,₹ 162,,,,,,,,,Sale,SALE0213,BUS001,2026-06-16,CUST019,6.0,5.0,₹ 923,Cash,Completed,0,Standard Sale,,,,,,,,,,,,,,,,,,,,,,,,,,,,,,
PROD002,,,,,,₹ 95,,,,,,,,,Sale,SALE0214,BUS001,2026-06-16,CUST027,2.0,0.0,₹ 190,UPI,Completed,0,Standard Sale,,,,,,,,,,,,,,,,,,,,,,,,,,,,,,
PROD001,,,,,,₹ 162,,,,,,,,,Sale,SALE0215,BUS001,2026-06-16,CUST023,8.0,5.0,₹ 1231,Cash,Completed,0,Standard Sale,,,,,,,,,,,,,,,,,,,,,,,,,,,,,,
PROD002,,,,,,₹ 95,,,,,,,,,Sale,SALE0216,BUS001,2026-06-16,CUST036,1.0,0.0,₹ 95,Cash,Completed,0,Standard Sale,,,,,,,,,,,,,,,,,,,,,,,,,,,,,,
PROD002,,,,,,₹ 95,,,,,,,,,Sale,SALE0217,BUS001,2026-06-16,CUST027,2.0,0.0,₹ 190,Cash,Completed,0,Standard Sale,,,,,,,,,,,,,,,,,,,,,,,,,,,,,,
PROD005,,,,,,₹ 377,,,,,,,,,Sale,SALE0218,BUS001,2026-06-16,CUST035,8.0,10.0,₹ 2714,Cash,Completed,0,Standard Sale,,,,,,,,,,,,,,,,,,,,,,,,,,,,,,
PROD008,,,,,,₹ 13,,,,,,,,,Sale,SALE0219,BUS001,2026-06-16,CUST001,9.0,0.0,₹ 117,Cash,Completed,0,Standard Sale,,,,,,,,,,,,,,,,,,,,,,,,,,,,,,
PROD002,,,,,,₹ 95,,,,,,,,,Sale,SALE0220,BUS001,2026-06-16,CUST001,4.0,10.0,₹ 342,Credit,Pending,₹ 342,Standard Sale,,,,,,,,,,,,,,,,,,,,,,,,,,,,,,
PROD007,,,,,,₹ 678,,,,,,,,,Sale,SALE0221,BUS001,2026-06-16,CUST031,1.0,0.0,₹ 678,Cash,Completed,0,Standard Sale,,,,,,,,,,,,,,,,,,,,,,,,,,,,,,
PROD009,,,,,,₹ 31,,,,,,,,,Sale,SALE0222,BUS001,2026-06-16,CUST018,1.0,5.0,₹ 29,UPI,Completed,0,Standard Sale,,,,,,,,,,,,,,,,,,,,,,,,,,,,,,
PROD011,,,,,,₹ 199,,,,,,,,,Sale,SALE0223,BUS001,2026-06-16,CUST028,4.0,0.0,₹ 796,Credit,Pending,₹ 796,Standard Sale,,,,,,,,,,,,,,,,,,,,,,,,,,,,,,
PROD006,,,,,,₹ 2106,,,,,,,,,Sale,SALE0224,BUS001,2026-06-17,CUST020,5.0,10.0,₹ 9477,UPI,Completed,0,Standard Sale,,,,,,,,,,,,,,,,,,,,,,,,,,,,,,
PROD009,,,,,,₹ 31,,,,,,,,,Sale,SALE0225,BUS001,2026-06-17,CUST010,1.0,0.0,₹ 31,Credit,Pending,₹ 31,Standard Sale,,,,,,,,,,,,,,,,,,,,,,,,,,,,,,
PROD004,,,,,,₹ 61,,,,,,,,,Sale,SALE0226,BUS001,2026-06-17,CUST005,9.0,0.0,₹ 549,Cash,Completed,0,Standard Sale,,,,,,,,,,,,,,,,,,,,,,,,,,,,,,
PROD005,,,,,,₹ 377,,,,,,,,,Sale,SALE0227,BUS001,2026-06-17,CUST002,4.0,0.0,₹ 1508,UPI,Completed,0,Standard Sale,,,,,,,,,,,,,,,,,,,,,,,,,,,,,,
PROD007,,,,,,₹ 678,,,,,,,,,Sale,SALE0228,BUS001,2026-06-17,CUST015,3.0,0.0,₹ 2034,Credit,Pending,₹ 2034,Standard Sale,,,,,,,,,,,,,,,,,,,,,,,,,,,,,,
PROD012,,,,,,₹ 316,,,,,,,,,Sale,SALE0229,BUS001,2026-06-17,CUST023,4.0,0.0,₹ 1264,Cash,Completed,0,Standard Sale,,,,,,,,,,,,,,,,,,,,,,,,,,,,,,
PROD003,,,,,,₹ 9,,,,,,,,,Sale,SALE0230,BUS001,2026-06-17,CUST006,31.0,10.0,₹ 251,Cash,Completed,0,Standard Sale,,,,,,,,,,,,,,,,,,,,,,,,,,,,,,
PROD008,,,,,,₹ 13,,,,,,,,,Sale,SALE0231,BUS001,2026-06-17,CUST023,6.0,10.0,₹ 70,Cash,Completed,0,Standard Sale,,,,,,,,,,,,,,,,,,,,,,,,,,,,,,
PROD003,,,,,,₹ 9,,,,,,,,,Sale,SALE0232,BUS001,2026-06-17,CUST016,37.0,5.0,₹ 316,UPI,Completed,0,Standard Sale,,,,,,,,,,,,,,,,,,,,,,,,,,,,,,
PROD002,,,,,,₹ 95,,,,,,,,,Sale,SALE0233,BUS001,2026-06-17,CUST010,2.0,10.0,₹ 171,UPI,Completed,0,Standard Sale,,,,,,,,,,,,,,,,,,,,,,,,,,,,,,
PROD004,,,,,,₹ 61,,,,,,,,,Sale,SALE0234,BUS001,2026-06-17,CUST035,8.0,0.0,₹ 488,Cash,Completed,0,Standard Sale,,,,,,,,,,,,,,,,,,,,,,,,,,,,,,
PROD005,,,,,,₹ 377,,,,,,,,,Sale,SALE0235,BUS001,2026-06-17,CUST005,8.0,0.0,₹ 3016,Credit,Pending,₹ 3016,Standard Sale,,,,,,,,,,,,,,,,,,,,,,,,,,,,,,
PROD003,,,,,,₹ 9,,,,,,,,,Sale,SALE0236,BUS001,2026-06-17,CUST003,14.0,5.0,₹ 119,UPI,Completed,0,Standard Sale,,,,,,,,,,,,,,,,,,,,,,,,,,,,,,
PROD008,,,,,,₹ 13,,,,,,,,,Sale,SALE0237,BUS001,2026-06-17,CUST025,3.0,10.0,₹ 35,Cash,Completed,0,Standard Sale,,,,,,,,,,,,,,,,,,,,,,,,,,,,,,
PROD006,,,,,,₹ 2106,,,,,,,,,Sale,SALE0238,BUS001,2026-06-18,CUST002,3.0,0.0,₹ 6318,Cash,Completed,0,Standard Sale,,,,,,,,,,,,,,,,,,,,,,,,,,,,,,
PROD007,,,,,,₹ 678,,,,,,,,,Sale,SALE0239,BUS001,2026-06-18,CUST024,1.0,0.0,₹ 678,UPI,Completed,0,Standard Sale,,,,,,,,,,,,,,,,,,,,,,,,,,,,,,
PROD006,,,,,,₹ 2106,,,,,,,,,Sale,SALE0240,BUS001,2026-06-18,CUST014,1.0,0.0,₹ 2106,UPI,Completed,0,Standard Sale,,,,,,,,,,,,,,,,,,,,,,,,,,,,,,
PROD004,,,,,,₹ 61,,,,,,,,,Sale,SALE0241,BUS001,2026-06-18,CUST006,7.0,5.0,₹ 405,Cash,Completed,0,Standard Sale,,,,,,,,,,,,,,,,,,,,,,,,,,,,,,
PROD005,,,,,,₹ 377,,,,,,,,,Sale,SALE0242,BUS001,2026-06-18,CUST028,6.0,0.0,₹ 2262,Cash,Completed,0,Standard Sale,,,,,,,,,,,,,,,,,,,,,,,,,,,,,,
PROD009,,,,,,₹ 31,,,,,,,,,Sale,SALE0243,BUS001,2026-06-18,CUST025,2.0,10.0,₹ 55,UPI,Completed,0,Standard Sale,,,,,,,,,,,,,,,,,,,,,,,,,,,,,,
PROD005,,,,,,₹ 377,,,,,,,,,Sale,SALE0244,BUS001,2026-06-18,CUST008,3.0,0.0,₹ 1131,Cash,Completed,0,Standard Sale,,,,,,,,,,,,,,,,,,,,,,,,,,,,,,
PROD002,,,,,,₹ 95,,,,,,,,,Sale,SALE0245,BUS001,2026-06-18,CUST009,4.0,0.0,₹ 380,Cash,Completed,0,Standard Sale,,,,,,,,,,,,,,,,,,,,,,,,,,,,,,
PROD003,,,,,,₹ 9,,,,,,,,,Sale,SALE0246,BUS001,2026-06-18,CUST009,35.0,0.0,₹ 315,Cash,Completed,0,Standard Sale,,,,,,,,,,,,,,,,,,,,,,,,,,,,,,
PROD005,,,,,,₹ 377,,,,,,,,,Sale,SALE0247,BUS001,2026-06-18,CUST017,3.0,0.0,₹ 1131,Cash,Completed,0,Standard Sale,,,,,,,,,,,,,,,,,,,,,,,,,,,,,,
PROD004,,,,,,₹ 61,,,,,,,,,Sale,SALE0248,BUS001,2026-06-18,CUST012,6.0,0.0,₹ 366,Cash,Completed,0,Standard Sale,,,,,,,,,,,,,,,,,,,,,,,,,,,,,,
PROD004,,,,,,₹ 61,,,,,,,,,Sale,SALE0249,BUS001,2026-06-18,CUST031,8.0,0.0,₹ 488,Cash,Completed,0,Standard Sale,,,,,,,,,,,,,,,,,,,,,,,,,,,,,,
PROD010,,,,,,₹ 440,,,,,,,,,Sale,SALE0250,BUS001,2026-06-18,CUST022,3.0,0.0,₹ 1320,UPI,Completed,0,Standard Sale,,,,,,,,,,,,,,,,,,,,,,,,,,,,,,
PROD001,,,,,,₹ 162,,,,,,,,,Sale,SALE0251,BUS001,2026-06-18,CUST040,10.0,0.0,₹ 1620,Cash,Completed,0,Standard Sale,,,,,,,,,,,,,,,,,,,,,,,,,,,,,,
PROD003,,,,,,₹ 9,,,,,,,,,Sale,SALE0252,BUS001,2026-06-18,CUST014,14.0,0.0,₹ 126,UPI,Completed,0,Standard Sale,,,,,,,,,,,,,,,,,,,,,,,,,,,,,,
PROD003,,,,,,₹ 9,,,,,,,,,Sale,SALE0253,BUS001,2026-06-18,CUST006,32.0,0.0,₹ 288,Cash,Completed,0,Standard Sale,,,,,,,,,,,,,,,,,,,,,,,,,,,,,,
PROD010,,,,,,₹ 440,,,,,,,,,Sale,SALE0254,BUS001,2026-06-19,CUST015,3.0,10.0,₹ 1188,UPI,Completed,0,Standard Sale,,,,,,,,,,,,,,,,,,,,,,,,,,,,,,
PROD001,,,,,,₹ 162,,,,,,,,,Sale,SALE0255,BUS001,2026-06-19,CUST027,2.0,5.0,₹ 307,UPI,Completed,0,Standard Sale,,,,,,,,,,,,,,,,,,,,,,,,,,,,,,
PROD005,,,,,,₹ 377,,,,,,,,,Sale,SALE0256,BUS001,2026-06-19,CUST020,3.0,5.0,₹ 1074,Cash,Completed,0,Standard Sale,,,,,,,,,,,,,,,,,,,,,,,,,,,,,,
PROD008,,,,,,₹ 13,,,,,,,,,Sale,SALE0257,BUS001,2026-06-19,CUST016,9.0,0.0,₹ 117,Cash,Completed,0,Standard Sale,,,,,,,,,,,,,,,,,,,,,,,,,,,,,,
PROD004,,,,,,₹ 61,,,,,,,,,Sale,SALE0258,BUS001,2026-06-19,CUST007,5.0,0.0,₹ 305,UPI,Completed,0,Standard Sale,,,,,,,,,,,,,,,,,,,,,,,,,,,,,,
PROD009,,,,,,₹ 31,,,,,,,,,Sale,SALE0259,BUS001,2026-06-19,CUST010,5.0,0.0,₹ 155,Cash,Completed,0,Standard Sale,,,,,,,,,,,,,,,,,,,,,,,,,,,,,,
PROD005,,,,,,₹ 377,,,,,,,,,Sale,SALE0260,BUS001,2026-06-19,CUST032,8.0,10.0,₹ 2714,Cash,Completed,0,Standard Sale,,,,,,,,,,,,,,,,,,,,,,,,,,,,,,
PROD010,,,,,,₹ 440,,,,,,,,,Sale,SALE0261,BUS001,2026-06-19,CUST001,5.0,5.0,₹ 2090,Credit,Pending,₹ 2090,Standard Sale,,,,,,,,,,,,,,,,,,,,,,,,,,,,,,
PROD001,,,,,,₹ 162,,,,,,,,,Sale,SALE0262,BUS001,2026-06-19,CUST026,10.0,5.0,₹ 1539,Cash,Completed,0,Standard Sale,,,,,,,,,,,,,,,,,,,,,,,,,,,,,,
PROD003,,,,,,₹ 9,,,,,,,,,Sale,SALE0263,BUS001,2026-06-19,CUST016,15.0,0.0,₹ 135,Cash,Completed,0,Standard Sale,,,,,,,,,,,,,,,,,,,,,,,,,,,,,,
PROD003,,,,,,₹ 9,,,,,,,,,Sale,SALE0264,BUS001,2026-06-19,CUST004,33.0,5.0,₹ 282,Cash,Completed,0,Standard Sale,,,,,,,,,,,,,,,,,,,,,,,,,,,,,,
PROD006,,,,,,₹ 2106,,,,,,,,,Sale,SALE0265,BUS001,2026-06-19,CUST037,3.0,0.0,₹ 6318,Credit,Pending,₹ 6318,Standard Sale,,,,,,,,,,,,,,,,,,,,,,,,,,,,,,
PROD005,,,,,,₹ 377,,,,,,,,,Sale,SALE0266,BUS001,2026-06-19,CUST015,15.0,0.0,₹ 5655,Cash,Completed,0,Standard Sale,,,,,,,,,,,,,,,,,,,,,,,,,,,,,,
PROD011,,,,,,₹ 199,,,,,,,,,Sale,SALE0267,BUS001,2026-06-19,CUST037,1.0,5.0,₹ 189,UPI,Completed,0,Standard Sale,,,,,,,,,,,,,,,,,,,,,,,,,,,,,,
PROD005,,,,,,₹ 377,,,,,,,,,Sale,SALE0268,BUS001,2026-06-19,CUST022,13.0,0.0,₹ 4901,UPI,Completed,0,Standard Sale,,,,,,,,,,,,,,,,,,,,,,,,,,,,,,
PROD008,,,,,,₹ 13,,,,,,,,,Sale,SALE0269,BUS001,2026-06-19,CUST020,10.0,0.0,₹ 130,Cash,Completed,0,Standard Sale,,,,,,,,,,,,,,,,,,,,,,,,,,,,,,
PROD001,,,,,,₹ 162,,,,,,,,,Sale,SALE0270,BUS001,2026-06-20,CUST020,3.0,0.0,₹ 486,Cash,Completed,0,Standard Sale,,,,,,,,,,,,,,,,,,,,,,,,,,,,,,
PROD005,,,,,,₹ 377,,,,,,,,,Sale,SALE0271,BUS001,2026-06-20,CUST023,6.0,5.0,₹ 2148,Cash,Completed,0,Standard Sale,,,,,,,,,,,,,,,,,,,,,,,,,,,,,,
PROD001,,,,,,₹ 162,,,,,,,,,Sale,SALE0272,BUS001,2026-06-20,CUST014,3.0,0.0,₹ 486,Credit,Pending,₹ 486,Standard Sale,,,,,,,,,,,,,,,,,,,,,,,,,,,,,,
PROD003,,,,,,₹ 9,,,,,,,,,Sale,SALE0273,BUS001,2026-06-20,CUST028,22.0,0.0,₹ 198,UPI,Completed,0,Standard Sale,,,,,,,,,,,,,,,,,,,,,,,,,,,,,,
PROD005,,,,,,₹ 377,,,,,,,,,Sale,SALE0274,BUS001,2026-06-20,CUST028,7.0,0.0,₹ 2639,Cash,Completed,0,Standard Sale,,,,,,,,,,,,,,,,,,,,,,,,,,,,,,
PROD001,,,,,,₹ 162,,,,,,,,,Sale,SALE0275,BUS001,2026-06-20,CUST030,2.0,0.0,₹ 324,UPI,Completed,0,Standard Sale,,,,,,,,,,,,,,,,,,,,,,,,,,,,,,
PROD005,,,,,,₹ 377,,,,,,,,,Sale,SALE0276,BUS001,2026-06-20,CUST013,10.0,0.0,₹ 3770,UPI,Completed,0,Standard Sale,,,,,,,,,,,,,,,,,,,,,,,,,,,,,,
PROD008,,,,,,₹ 13,,,,,,,,,Sale,SALE0277,BUS001,2026-06-20,CUST022,4.0,0.0,₹ 52,Cash,Completed,0,Standard Sale,,,,,,,,,,,,,,,,,,,,,,,,,,,,,,
PROD008,,,,,,₹ 13,,,,,,,,,Sale,SALE0278,BUS001,2026-06-20,CUST010,4.0,0.0,₹ 52,Credit,Pending,₹ 52,Standard Sale,,,,,,,,,,,,,,,,,,,,,,,,,,,,,,
PROD005,,,,,,₹ 377,,,,,,,,,Sale,SALE0279,BUS001,2026-06-20,CUST037,12.0,0.0,₹ 4524,Cash,Completed,0,Standard Sale,,,,,,,,,,,,,,,,,,,,,,,,,,,,,,
PROD011,,,,,,₹ 199,,,,,,,,,Sale,SALE0280,BUS001,2026-06-20,CUST002,1.0,0.0,₹ 199,UPI,Completed,0,Standard Sale,,,,,,,,,,,,,,,,,,,,,,,,,,,,,,
PROD002,,,,,,₹ 95,,,,,,,,,Sale,SALE0281,BUS001,2026-06-21,CUST017,2.0,0.0,₹ 190,UPI,Completed,0,Standard Sale,,,,,,,,,,,,,,,,,,,,,,,,,,,,,,
PROD005,,,,,,₹ 377,,,,,,,,,Sale,SALE0282,BUS001,2026-06-21,CUST009,7.0,0.0,₹ 2639,UPI,Completed,0,Standard Sale,,,,,,,,,,,,,,,,,,,,,,,,,,,,,,
PROD004,,,,,,₹ 61,,,,,,,,,Sale,SALE0283,BUS001,2026-06-21,CUST007,9.0,0.0,₹ 549,UPI,Completed,0,Standard Sale,,,,,,,,,,,,,,,,,,,,,,,,,,,,,,
PROD003,,,,,,₹ 9,,,,,,,,,Sale,SALE0284,BUS001,2026-06-21,CUST002,33.0,0.0,₹ 297,UPI,Completed,0,Standard Sale,,,,,,,,,,,,,,,,,,,,,,,,,,,,,,
PROD001,,,,,,₹ 162,,,,,,,,,Sale,SALE0285,BUS001,2026-06-21,CUST037,3.0,0.0,₹ 486,Cash,Completed,0,Standard Sale,,,,,,,,,,,,,,,,,,,,,,,,,,,,,,
PROD006,,,,,,₹ 2106,,,,,,,,,Sale,SALE0286,BUS001,2026-06-21,CUST012,5.0,0.0,₹ 10530,Cash,Completed,0,Standard Sale,,,,,,,,,,,,,,,,,,,,,,,,,,,,,,
PROD005,,,,,,₹ 377,,,,,,,,,Sale,SALE0287,BUS001,2026-06-21,CUST035,3.0,5.0,₹ 1074,UPI,Completed,0,Standard Sale,,,,,,,,,,,,,,,,,,,,,,,,,,,,,,
PROD001,,,,,,₹ 162,,,,,,,,,Sale,SALE0288,BUS001,2026-06-21,CUST030,2.0,5.0,₹ 307,Cash,Completed,0,Standard Sale,,,,,,,,,,,,,,,,,,,,,,,,,,,,,,
PROD002,,,,,,₹ 95,,,,,,,,,Sale,SALE0289,BUS001,2026-06-21,CUST040,4.0,0.0,₹ 380,Cash,Completed,0,Standard Sale,,,,,,,,,,,,,,,,,,,,,,,,,,,,,,
PROD008,,,,,,₹ 13,,,,,,,,,Sale,SALE0290,BUS001,2026-06-21,CUST031,4.0,0.0,₹ 52,UPI,Completed,0,Standard Sale,,,,,,,,,,,,,,,,,,,,,,,,,,,,,,
PROD008,,,,,,₹ 13,,,,,,,,,Sale,SALE0291,BUS001,2026-06-21,CUST034,3.0,10.0,₹ 35,UPI,Completed,0,Standard Sale,,,,,,,,,,,,,,,,,,,,,,,,,,,,,,
PROD001,,,,,,₹ 162,,,,,,,,,Sale,SALE0292,BUS001,2026-06-21,CUST040,9.0,0.0,₹ 1458,UPI,Completed,0,Standard Sale,,,,,,,,,,,,,,,,,,,,,,,,,,,,,,
PROD007,,,,,,₹ 678,,,,,,,,,Sale,SALE0293,BUS001,2026-06-21,CUST001,4.0,10.0,₹ 2440,Cash,Completed,0,Standard Sale,,,,,,,,,,,,,,,,,,,,,,,,,,,,,,
PROD008,,,,,,₹ 13,,,,,,,,,Sale,SALE0294,BUS001,2026-06-21,CUST018,9.0,0.0,₹ 117,Cash,Completed,0,Standard Sale,,,,,,,,,,,,,,,,,,,,,,,,,,,,,,
PROD008,,,,,,₹ 13,,,,,,,,,Sale,SALE0295,BUS001,2026-06-21,CUST017,6.0,0.0,₹ 78,Cash,Completed,0,Standard Sale,,,,,,,,,,,,,,,,,,,,,,,,,,,,,,
PROD001,,,,,,₹ 162,,,,,,,,,Sale,SALE0296,BUS001,2026-06-21,CUST007,2.0,0.0,₹ 324,Cash,Completed,0,Standard Sale,,,,,,,,,,,,,,,,,,,,,,,,,,,,,,
PROD004,,,,,,₹ 61,,,,,,,,,Sale,SALE0297,BUS001,2026-06-21,CUST005,6.0,0.0,₹ 366,Cash,Completed,0,Standard Sale,,,,,,,,,,,,,,,,,,,,,,,,,,,,,,
PROD008,,,,,,₹ 13,,,,,,,,,Sale,SALE0298,BUS001,2026-06-22,CUST026,6.0,0.0,₹ 78,UPI,Completed,0,Standard Sale,,,,,,,,,,,,,,,,,,,,,,,,,,,,,,
PROD006,,,,,,₹ 2106,,,,,,,,,Sale,SALE0299,BUS001,2026-06-22,CUST003,1.0,10.0,₹ 1895,Cash,Completed,0,Standard Sale,,,,,,,,,,,,,,,,,,,,,,,,,,,,,,
PROD008,,,,,,₹ 13,,,,,,,,,Sale,SALE0300,BUS001,2026-06-22,CUST015,4.0,0.0,₹ 52,Cash,Completed,0,Standard Sale,,,,,,,,,,,,,,,,,,,,,,,,,,,,,,
PROD011,,,,,,₹ 199,,,,,,,,,Sale,SALE0301,BUS001,2026-06-22,CUST035,2.0,0.0,₹ 398,Cash,Completed,0,Standard Sale,,,,,,,,,,,,,,,,,,,,,,,,,,,,,,
PROD009,,,,,,₹ 31,,,,,,,,,Sale,SALE0302,BUS001,2026-06-22,CUST007,2.0,0.0,₹ 62,Cash,Completed,0,Standard Sale,,,,,,,,,,,,,,,,,,,,,,,,,,,,,,
PROD006,,,,,,₹ 2106,,,,,,,,,Sale,SALE0303,BUS001,2026-06-22,CUST023,1.0,0.0,₹ 2106,Cash,Completed,0,Standard Sale,,,,,,,,,,,,,,,,,,,,,,,,,,,,,,
PROD008,,,,,,₹ 13,,,,,,,,,Sale,SALE0304,BUS001,2026-06-22,CUST007,6.0,5.0,₹ 74,Cash,Completed,0,Standard Sale,,,,,,,,,,,,,,,,,,,,,,,,,,,,,,
PROD002,,,,,,₹ 95,,,,,,,,,Sale,SALE0305,BUS001,2026-06-22,CUST033,5.0,0.0,₹ 475,Cash,Completed,0,Standard Sale,,,,,,,,,,,,,,,,,,,,,,,,,,,,,,
PROD008,,,,,,₹ 13,,,,,,,,,Sale,SALE0306,BUS001,2026-06-22,CUST005,9.0,0.0,₹ 117,Cash,Completed,0,Standard Sale,,,,,,,,,,,,,,,,,,,,,,,,,,,,,,
PROD006,,,,,,₹ 2106,,,,,,,,,Sale,SALE0307,BUS001,2026-06-23,CUST010,2.0,0.0,₹ 4212,UPI,Completed,0,Standard Sale,,,,,,,,,,,,,,,,,,,,,,,,,,,,,,
PROD003,,,,,,₹ 9,,,,,,,,,Sale,SALE0308,BUS001,2026-06-23,CUST007,16.0,0.0,₹ 144,UPI,Completed,0,Standard Sale,,,,,,,,,,,,,,,,,,,,,,,,,,,,,,
PROD009,,,,,,₹ 31,,,,,,,,,Sale,SALE0309,BUS001,2026-06-23,CUST010,5.0,0.0,₹ 155,UPI,Completed,0,Standard Sale,,,,,,,,,,,,,,,,,,,,,,,,,,,,,,
PROD004,,,,,,₹ 61,,,,,,,,,Sale,SALE0310,BUS001,2026-06-23,CUST012,10.0,10.0,₹ 549,UPI,Completed,0,Standard Sale,,,,,,,,,,,,,,,,,,,,,,,,,,,,,,
PROD004,,,,,,₹ 61,,,,,,,,,Sale,SALE0311,BUS001,2026-06-23,CUST024,5.0,0.0,₹ 305,Cash,Completed,0,Standard Sale,,,,,,,,,,,,,,,,,,,,,,,,,,,,,,
PROD008,,,,,,₹ 13,,,,,,,,,Sale,SALE0312,BUS001,2026-06-23,CUST021,5.0,0.0,₹ 65,UPI,Completed,0,Standard Sale,,,,,,,,,,,,,,,,,,,,,,,,,,,,,,
PROD008,,,,,,₹ 13,,,,,,,,,Sale,SALE0313,BUS001,2026-06-23,CUST003,5.0,0.0,₹ 65,Cash,Completed,0,Standard Sale,,,,,,,,,,,,,,,,,,,,,,,,,,,,,,
PROD004,,,,,,₹ 61,,,,,,,,,Sale,SALE0314,BUS001,2026-06-23,CUST027,4.0,0.0,₹ 244,Credit,Pending,₹ 244,Standard Sale,,,,,,,,,,,,,,,,,,,,,,,,,,,,,,
PROD005,,,,,,₹ 377,,,,,,,,,Sale,SALE0315,BUS001,2026-06-23,CUST001,4.0,0.0,₹ 1508,UPI,Completed,0,Standard Sale,,,,,,,,,,,,,,,,,,,,,,,,,,,,,,
PROD001,,,,,,₹ 162,,,,,,,,,Sale,SALE0316,BUS001,2026-06-23,CUST002,2.0,5.0,₹ 307,Cash,Completed,0,Standard Sale,,,,,,,,,,,,,,,,,,,,,,,,,,,,,,
PROD005,,,,,,₹ 377,,,,,,,,,Sale,SALE0317,BUS001,2026-06-23,CUST007,9.0,0.0,₹ 3393,Cash,Completed,0,Standard Sale,,,,,,,,,,,,,,,,,,,,,,,,,,,,,,
PROD001,,,,,,₹ 162,,,,,,,,,Sale,SALE0318,BUS001,2026-06-23,CUST004,5.0,0.0,₹ 810,UPI,Completed,0,Standard Sale,,,,,,,,,,,,,,,,,,,,,,,,,,,,,,
PROD004,,,,,,₹ 61,,,,,,,,,Sale,SALE0319,BUS001,2026-06-23,CUST018,8.0,0.0,₹ 488,Cash,Completed,0,Standard Sale,,,,,,,,,,,,,,,,,,,,,,,,,,,,,,
PROD005,,,,,,₹ 377,,,,,,,,,Sale,SALE0320,BUS001,2026-06-23,CUST003,10.0,0.0,₹ 3770,Cash,Completed,0,Standard Sale,,,,,,,,,,,,,,,,,,,,,,,,,,,,,,
PROD005,,,,,,₹ 377,,,,,,,,,Sale,SALE0321,BUS001,2026-06-24,CUST036,9.0,0.0,₹ 3393,UPI,Completed,0,Standard Sale,,,,,,,,,,,,,,,,,,,,,,,,,,,,,,
PROD006,,,,,,₹ 2106,,,,,,,,,Sale,SALE0322,BUS001,2026-06-24,CUST033,4.0,0.0,₹ 8424,Cash,Completed,0,Standard Sale,,,,,,,,,,,,,,,,,,,,,,,,,,,,,,
PROD005,,,,,,₹ 377,,,,,,,,,Sale,SALE0323,BUS001,2026-06-24,CUST017,7.0,10.0,₹ 2375,Cash,Completed,0,Standard Sale,,,,,,,,,,,,,,,,,,,,,,,,,,,,,,
PROD005,,,,,,₹ 377,,,,,,,,,Sale,SALE0324,BUS001,2026-06-24,CUST022,4.0,0.0,₹ 1508,UPI,Completed,0,Standard Sale,,,,,,,,,,,,,,,,,,,,,,,,,,,,,,
PROD001,,,,,,₹ 162,,,,,,,,,Sale,SALE0325,BUS001,2026-06-24,CUST007,8.0,0.0,₹ 1296,UPI,Completed,0,Standard Sale,,,,,,,,,,,,,,,,,,,,,,,,,,,,,,
PROD004,,,,,,₹ 61,,,,,,,,,Sale,SALE0326,BUS001,2026-06-24,CUST006,2.0,0.0,₹ 122,Credit,Pending,₹ 122,Standard Sale,,,,,,,,,,,,,,,,,,,,,,,,,,,,,,
PROD012,,,,,,₹ 316,,,,,,,,,Sale,SALE0327,BUS001,2026-06-24,CUST007,1.0,10.0,₹ 284,UPI,Completed,0,Standard Sale,,,,,,,,,,,,,,,,,,,,,,,,,,,,,,
PROD001,,,,,,₹ 162,,,,,,,,,Sale,SALE0328,BUS001,2026-06-24,CUST033,10.0,0.0,₹ 1620,Credit,Pending,₹ 1620,Standard Sale,,,,,,,,,,,,,,,,,,,,,,,,,,,,,,
PROD008,,,,,,₹ 13,,,,,,,,,Sale,SALE0329,BUS001,2026-06-24,CUST033,3.0,0.0,₹ 39,UPI,Completed,0,Standard Sale,,,,,,,,,,,,,,,,,,,,,,,,,,,,,,
PROD008,,,,,,₹ 13,,,,,,,,,Sale,SALE0330,BUS001,2026-06-24,CUST031,4.0,5.0,₹ 49,Cash,Completed,0,Standard Sale,,,,,,,,,,,,,,,,,,,,,,,,,,,,,,
PROD011,,,,,,₹ 199,,,,,,,,,Sale,SALE0331,BUS001,2026-06-24,CUST024,5.0,0.0,₹ 995,Cash,Completed,0,Standard Sale,,,,,,,,,,,,,,,,,,,,,,,,,,,,,,
PROD006,,,,,,₹ 2106,,,,,,,,,Sale,SALE0332,BUS001,2026-06-24,CUST035,3.0,0.0,₹ 6318,Credit,Pending,₹ 6318,Standard Sale,,,,,,,,,,,,,,,,,,,,,,,,,,,,,,
PROD008,,,,,,₹ 13,,,,,,,,,Sale,SALE0333,BUS001,2026-06-24,CUST004,9.0,0.0,₹ 117,Cash,Completed,0,Standard Sale,,,,,,,,,,,,,,,,,,,,,,,,,,,,,,
PROD001,,,,,,₹ 162,,,,,,,,,Sale,SALE0334,BUS001,2026-06-24,CUST040,8.0,0.0,₹ 1296,Credit,Pending,₹ 1296,Standard Sale,,,,,,,,,,,,,,,,,,,,,,,,,,,,,,
PROD004,,,,,,₹ 61,,,,,,,,,Sale,SALE0335,BUS001,2026-06-24,CUST021,7.0,0.0,₹ 427,UPI,Completed,0,Standard Sale,,,,,,,,,,,,,,,,,,,,,,,,,,,,,,
PROD006,,,,,,₹ 2106,,,,,,,,,Sale,SALE0336,BUS001,2026-06-24,CUST006,4.0,0.0,₹ 8424,UPI,Completed,0,Standard Sale,,,,,,,,,,,,,,,,,,,,,,,,,,,,,,
PROD004,,,,,,₹ 61,,,,,,,,,Sale,SALE0337,BUS001,2026-06-24,CUST020,10.0,0.0,₹ 610,Cash,Completed,0,Standard Sale,,,,,,,,,,,,,,,,,,,,,,,,,,,,,,
PROD002,,,,,,₹ 95,,,,,,,,,Sale,SALE0338,BUS001,2026-06-24,CUST003,3.0,0.0,₹ 285,Cash,Completed,0,Standard Sale,,,,,,,,,,,,,,,,,,,,,,,,,,,,,,
PROD007,,,,,,₹ 678,,,,,,,,,Sale,SALE0339,BUS001,2026-06-24,CUST038,1.0,5.0,₹ 644,Cash,Completed,0,Standard Sale,,,,,,,,,,,,,,,,,,,,,,,,,,,,,,
PROD008,,,,,,₹ 13,,,,,,,,,Sale,SALE0340,BUS001,2026-06-24,CUST032,5.0,0.0,₹ 65,UPI,Completed,0,Standard Sale,,,,,,,,,,,,,,,,,,,,,,,,,,,,,,
PROD004,,,,,,₹ 61,,,,,,,,,Sale,SALE0341,BUS001,2026-06-25,CUST036,3.0,0.0,₹ 183,Cash,Completed,0,Standard Sale,,,,,,,,,,,,,,,,,,,,,,,,,,,,,,
PROD001,,,,,,₹ 162,,,,,,,,,Sale,SALE0342,BUS001,2026-06-25,CUST017,5.0,10.0,₹ 729,Cash,Completed,0,Standard Sale,,,,,,,,,,,,,,,,,,,,,,,,,,,,,,
PROD006,,,,,,₹ 2106,,,,,,,,,Sale,SALE0343,BUS001,2026-06-25,CUST024,1.0,0.0,₹ 2106,UPI,Completed,0,Standard Sale,,,,,,,,,,,,,,,,,,,,,,,,,,,,,,
PROD010,,,,,,₹ 440,,,,,,,,,Sale,SALE0344,BUS001,2026-06-25,CUST012,4.0,10.0,₹ 1584,Cash,Completed,0,Standard Sale,,,,,,,,,,,,,,,,,,,,,,,,,,,,,,
PROD008,,,,,,₹ 13,,,,,,,,,Sale,SALE0345,BUS001,2026-06-25,CUST033,2.0,0.0,₹ 26,Cash,Completed,0,Standard Sale,,,,,,,,,,,,,,,,,,,,,,,,,,,,,,
PROD004,,,,,,₹ 61,,,,,,,,,Sale,SALE0346,BUS001,2026-06-25,CUST017,5.0,0.0,₹ 305,UPI,Completed,0,Standard Sale,,,,,,,,,,,,,,,,,,,,,,,,,,,,,,
PROD006,,,,,,₹ 2106,,,,,,,,,Sale,SALE0347,BUS001,2026-06-25,CUST022,4.0,0.0,₹ 8424,Credit,Pending,₹ 8424,Standard Sale,,,,,,,,,,,,,,,,,,,,,,,,,,,,,,
PROD006,,,,,,₹ 2106,,,,,,,,,Sale,SALE0348,BUS001,2026-06-25,CUST032,4.0,0.0,₹ 8424,Cash,Completed,0,Standard Sale,,,,,,,,,,,,,,,,,,,,,,,,,,,,,,
PROD010,,,,,,₹ 440,,,,,,,,,Sale,SALE0349,BUS001,2026-06-25,CUST003,3.0,0.0,₹ 1320,UPI,Completed,0,Standard Sale,,,,,,,,,,,,,,,,,,,,,,,,,,,,,,
PROD005,,,,,,₹ 377,,,,,,,,,Sale,SALE0350,BUS001,2026-06-25,CUST020,7.0,10.0,₹ 2375,UPI,Completed,0,Standard Sale,,,,,,,,,,,,,,,,,,,,,,,,,,,,,,
PROD002,,,,,,₹ 95,,,,,,,,,Sale,SALE0351,BUS001,2026-06-25,CUST015,4.0,0.0,₹ 380,UPI,Completed,0,Standard Sale,,,,,,,,,,,,,,,,,,,,,,,,,,,,,,
PROD010,,,,,,₹ 440,,,,,,,,,Sale,SALE0352,BUS001,2026-06-25,CUST021,2.0,0.0,₹ 880,Cash,Completed,0,Standard Sale,,,,,,,,,,,,,,,,,,,,,,,,,,,,,,
PROD007,,,,,,₹ 678,,,,,,,,,Sale,SALE0353,BUS001,2026-06-25,CUST022,1.0,0.0,₹ 678,Cash,Completed,0,Standard Sale,,,,,,,,,,,,,,,,,,,,,,,,,,,,,,
PROD010,,,,,,₹ 440,,,,,,,,,Sale,SALE0354,BUS001,2026-06-25,CUST034,2.0,10.0,₹ 792,Cash,Completed,0,Standard Sale,,,,,,,,,,,,,,,,,,,,,,,,,,,,,,
PROD005,,,,,,₹ 377,,,,,,,,,Sale,SALE0355,BUS001,2026-06-25,CUST017,9.0,0.0,₹ 3393,UPI,Completed,0,Standard Sale,,,,,,,,,,,,,,,,,,,,,,,,,,,,,,
PROD005,,,,,,₹ 377,,,,,,,,,Sale,SALE0356,BUS001,2026-06-25,CUST003,4.0,0.0,₹ 1508,UPI,Completed,0,Standard Sale,,,,,,,,,,,,,,,,,,,,,,,,,,,,,,
PROD003,,,,,,₹ 9,,,,,,,,,Sale,SALE0357,BUS001,2026-06-25,CUST020,50.0,0.0,₹ 450,UPI,Completed,0,Standard Sale,,,,,,,,,,,,,,,,,,,,,,,,,,,,,,
PROD012,,,,,,₹ 316,,,,,,,,,Sale,SALE0358,BUS001,2026-06-25,CUST002,2.0,0.0,₹ 632,Cash,Completed,0,Standard Sale,,,,,,,,,,,,,,,,,,,,,,,,,,,,,,
PROD006,,,,,,₹ 2106,,,,,,,,,Sale,SALE0359,BUS001,2026-06-25,CUST028,5.0,10.0,₹ 9477,Cash,Completed,0,Standard Sale,,,,,,,,,,,,,,,,,,,,,,,,,,,,,,
PROD008,,,,,,₹ 13,,,,,,,,,Sale,SALE0360,BUS001,2026-06-25,CUST018,2.0,0.0,₹ 26,Cash,Completed,0,Standard Sale,,,,,,,,,,,,,,,,,,,,,,,,,,,,,,
PROD005,,,,,,₹ 377,,,,,,,,,Sale,SALE0361,BUS001,2026-06-25,CUST017,3.0,0.0,₹ 1131,UPI,Completed,0,Standard Sale,,,,,,,,,,,,,,,,,,,,,,,,,,,,,,
PROD009,,,,,,₹ 31,,,,,,,,,Sale,SALE0362,BUS001,2026-06-25,CUST002,5.0,0.0,₹ 155,Cash,Completed,0,Standard Sale,,,,,,,,,,,,,,,,,,,,,,,,,,,,,,
PROD003,,,,,,₹ 9,,,,,,,,,Sale,SALE0363,BUS001,2026-06-26,CUST028,38.0,5.0,₹ 324,Cash,Completed,0,Standard Sale,,,,,,,,,,,,,,,,,,,,,,,,,,,,,,
PROD005,,,,,,₹ 377,,,,,,,,,Sale,SALE0364,BUS001,2026-06-26,CUST009,15.0,0.0,₹ 5655,Cash,Completed,0,Standard Sale,,,,,,,,,,,,,,,,,,,,,,,,,,,,,,
PROD004,,,,,,₹ 61,,,,,,,,,Sale,SALE0365,BUS001,2026-06-26,CUST034,5.0,0.0,₹ 305,UPI,Completed,0,Standard Sale,,,,,,,,,,,,,,,,,,,,,,,,,,,,,,
PROD008,,,,,,₹ 13,,,,,,,,,Sale,SALE0366,BUS001,2026-06-26,CUST011,9.0,0.0,₹ 117,Credit,Pending,₹ 117,Standard Sale,,,,,,,,,,,,,,,,,,,,,,,,,,,,,,
PROD005,,,,,,₹ 377,,,,,,,,,Sale,SALE0367,BUS001,2026-06-26,CUST024,8.0,10.0,₹ 2714,Cash,Completed,0,Standard Sale,,,,,,,,,,,,,,,,,,,,,,,,,,,,,,
PROD012,,,,,,₹ 316,,,,,,,,,Sale,SALE0368,BUS001,2026-06-26,CUST003,2.0,0.0,₹ 632,Credit,Pending,₹ 632,Standard Sale,,,,,,,,,,,,,,,,,,,,,,,,,,,,,,
PROD004,,,,,,₹ 61,,,,,,,,,Sale,SALE0369,BUS001,2026-06-26,CUST036,10.0,0.0,₹ 610,UPI,Completed,0,Standard Sale,,,,,,,,,,,,,,,,,,,,,,,,,,,,,,
PROD009,,,,,,₹ 31,,,,,,,,,Sale,SALE0370,BUS001,2026-06-26,CUST021,3.0,0.0,₹ 93,Cash,Completed,0,Standard Sale,,,,,,,,,,,,,,,,,,,,,,,,,,,,,,
PROD008,,,,,,₹ 13,,,,,,,,,Sale,SALE0371,BUS001,2026-06-26,CUST008,8.0,0.0,₹ 104,UPI,Completed,0,Standard Sale,,,,,,,,,,,,,,,,,,,,,,,,,,,,,,
PROD002,,,,,,₹ 95,,,,,,,,,Sale,SALE0372,BUS001,2026-06-26,CUST016,2.0,0.0,₹ 190,Cash,Completed,0,Standard Sale,,,,,,,,,,,,,,,,,,,,,,,,,,,,,,
PROD008,,,,,,₹ 13,,,,,,,,,Sale,SALE0373,BUS001,2026-06-26,CUST019,2.0,0.0,₹ 26,Cash,Completed,0,Standard Sale,,,,,,,,,,,,,,,,,,,,,,,,,,,,,,
PROD007,,,,,,₹ 678,,,,,,,,,Sale,SALE0374,BUS001,2026-06-26,CUST019,4.0,0.0,₹ 2712,UPI,Completed,0,Standard Sale,,,,,,,,,,,,,,,,,,,,,,,,,,,,,,
PROD008,,,,,,₹ 13,,,,,,,,,Sale,SALE0375,BUS001,2026-06-27,CUST002,4.0,0.0,₹ 52,Cash,Completed,0,Standard Sale,,,,,,,,,,,,,,,,,,,,,,,,,,,,,,
PROD003,,,,,,₹ 9,,,,,,,,,Sale,SALE0376,BUS001,2026-06-27,CUST031,10.0,10.0,₹ 81,UPI,Completed,0,Standard Sale,,,,,,,,,,,,,,,,,,,,,,,,,,,,,,
PROD009,,,,,,₹ 31,,,,,,,,,Sale,SALE0377,BUS001,2026-06-27,CUST014,3.0,0.0,₹ 93,UPI,Completed,0,Standard Sale,,,,,,,,,,,,,,,,,,,,,,,,,,,,,,
PROD009,,,,,,₹ 31,,,,,,,,,Sale,SALE0378,BUS001,2026-06-27,CUST005,4.0,5.0,₹ 117,Cash,Completed,0,Standard Sale,,,,,,,,,,,,,,,,,,,,,,,,,,,,,,
PROD008,,,,,,₹ 13,,,,,,,,,Sale,SALE0379,BUS001,2026-06-27,CUST011,4.0,0.0,₹ 52,Credit,Pending,₹ 52,Standard Sale,,,,,,,,,,,,,,,,,,,,,,,,,,,,,,
PROD002,,,,,,₹ 95,,,,,,,,,Sale,SALE0380,BUS001,2026-06-27,CUST004,3.0,0.0,₹ 285,UPI,Completed,0,Standard Sale,,,,,,,,,,,,,,,,,,,,,,,,,,,,,,
PROD005,,,,,,₹ 377,,,,,,,,,Sale,SALE0381,BUS001,2026-06-27,CUST005,7.0,0.0,₹ 2639,UPI,Completed,0,Standard Sale,,,,,,,,,,,,,,,,,,,,,,,,,,,,,,
PROD007,,,,,,₹ 678,,,,,,,,,Sale,SALE0382,BUS001,2026-06-27,CUST010,4.0,10.0,₹ 2440,UPI,Completed,0,Standard Sale,,,,,,,,,,,,,,,,,,,,,,,,,,,,,,
PROD006,,,,,,₹ 2106,,,,,,,,,Sale,SALE0383,BUS001,2026-06-27,CUST026,2.0,0.0,₹ 4212,Cash,Completed,0,Standard Sale,,,,,,,,,,,,,,,,,,,,,,,,,,,,,,
PROD008,,,,,,₹ 13,,,,,,,,,Sale,SALE0384,BUS001,2026-06-27,CUST006,10.0,5.0,₹ 123,Cash,Completed,0,Standard Sale,,,,,,,,,,,,,,,,,,,,,,,,,,,,,,
PROD003,,,,,,₹ 9,,,,,,,,,Sale,SALE0385,BUS001,2026-06-28,CUST037,18.0,0.0,₹ 162,Cash,Completed,0,Standard Sale,,,,,,,,,,,,,,,,,,,,,,,,,,,,,,
PROD005,,,,,,₹ 377,,,,,,,,,Sale,SALE0386,BUS001,2026-06-28,CUST009,13.0,0.0,₹ 4901,UPI,Completed,0,Standard Sale,,,,,,,,,,,,,,,,,,,,,,,,,,,,,,
PROD007,,,,,,₹ 678,,,,,,,,,Sale,SALE0387,BUS001,2026-06-28,CUST029,5.0,0.0,₹ 3390,UPI,Completed,0,Standard Sale,,,,,,,,,,,,,,,,,,,,,,,,,,,,,,
PROD009,,,,,,₹ 31,,,,,,,,,Sale,SALE0388,BUS001,2026-06-28,CUST028,3.0,0.0,₹ 93,Cash,Completed,0,Standard Sale,,,,,,,,,,,,,,,,,,,,,,,,,,,,,,
PROD001,,,,,,₹ 162,,,,,,,,,Sale,SALE0389,BUS001,2026-06-28,CUST019,5.0,0.0,₹ 810,UPI,Completed,0,Standard Sale,,,,,,,,,,,,,,,,,,,,,,,,,,,,,,
PROD005,,,,,,₹ 377,,,,,,,,,Sale,SALE0390,BUS001,2026-06-28,CUST020,5.0,0.0,₹ 1885,UPI,Completed,0,Standard Sale,,,,,,,,,,,,,,,,,,,,,,,,,,,,,,
PROD007,,,,,,₹ 678,,,,,,,,,Sale,SALE0391,BUS001,2026-06-28,CUST015,3.0,0.0,₹ 2034,Credit,Pending,₹ 2034,Standard Sale,,,,,,,,,,,,,,,,,,,,,,,,,,,,,,
PROD010,,,,,,₹ 440,,,,,,,,,Sale,SALE0392,BUS001,2026-06-28,CUST024,5.0,10.0,₹ 1980,UPI,Completed,0,Standard Sale,,,,,,,,,,,,,,,,,,,,,,,,,,,,,,
PROD008,,,,,,₹ 13,,,,,,,,,Sale,SALE0393,BUS001,2026-06-28,CUST001,2.0,0.0,₹ 26,Cash,Completed,0,Standard Sale,,,,,,,,,,,,,,,,,,,,,,,,,,,,,,
PROD001,,,,,,₹ 162,,,,,,,,,Sale,SALE0394,BUS001,2026-06-28,CUST021,5.0,0.0,₹ 810,UPI,Completed,0,Standard Sale,,,,,,,,,,,,,,,,,,,,,,,,,,,,,,
PROD004,,,,,,₹ 61,,,,,,,,,Sale,SALE0395,BUS001,2026-06-28,CUST025,9.0,0.0,₹ 549,Cash,Completed,0,Standard Sale,,,,,,,,,,,,,,,,,,,,,,,,,,,,,,
PROD003,,,,,,₹ 9,,,,,,,,,Sale,SALE0396,BUS001,2026-06-29,CUST003,32.0,0.0,₹ 288,Cash,Completed,0,Standard Sale,,,,,,,,,,,,,,,,,,,,,,,,,,,,,,
PROD007,,,,,,₹ 678,,,,,,,,,Sale,SALE0397,BUS001,2026-06-29,CUST037,1.0,10.0,₹ 610,Cash,Completed,0,Standard Sale,,,,,,,,,,,,,,,,,,,,,,,,,,,,,,
PROD004,,,,,,₹ 61,,,,,,,,,Sale,SALE0398,BUS001,2026-06-29,CUST011,10.0,0.0,₹ 610,Cash,Completed,0,Standard Sale,,,,,,,,,,,,,,,,,,,,,,,,,,,,,,
PROD008,,,,,,₹ 13,,,,,,,,,Sale,SALE0399,BUS001,2026-06-29,CUST002,7.0,0.0,₹ 91,Cash,Completed,0,Standard Sale,,,,,,,,,,,,,,,,,,,,,,,,,,,,,,
PROD009,,,,,,₹ 31,,,,,,,,,Sale,SALE0400,BUS001,2026-06-29,CUST025,5.0,0.0,₹ 155,Cash,Completed,0,Standard Sale,,,,,,,,,,,,,,,,,,,,,,,,,,,,,,
PROD001,,,,,,₹ 162,,,,,,,,,Sale,SALE0401,BUS001,2026-06-29,CUST001,10.0,5.0,₹ 1539,Cash,Completed,0,Standard Sale,,,,,,,,,,,,,,,,,,,,,,,,,,,,,,
PROD001,,,,,,₹ 162,,,,,,,,,Sale,SALE0402,BUS001,2026-06-29,CUST021,6.0,0.0,₹ 972,Credit,Pending,₹ 972,Standard Sale,,,,,,,,,,,,,,,,,,,,,,,,,,,,,,
PROD011,,,,,,₹ 199,,,,,,,,,Sale,SALE0403,BUS001,2026-06-29,CUST021,5.0,0.0,₹ 995,Cash,Completed,0,Standard Sale,,,,,,,,,,,,,,,,,,,,,,,,,,,,,,
PROD004,,,,,,₹ 61,,,,,,,,,Sale,SALE0404,BUS001,2026-06-29,CUST006,8.0,0.0,₹ 488,Cash,Completed,0,Standard Sale,,,,,,,,,,,,,,,,,,,,,,,,,,,,,,
PROD001,,,,,,₹ 162,,,,,,,,,Sale,SALE0405,BUS001,2026-06-29,CUST024,8.0,0.0,₹ 1296,UPI,Completed,0,Standard Sale,,,,,,,,,,,,,,,,,,,,,,,,,,,,,,
PROD005,,,,,,₹ 377,,,,,,,,,Sale,SALE0406,BUS001,2026-06-29,CUST027,11.0,0.0,₹ 4147,Cash,Completed,0,Standard Sale,,,,,,,,,,,,,,,,,,,,,,,,,,,,,,
PROD008,,,,,,₹ 13,,,,,,,,,Sale,SALE0407,BUS001,2026-06-29,CUST002,5.0,0.0,₹ 65,UPI,Completed,0,Standard Sale,,,,,,,,,,,,,,,,,,,,,,,,,,,,,,
PROD008,,,,,,₹ 13,,,,,,,,,Sale,SALE0408,BUS001,2026-06-29,CUST040,4.0,0.0,₹ 52,Cash,Completed,0,Standard Sale,,,,,,,,,,,,,,,,,,,,,,,,,,,,,,
PROD001,,,,,,₹ 162,,,,,,,,,Sale,SALE0409,BUS001,2026-06-29,CUST031,10.0,0.0,₹ 1620,UPI,Completed,0,Standard Sale,,,,,,,,,,,,,,,,,,,,,,,,,,,,,,
PROD006,,,,,,₹ 2106,,,,,,,,,Sale,SALE0410,BUS001,2026-06-30,CUST021,2.0,0.0,₹ 4212,UPI,Completed,0,Standard Sale,,,,,,,,,,,,,,,,,,,,,,,,,,,,,,
PROD004,,,,,,₹ 61,,,,,,,,,Sale,SALE0411,BUS001,2026-06-30,CUST023,3.0,0.0,₹ 183,UPI,Completed,0,Standard Sale,,,,,,,,,,,,,,,,,,,,,,,,,,,,,,
PROD003,,,,,,₹ 9,,,,,,,,,Sale,SALE0412,BUS001,2026-06-30,CUST008,39.0,0.0,₹ 351,UPI,Completed,0,Standard Sale,,,,,,,,,,,,,,,,,,,,,,,,,,,,,,
PROD005,,,,,,₹ 377,,,,,,,,,Sale,SALE0413,BUS001,2026-06-30,CUST009,8.0,0.0,₹ 3016,Cash,Completed,0,Standard Sale,,,,,,,,,,,,,,,,,,,,,,,,,,,,,,
PROD007,,,,,,₹ 678,,,,,,,,,Sale,SALE0414,BUS001,2026-06-30,CUST002,3.0,0.0,₹ 2034,Cash,Completed,0,Standard Sale,,,,,,,,,,,,,,,,,,,,,,,,,,,,,,
PROD001,,,,,,₹ 162,,,,,,,,,Sale,SALE0415,BUS001,2026-06-30,CUST022,6.0,0.0,₹ 972,UPI,Completed,0,Standard Sale,,,,,,,,,,,,,,,,,,,,,,,,,,,,,,
PROD002,,,,,,₹ 95,,,,,,,,,Sale,SALE0416,BUS001,2026-06-30,CUST037,2.0,5.0,₹ 180,Cash,Completed,0,Standard Sale,,,,,,,,,,,,,,,,,,,,,,,,,,,,,,
PROD001,,,,,,₹ 162,,,,,,,,,Sale,SALE0417,BUS001,2026-06-30,CUST004,3.0,0.0,₹ 486,Cash,Completed,0,Standard Sale,,,,,,,,,,,,,,,,,,,,,,,,,,,,,,
PROD004,,,,,,₹ 61,,,,,,,,,Sale,SALE0418,BUS001,2026-06-30,CUST038,10.0,0.0,₹ 610,Cash,Completed,0,Standard Sale,,,,,,,,,,,,,,,,,,,,,,,,,,,,,,
PROD007,,,,,,₹ 678,,,,,,,,,Sale,SALE0419,BUS001,2026-06-30,CUST034,2.0,0.0,₹ 1356,Cash,Completed,0,Standard Sale,,,,,,,,,,,,,,,,,,,,,,,,,,,,,,
PROD009,,,,,,₹ 31,,,,,,,,,Sale,SALE0420,BUS001,2026-06-30,CUST030,1.0,10.0,₹ 27,UPI,Completed,0,Standard Sale,,,,,,,,,,,,,,,,,,,,,,,,,,,,,,
PROD008,,,,,,₹ 13,,,,,,,,,Sale,SALE0421,BUS001,2026-06-30,CUST021,3.0,0.0,₹ 39,Cash,Completed,0,Standard Sale,,,,,,,,,,,,,,,,,,,,,,,,,,,,,,
PROD008,,,,,,₹ 13,,,,,,,,,Sale,SALE0422,BUS001,2026-06-30,CUST039,6.0,0.0,₹ 78,Cash,Completed,0,Standard Sale,,,,,,,,,,,,,,,,,,,,,,,,,,,,,,
PROD002,,,,,,₹ 95,,,,,,,,,Sale,SALE0423,BUS001,2026-06-30,CUST024,5.0,0.0,₹ 475,Cash,Completed,0,Standard Sale,,,,,,,,,,,,,,,,,,,,,,,,,,,,,,
PROD007,,,,,,₹ 678,,,,,,,,,Sale,SALE0424,BUS001,2026-06-30,CUST011,5.0,0.0,₹ 3390,Credit,Pending,₹ 3390,Standard Sale,,,,,,,,,,,,,,,,,,,,,,,,,,,,,,
PROD005,,,,,,₹ 377,,,,,,,,,Sale,SALE0425,BUS001,2026-06-30,CUST013,4.0,0.0,₹ 1508,UPI,Completed,0,Standard Sale,,,,,,,,,,,,,,,,,,,,,,,,,,,,,,
PROD008,,,,,,₹ 13,,,,,,,,,Sale,SALE0426,BUS001,2026-06-30,CUST014,2.0,0.0,₹ 26,Cash,Completed,0,Standard Sale,,,,,,,,,,,,,,,,,,,,,,,,,,,,,,
PROD010,,,,,,₹ 440,,,,,,,,,Sale,SALE0427,BUS001,2026-06-30,CUST015,2.0,0.0,₹ 880,Cash,Completed,0,Standard Sale,,,,,,,,,,,,,,,,,,,,,,,,,,,,,,
PROD009,,,,,,₹ 31,,,,,,,,,Sale,SALE0428,BUS001,2026-07-01,CUST039,5.0,0.0,₹ 155,UPI,Completed,0,Standard Sale,,,,,,,,,,,,,,,,,,,,,,,,,,,,,,
PROD003,,,,,,₹ 9,,,,,,,,,Sale,SALE0429,BUS001,2026-07-01,CUST008,39.0,0.0,₹ 351,Cash,Completed,0,Standard Sale,,,,,,,,,,,,,,,,,,,,,,,,,,,,,,
PROD004,,,,,,₹ 61,,,,,,,,,Sale,SALE0430,BUS001,2026-07-01,CUST011,5.0,0.0,₹ 305,Cash,Completed,0,Standard Sale,,,,,,,,,,,,,,,,,,,,,,,,,,,,,,
PROD004,,,,,,₹ 61,,,,,,,,,Sale,SALE0431,BUS001,2026-07-01,CUST001,9.0,0.0,₹ 549,Cash,Completed,0,Standard Sale,,,,,,,,,,,,,,,,,,,,,,,,,,,,,,
PROD001,,,,,,₹ 162,,,,,,,,,Sale,SALE0432,BUS001,2026-07-01,CUST034,4.0,0.0,₹ 648,UPI,Completed,0,Standard Sale,,,,,,,,,,,,,,,,,,,,,,,,,,,,,,
PROD010,,,,,,₹ 440,,,,,,,,,Sale,SALE0433,BUS001,2026-07-01,CUST034,2.0,5.0,₹ 836,UPI,Completed,0,Standard Sale,,,,,,,,,,,,,,,,,,,,,,,,,,,,,,
PROD003,,,,,,₹ 9,,,,,,,,,Sale,SALE0434,BUS001,2026-07-01,CUST028,24.0,0.0,₹ 216,UPI,Completed,0,Standard Sale,,,,,,,,,,,,,,,,,,,,,,,,,,,,,,
PROD003,,,,,,₹ 9,,,,,,,,,Sale,SALE0435,BUS001,2026-07-01,CUST012,40.0,0.0,₹ 360,Cash,Completed,0,Standard Sale,,,,,,,,,,,,,,,,,,,,,,,,,,,,,,
PROD004,,,,,,₹ 61,,,,,,,,,Sale,SALE0436,BUS001,2026-07-01,CUST026,9.0,10.0,₹ 494,Cash,Completed,0,Standard Sale,,,,,,,,,,,,,,,,,,,,,,,,,,,,,,
PROD009,,,,,,₹ 31,,,,,,,,,Sale,SALE0437,BUS001,2026-07-01,CUST028,5.0,0.0,₹ 155,Cash,Completed,0,Standard Sale,,,,,,,,,,,,,,,,,,,,,,,,,,,,,,
PROD001,,,,,,₹ 162,,,,,,,,,Sale,SALE0438,BUS001,2026-07-01,CUST040,8.0,0.0,₹ 1296,Cash,Completed,0,Standard Sale,,,,,,,,,,,,,,,,,,,,,,,,,,,,,,
PROD008,,,,,,₹ 13,,,,,,,,,Sale,SALE0439,BUS001,2026-07-01,CUST021,4.0,0.0,₹ 52,Credit,Pending,₹ 52,Standard Sale,,,,,,,,,,,,,,,,,,,,,,,,,,,,,,
PROD005,,,,,,₹ 377,,,,,,,,,Sale,SALE0440,BUS001,2026-07-01,CUST023,4.0,0.0,₹ 1508,Cash,Completed,0,Standard Sale,,,,,,,,,,,,,,,,,,,,,,,,,,,,,,
PROD009,,,,,,₹ 31,,,,,,,,,Sale,SALE0441,BUS001,2026-07-01,CUST023,3.0,0.0,₹ 93,UPI,Completed,0,Standard Sale,,,,,,,,,,,,,,,,,,,,,,,,,,,,,,
PROD004,,,,,,₹ 61,,,,,,,,,Sale,SALE0442,BUS001,2026-07-01,CUST022,2.0,0.0,₹ 122,UPI,Completed,0,Standard Sale,,,,,,,,,,,,,,,,,,,,,,,,,,,,,,
PROD012,,,,,,₹ 316,,,,,,,,,Sale,SALE0443,BUS001,2026-07-01,CUST011,3.0,10.0,₹ 853,Cash,Completed,0,Standard Sale,,,,,,,,,,,,,,,,,,,,,,,,,,,,,,
PROD005,,,,,,₹ 377,,,,,,,,,Sale,SALE0444,BUS001,2026-07-01,CUST035,6.0,0.0,₹ 2262,Cash,Completed,0,Standard Sale,,,,,,,,,,,,,,,,,,,,,,,,,,,,,,
PROD001,,,,,,₹ 162,,,,,,,,,Sale,SALE0445,BUS001,2026-07-02,CUST020,8.0,10.0,₹ 1166,Cash,Completed,0,Standard Sale,,,,,,,,,,,,,,,,,,,,,,,,,,,,,,
PROD010,,,,,,₹ 440,,,,,,,,,Sale,SALE0446,BUS001,2026-07-02,CUST031,5.0,0.0,₹ 2200,Cash,Completed,0,Standard Sale,,,,,,,,,,,,,,,,,,,,,,,,,,,,,,
PROD012,,,,,,₹ 316,,,,,,,,,Sale,SALE0447,BUS001,2026-07-02,CUST035,5.0,0.0,₹ 1580,Cash,Completed,0,Standard Sale,,,,,,,,,,,,,,,,,,,,,,,,,,,,,,
PROD010,,,,,,₹ 440,,,,,,,,,Sale,SALE0448,BUS001,2026-07-02,CUST024,5.0,0.0,₹ 2200,Credit,Pending,₹ 2200,Standard Sale,,,,,,,,,,,,,,,,,,,,,,,,,,,,,,
PROD005,,,,,,₹ 377,,,,,,,,,Sale,SALE0449,BUS001,2026-07-02,CUST016,10.0,10.0,₹ 3393,Credit,Pending,₹ 3393,Standard Sale,,,,,,,,,,,,,,,,,,,,,,,,,,,,,,
PROD003,,,,,,₹ 9,,,,,,,,,Sale,SALE0450,BUS001,2026-07-02,CUST029,20.0,0.0,₹ 180,UPI,Completed,0,Standard Sale,,,,,,,,,,,,,,,,,,,,,,,,,,,,,,
PROD001,,,,,,₹ 162,,,,,,,,,Sale,SALE0451,BUS001,2026-07-02,CUST023,8.0,0.0,₹ 1296,UPI,Completed,0,Standard Sale,,,,,,,,,,,,,,,,,,,,,,,,,,,,,,
PROD003,,,,,,₹ 9,,,,,,,,,Sale,SALE0452,BUS001,2026-07-02,CUST003,43.0,0.0,₹ 387,Cash,Completed,0,Standard Sale,,,,,,,,,,,,,,,,,,,,,,,,,,,,,,
PROD002,,,,,,₹ 95,,,,,,,,,Sale,SALE0453,BUS001,2026-07-02,CUST014,1.0,10.0,₹ 85,UPI,Completed,0,Standard Sale,,,,,,,,,,,,,,,,,,,,,,,,,,,,,,
PROD002,,,,,,₹ 95,,,,,,,,,Sale,SALE0454,BUS001,2026-07-02,CUST013,5.0,0.0,₹ 475,UPI,Completed,0,Standard Sale,,,,,,,,,,,,,,,,,,,,,,,,,,,,,,
PROD009,,,,,,₹ 31,,,,,,,,,Sale,SALE0455,BUS001,2026-07-02,CUST036,5.0,10.0,₹ 139,UPI,Completed,0,Standard Sale,,,,,,,,,,,,,,,,,,,,,,,,,,,,,,
PROD001,,,,,,₹ 162,,,,,,,,,Sale,SALE0456,BUS001,2026-07-02,CUST017,3.0,5.0,₹ 461,UPI,Completed,0,Standard Sale,,,,,,,,,,,,,,,,,,,,,,,,,,,,,,
PROD008,,,,,,₹ 13,,,,,,,,,Sale,SALE0457,BUS001,2026-07-02,CUST003,10.0,0.0,₹ 130,UPI,Completed,0,Standard Sale,,,,,,,,,,,,,,,,,,,,,,,,,,,,,,
PROD007,,,,,,₹ 678,,,,,,,,,Sale,SALE0458,BUS001,2026-07-02,CUST002,2.0,0.0,₹ 1356,Cash,Completed,0,Standard Sale,,,,,,,,,,,,,,,,,,,,,,,,,,,,,,
PROD001,,,,,,₹ 162,,,,,,,,,Sale,SALE0459,BUS001,2026-07-02,CUST010,9.0,0.0,₹ 1458,Cash,Completed,0,Standard Sale,,,,,,,,,,,,,,,,,,,,,,,,,,,,,,
PROD005,,,,,,₹ 377,,,,,,,,,Sale,SALE0460,BUS001,2026-07-02,CUST001,5.0,0.0,₹ 1885,Cash,Completed,0,Standard Sale,,,,,,,,,,,,,,,,,,,,,,,,,,,,,,
PROD005,,,,,,₹ 377,,,,,,,,,Sale,SALE0461,BUS001,2026-07-02,CUST026,13.0,0.0,₹ 4901,UPI,Completed,0,Standard Sale,,,,,,,,,,,,,,,,,,,,,,,,,,,,,,
PROD008,,,,,,₹ 13,,,,,,,,,Sale,SALE0462,BUS001,2026-07-02,CUST013,8.0,0.0,₹ 104,UPI,Completed,0,Standard Sale,,,,,,,,,,,,,,,,,,,,,,,,,,,,,,
PROD003,,,,,,₹ 9,,,,,,,,,Sale,SALE0463,BUS001,2026-07-02,CUST033,38.0,0.0,₹ 342,UPI,Completed,0,Standard Sale,,,,,,,,,,,,,,,,,,,,,,,,,,,,,,
PROD009,,,,,,₹ 31,,,,,,,,,Sale,SALE0464,BUS001,2026-07-03,CUST027,2.0,0.0,₹ 62,UPI,Completed,0,Standard Sale,,,,,,,,,,,,,,,,,,,,,,,,,,,,,,
PROD005,,,,,,₹ 377,,,,,,,,,Sale,SALE0465,BUS001,2026-07-03,CUST019,12.0,5.0,₹ 4297,Cash,Completed,0,Standard Sale,,,,,,,,,,,,,,,,,,,,,,,,,,,,,,
PROD009,,,,,,₹ 31,,,,,,,,,Sale,SALE0466,BUS001,2026-07-03,CUST001,2.0,0.0,₹ 62,Cash,Completed,0,Standard Sale,,,,,,,,,,,,,,,,,,,,,,,,,,,,,,
PROD008,,,,,,₹ 13,,,,,,,,,Sale,SALE0467,BUS001,2026-07-03,CUST015,8.0,0.0,₹ 104,Cash,Completed,0,Standard Sale,,,,,,,,,,,,,,,,,,,,,,,,,,,,,,
PROD009,,,,,,₹ 31,,,,,,,,,Sale,SALE0468,BUS001,2026-07-03,CUST034,1.0,0.0,₹ 31,Cash,Completed,0,Standard Sale,,,,,,,,,,,,,,,,,,,,,,,,,,,,,,
PROD006,,,,,,₹ 2106,,,,,,,,,Sale,SALE0469,BUS001,2026-07-03,CUST003,3.0,0.0,₹ 6318,Cash,Completed,0,Standard Sale,,,,,,,,,,,,,,,,,,,,,,,,,,,,,,
PROD007,,,,,,₹ 678,,,,,,,,,Sale,SALE0470,BUS001,2026-07-03,CUST026,4.0,0.0,₹ 2712,Cash,Completed,0,Standard Sale,,,,,,,,,,,,,,,,,,,,,,,,,,,,,,
PROD003,,,,,,₹ 9,,,,,,,,,Sale,SALE0471,BUS001,2026-07-03,CUST020,18.0,0.0,₹ 162,Cash,Completed,0,Standard Sale,,,,,,,,,,,,,,,,,,,,,,,,,,,,,,
PROD008,,,,,,₹ 13,,,,,,,,,Sale,SALE0472,BUS001,2026-07-03,CUST002,3.0,0.0,₹ 39,UPI,Completed,0,Standard Sale,,,,,,,,,,,,,,,,,,,,,,,,,,,,,,
PROD012,,,,,,₹ 316,,,,,,,,,Sale,SALE0473,BUS001,2026-07-03,CUST010,4.0,5.0,₹ 1200,Cash,Completed,0,Standard Sale,,,,,,,,,,,,,,,,,,,,,,,,,,,,,,
PROD001,,,,,,₹ 162,,,,,,,,,Sale,SALE0474,BUS001,2026-07-03,CUST001,6.0,10.0,₹ 874,Cash,Completed,0,Standard Sale,,,,,,,,,,,,,,,,,,,,,,,,,,,,,,
PROD001,,,,,,₹ 162,,,,,,,,,Sale,SALE0475,BUS001,2026-07-03,CUST015,9.0,0.0,₹ 1458,Cash,Completed,0,Standard Sale,,,,,,,,,,,,,,,,,,,,,,,,,,,,,,
PROD003,,,,,,₹ 9,,,,,,,,,Sale,SALE0476,BUS001,2026-07-03,CUST030,39.0,0.0,₹ 351,Cash,Completed,0,Standard Sale,,,,,,,,,,,,,,,,,,,,,,,,,,,,,,
PROD009,,,,,,₹ 31,,,,,,,,,Sale,SALE0477,BUS001,2026-07-03,CUST007,5.0,10.0,₹ 139,Cash,Completed,0,Standard Sale,,,,,,,,,,,,,,,,,,,,,,,,,,,,,,
PROD009,,,,,,₹ 31,,,,,,,,,Sale,SALE0478,BUS001,2026-07-04,CUST028,5.0,5.0,₹ 147,Cash,Completed,0,Standard Sale,,,,,,,,,,,,,,,,,,,,,,,,,,,,,,
PROD004,,,,,,₹ 61,,,,,,,,,Sale,SALE0479,BUS001,2026-07-04,CUST037,8.0,0.0,₹ 488,Cash,Completed,0,Standard Sale,,,,,,,,,,,,,,,,,,,,,,,,,,,,,,
PROD002,,,,,,₹ 95,,,,,,,,,Sale,SALE0480,BUS001,2026-07-04,CUST028,4.0,0.0,₹ 380,UPI,Completed,0,Standard Sale,,,,,,,,,,,,,,,,,,,,,,,,,,,,,,
PROD009,,,,,,₹ 31,,,,,,,,,Sale,SALE0481,BUS001,2026-07-04,CUST032,5.0,5.0,₹ 147,Cash,Completed,0,Standard Sale,,,,,,,,,,,,,,,,,,,,,,,,,,,,,,
PROD005,,,,,,₹ 377,,,,,,,,,Sale,SALE0482,BUS001,2026-07-04,CUST037,15.0,0.0,₹ 5655,UPI,Completed,0,Standard Sale,,,,,,,,,,,,,,,,,,,,,,,,,,,,,,
PROD008,,,,,,₹ 13,,,,,,,,,Sale,SALE0483,BUS001,2026-07-04,CUST038,8.0,0.0,₹ 104,UPI,Completed,0,Standard Sale,,,,,,,,,,,,,,,,,,,,,,,,,,,,,,
PROD002,,,,,,₹ 95,,,,,,,,,Sale,SALE0484,BUS001,2026-07-04,CUST013,1.0,0.0,₹ 95,Cash,Completed,0,Standard Sale,,,,,,,,,,,,,,,,,,,,,,,,,,,,,,
PROD003,,,,,,₹ 9,,,,,,,,,Sale,SALE0485,BUS001,2026-07-04,CUST007,49.0,0.0,₹ 441,UPI,Completed,0,Standard Sale,,,,,,,,,,,,,,,,,,,,,,,,,,,,,,
PROD007,,,,,,₹ 678,,,,,,,,,Sale,SALE0486,BUS001,2026-07-04,CUST030,4.0,0.0,₹ 2712,UPI,Completed,0,Standard Sale,,,,,,,,,,,,,,,,,,,,,,,,,,,,,,
PROD010,,,,,,₹ 440,,,,,,,,,Sale,SALE0487,BUS001,2026-07-04,CUST030,3.0,0.0,₹ 1320,Cash,Completed,0,Standard Sale,,,,,,,,,,,,,,,,,,,,,,,,,,,,,,
PROD008,,,,,,₹ 13,,,,,,,,,Sale,SALE0488,BUS001,2026-07-04,CUST026,9.0,5.0,₹ 111,Credit,Pending,₹ 111,Standard Sale,,,,,,,,,,,,,,,,,,,,,,,,,,,,,,
PROD003,,,,,,₹ 9,,,,,,,,,Sale,SALE0489,BUS001,2026-07-05,CUST033,39.0,5.0,₹ 333,UPI,Completed,0,Standard Sale,,,,,,,,,,,,,,,,,,,,,,,,,,,,,,
PROD003,,,,,,₹ 9,,,,,,,,,Sale,SALE0490,BUS001,2026-07-05,CUST003,38.0,0.0,₹ 342,Cash,Completed,0,Standard Sale,,,,,,,,,,,,,,,,,,,,,,,,,,,,,,
PROD001,,,,,,₹ 162,,,,,,,,,Sale,SALE0491,BUS001,2026-07-05,CUST033,8.0,10.0,₹ 1166,UPI,Completed,0,Standard Sale,,,,,,,,,,,,,,,,,,,,,,,,,,,,,,
PROD008,,,,,,₹ 13,,,,,,,,,Sale,SALE0492,BUS001,2026-07-05,CUST026,6.0,0.0,₹ 78,UPI,Completed,0,Standard Sale,,,,,,,,,,,,,,,,,,,,,,,,,,,,,,
PROD012,,,,,,₹ 316,,,,,,,,,Sale,SALE0493,BUS001,2026-07-05,CUST040,1.0,0.0,₹ 316,Cash,Completed,0,Standard Sale,,,,,,,,,,,,,,,,,,,,,,,,,,,,,,
PROD001,,,,,,₹ 162,,,,,,,,,Sale,SALE0494,BUS001,2026-07-05,CUST013,3.0,0.0,₹ 486,Cash,Completed,0,Standard Sale,,,,,,,,,,,,,,,,,,,,,,,,,,,,,,
PROD001,,,,,,₹ 162,,,,,,,,,Sale,SALE0495,BUS001,2026-07-05,CUST020,6.0,0.0,₹ 972,Cash,Completed,0,Standard Sale,,,,,,,,,,,,,,,,,,,,,,,,,,,,,,
PROD001,,,,,,₹ 162,,,,,,,,,Sale,SALE0496,BUS001,2026-07-05,CUST027,5.0,5.0,₹ 769,Cash,Completed,0,Standard Sale,,,,,,,,,,,,,,,,,,,,,,,,,,,,,,
PROD001,,,,,,₹ 162,,,,,,,,,Sale,SALE0497,BUS001,2026-07-05,CUST007,8.0,0.0,₹ 1296,Cash,Completed,0,Standard Sale,,,,,,,,,,,,,,,,,,,,,,,,,,,,,,
PROD003,,,,,,₹ 9,,,,,,,,,Sale,SALE0498,BUS001,2026-07-05,CUST038,11.0,0.0,₹ 99,Cash,Completed,0,Standard Sale,,,,,,,,,,,,,,,,,,,,,,,,,,,,,,
PROD005,,,,,,₹ 377,,,,,,,,,Sale,SALE0499,BUS001,2026-07-05,CUST027,13.0,0.0,₹ 4901,UPI,Completed,0,Standard Sale,,,,,,,,,,,,,,,,,,,,,,,,,,,,,,
PROD005,,,,,,₹ 377,,,,,,,,,Sale,SALE0500,BUS001,2026-07-05,CUST013,12.0,0.0,₹ 4524,Cash,Completed,0,Standard Sale,,,,,,,,,,,,,,,,,,,,,,,,,,,,,,
PROD001,,,,,,₹ 162,,,,,,,,,Sale,SALE0501,BUS001,2026-07-05,CUST020,4.0,0.0,₹ 648,Cash,Completed,0,Standard Sale,,,,,,,,,,,,,,,,,,,,,,,,,,,,,,
PROD002,,,,,,₹ 95,,,,,,,,,Sale,SALE0502,BUS001,2026-07-05,CUST035,4.0,0.0,₹ 380,Credit,Pending,₹ 380,Standard Sale,,,,,,,,,,,,,,,,,,,,,,,,,,,,,,
PROD003,,,,,,₹ 9,,,,,,,,,Sale,SALE0503,BUS001,2026-07-06,CUST007,11.0,10.0,₹ 89,Cash,Completed,0,Standard Sale,,,,,,,,,,,,,,,,,,,,,,,,,,,,,,
PROD006,,,,,,₹ 2106,,,,,,,,,Sale,SALE0504,BUS001,2026-07-06,CUST004,3.0,5.0,₹ 6002,UPI,Completed,0,Standard Sale,,,,,,,,,,,,,,,,,,,,,,,,,,,,,,
PROD005,,,,,,₹ 377,,,,,,,,,Sale,SALE0505,BUS001,2026-07-06,CUST018,6.0,0.0,₹ 2262,Credit,Pending,₹ 2262,Standard Sale,,,,,,,,,,,,,,,,,,,,,,,,,,,,,,
PROD009,,,,,,₹ 31,,,,,,,,,Sale,SALE0506,BUS001,2026-07-06,CUST013,3.0,0.0,₹ 93,Cash,Completed,0,Standard Sale,,,,,,,,,,,,,,,,,,,,,,,,,,,,,,
PROD007,,,,,,₹ 678,,,,,,,,,Sale,SALE0507,BUS001,2026-07-06,CUST027,4.0,0.0,₹ 2712,UPI,Completed,0,Standard Sale,,,,,,,,,,,,,,,,,,,,,,,,,,,,,,
PROD003,,,,,,₹ 9,,,,,,,,,Sale,SALE0508,BUS001,2026-07-06,CUST005,38.0,0.0,₹ 342,Cash,Completed,0,Standard Sale,,,,,,,,,,,,,,,,,,,,,,,,,,,,,,
PROD009,,,,,,₹ 31,,,,,,,,,Sale,SALE0509,BUS001,2026-07-06,CUST013,5.0,0.0,₹ 155,UPI,Completed,0,Standard Sale,,,,,,,,,,,,,,,,,,,,,,,,,,,,,,
PROD012,,,,,,₹ 316,,,,,,,,,Sale,SALE0510,BUS001,2026-07-06,CUST001,2.0,0.0,₹ 632,Cash,Completed,0,Standard Sale,,,,,,,,,,,,,,,,,,,,,,,,,,,,,,
PROD001,,,,,,₹ 162,,,,,,,,,Sale,SALE0511,BUS001,2026-07-06,CUST003,10.0,0.0,₹ 1620,Cash,Completed,0,Standard Sale,,,,,,,,,,,,,,,,,,,,,,,,,,,,,,
PROD003,,,,,,₹ 9,,,,,,,,,Sale,SALE0512,BUS001,2026-07-06,CUST002,36.0,0.0,₹ 324,Credit,Pending,₹ 324,Standard Sale,,,,,,,,,,,,,,,,,,,,,,,,,,,,,,
PROD008,,,,,,₹ 13,,,,,,,,,Sale,SALE0513,BUS001,2026-07-06,CUST029,9.0,0.0,₹ 117,UPI,Completed,0,Standard Sale,,,,,,,,,,,,,,,,,,,,,,,,,,,,,,
PROD004,,,,,,₹ 61,,,,,,,,,Sale,SALE0514,BUS001,2026-07-07,CUST014,9.0,5.0,₹ 521,Cash,Completed,0,Standard Sale,,,,,,,,,,,,,,,,,,,,,,,,,,,,,,
PROD003,,,,,,₹ 9,,,,,,,,,Sale,SALE0515,BUS001,2026-07-07,CUST029,26.0,0.0,₹ 234,Cash,Completed,0,Standard Sale,,,,,,,,,,,,,,,,,,,,,,,,,,,,,,
PROD008,,,,,,₹ 13,,,,,,,,,Sale,SALE0516,BUS001,2026-07-07,CUST012,2.0,0.0,₹ 26,Cash,Completed,0,Standard Sale,,,,,,,,,,,,,,,,,,,,,,,,,,,,,,
PROD006,,,,,,₹ 2106,,,,,,,,,Sale,SALE0517,BUS001,2026-07-07,CUST023,3.0,0.0,₹ 6318,Cash,Completed,0,Standard Sale,,,,,,,,,,,,,,,,,,,,,,,,,,,,,,
PROD004,,,,,,₹ 61,,,,,,,,,Sale,SALE0518,BUS001,2026-07-07,CUST027,4.0,0.0,₹ 244,Cash,Completed,0,Standard Sale,,,,,,,,,,,,,,,,,,,,,,,,,,,,,,
PROD011,,,,,,₹ 199,,,,,,,,,Sale,SALE0519,BUS001,2026-07-07,CUST026,4.0,10.0,₹ 716,Cash,Completed,0,Standard Sale,,,,,,,,,,,,,,,,,,,,,,,,,,,,,,
PROD001,,,,,,₹ 162,,,,,,,,,Sale,SALE0520,BUS001,2026-07-07,CUST029,2.0,0.0,₹ 324,UPI,Completed,0,Standard Sale,,,,,,,,,,,,,,,,,,,,,,,,,,,,,,
PROD004,,,,,,₹ 61,,,,,,,,,Sale,SALE0521,BUS001,2026-07-07,CUST005,10.0,5.0,₹ 579,UPI,Completed,0,Standard Sale,,,,,,,,,,,,,,,,,,,,,,,,,,,,,,
PROD001,,,,,,₹ 162,,,,,,,,,Sale,SALE0522,BUS001,2026-07-07,CUST023,2.0,0.0,₹ 324,Cash,Completed,0,Standard Sale,,,,,,,,,,,,,,,,,,,,,,,,,,,,,,
PROD003,,,,,,₹ 9,,,,,,,,,Sale,SALE0523,BUS001,2026-07-07,CUST001,31.0,0.0,₹ 279,UPI,Completed,0,Standard Sale,,,,,,,,,,,,,,,,,,,,,,,,,,,,,,
PROD008,,,,,,₹ 13,,,,,,,,,Sale,SALE0524,BUS001,2026-07-08,CUST006,9.0,0.0,₹ 117,Credit,Pending,₹ 117,Standard Sale,,,,,,,,,,,,,,,,,,,,,,,,,,,,,,
PROD004,,,,,,₹ 61,,,,,,,,,Sale,SALE0525,BUS001,2026-07-08,CUST022,4.0,0.0,₹ 244,UPI,Completed,0,Standard Sale,,,,,,,,,,,,,,,,,,,,,,,,,,,,,,
PROD004,,,,,,₹ 61,,,,,,,,,Sale,SALE0526,BUS001,2026-07-08,CUST012,6.0,0.0,₹ 366,Cash,Completed,0,Standard Sale,,,,,,,,,,,,,,,,,,,,,,,,,,,,,,
PROD012,,,,,,₹ 316,,,,,,,,,Sale,SALE0527,BUS001,2026-07-08,CUST008,2.0,5.0,₹ 600,Cash,Completed,0,Standard Sale,,,,,,,,,,,,,,,,,,,,,,,,,,,,,,
PROD001,,,,,,₹ 162,,,,,,,,,Sale,SALE0528,BUS001,2026-07-08,CUST018,10.0,0.0,₹ 1620,UPI,Completed,0,Standard Sale,,,,,,,,,,,,,,,,,,,,,,,,,,,,,,
PROD001,,,,,,₹ 162,,,,,,,,,Sale,SALE0529,BUS001,2026-07-08,CUST005,5.0,0.0,₹ 810,UPI,Completed,0,Standard Sale,,,,,,,,,,,,,,,,,,,,,,,,,,,,,,
PROD004,,,,,,₹ 61,,,,,,,,,Sale,SALE0530,BUS001,2026-07-08,CUST017,10.0,0.0,₹ 610,UPI,Completed,0,Standard Sale,,,,,,,,,,,,,,,,,,,,,,,,,,,,,,
PROD008,,,,,,₹ 13,,,,,,,,,Sale,SALE0531,BUS001,2026-07-08,CUST002,8.0,0.0,₹ 104,UPI,Completed,0,Standard Sale,,,,,,,,,,,,,,,,,,,,,,,,,,,,,,
PROD001,,,,,,₹ 162,,,,,,,,,Sale,SALE0532,BUS001,2026-07-08,CUST033,6.0,0.0,₹ 972,Cash,Completed,0,Standard Sale,,,,,,,,,,,,,,,,,,,,,,,,,,,,,,
PROD003,,,,,,₹ 9,,,,,,,,,Sale,SALE0533,BUS001,2026-07-08,CUST024,48.0,0.0,₹ 432,Cash,Completed,0,Standard Sale,,,,,,,,,,,,,,,,,,,,,,,,,,,,,,
PROD004,,,,,,₹ 61,,,,,,,,,Sale,SALE0534,BUS001,2026-07-08,CUST022,6.0,0.0,₹ 366,UPI,Completed,0,Standard Sale,,,,,,,,,,,,,,,,,,,,,,,,,,,,,,
PROD004,,,,,,₹ 61,,,,,,,,,Sale,SALE0535,BUS001,2026-07-08,CUST013,4.0,0.0,₹ 244,Credit,Pending,₹ 244,Standard Sale,,,,,,,,,,,,,,,,,,,,,,,,,,,,,,
PROD001,,,,,,₹ 162,,,,,,,,,Sale,SALE0536,BUS001,2026-07-08,CUST027,7.0,0.0,₹ 1134,Cash,Completed,0,Standard Sale,,,,,,,,,,,,,,,,,,,,,,,,,,,,,,
PROD008,,,,,,₹ 13,,,,,,,,,Sale,SALE0537,BUS001,2026-07-09,CUST020,10.0,5.0,₹ 123,Cash,Completed,0,Standard Sale,,,,,,,,,,,,,,,,,,,,,,,,,,,,,,
PROD008,,,,,,₹ 13,,,,,,,,,Sale,SALE0538,BUS001,2026-07-09,CUST037,8.0,10.0,₹ 93,Cash,Completed,0,Standard Sale,,,,,,,,,,,,,,,,,,,,,,,,,,,,,,
PROD004,,,,,,₹ 61,,,,,,,,,Sale,SALE0539,BUS001,2026-07-09,CUST017,10.0,0.0,₹ 610,UPI,Completed,0,Standard Sale,,,,,,,,,,,,,,,,,,,,,,,,,,,,,,
PROD006,,,,,,₹ 2106,,,,,,,,,Sale,SALE0540,BUS001,2026-07-09,CUST008,3.0,0.0,₹ 6318,Cash,Completed,0,Standard Sale,,,,,,,,,,,,,,,,,,,,,,,,,,,,,,
PROD008,,,,,,₹ 13,,,,,,,,,Sale,SALE0541,BUS001,2026-07-09,CUST031,4.0,0.0,₹ 52,UPI,Completed,0,Standard Sale,,,,,,,,,,,,,,,,,,,,,,,,,,,,,,
PROD003,,,,,,₹ 9,,,,,,,,,Sale,SALE0542,BUS001,2026-07-09,CUST036,44.0,0.0,₹ 396,UPI,Completed,0,Standard Sale,,,,,,,,,,,,,,,,,,,,,,,,,,,,,,
PROD004,,,,,,₹ 61,,,,,,,,,Sale,SALE0543,BUS001,2026-07-09,CUST006,6.0,10.0,₹ 329,UPI,Completed,0,Standard Sale,,,,,,,,,,,,,,,,,,,,,,,,,,,,,,
PROD001,,,,,,₹ 162,,,,,,,,,Sale,SALE0544,BUS001,2026-07-09,CUST022,5.0,0.0,₹ 810,UPI,Completed,0,Standard Sale,,,,,,,,,,,,,,,,,,,,,,,,,,,,,,
PROD005,,,,,,₹ 377,,,,,,,,,Sale,SALE0545,BUS001,2026-07-09,CUST036,14.0,0.0,₹ 5278,UPI,Completed,0,Standard Sale,,,,,,,,,,,,,,,,,,,,,,,,,,,,,,
PROD008,,,,,,₹ 13,,,,,,,,,Sale,SALE0546,BUS001,2026-07-09,CUST012,7.0,10.0,₹ 81,Cash,Completed,0,Standard Sale,,,,,,,,,,,,,,,,,,,,,,,,,,,,,,
PROD008,,,,,,₹ 13,,,,,,,,,Sale,SALE0547,BUS001,2026-07-09,CUST031,6.0,0.0,₹ 78,Cash,Completed,0,Standard Sale,,,,,,,,,,,,,,,,,,,,,,,,,,,,,,
PROD009,,,,,,₹ 31,,,,,,,,,Sale,SALE0548,BUS001,2026-07-09,CUST001,4.0,0.0,₹ 124,UPI,Completed,0,Standard Sale,,,,,,,,,,,,,,,,,,,,,,,,,,,,,,
PROD009,,,,,,₹ 31,,,,,,,,,Sale,SALE0549,BUS001,2026-07-09,CUST002,1.0,0.0,₹ 31,UPI,Completed,0,Standard Sale,,,,,,,,,,,,,,,,,,,,,,,,,,,,,,
PROD011,,,,,,₹ 199,,,,,,,,,Sale,SALE0550,BUS001,2026-07-09,CUST012,1.0,0.0,₹ 199,Cash,Completed,0,Standard Sale,,,,,,,,,,,,,,,,,,,,,,,,,,,,,,
PROD001,,,,,,₹ 162,,,,,,,,,Sale,SALE0551,BUS001,2026-07-09,CUST024,5.0,0.0,₹ 810,Cash,Completed,0,Standard Sale,,,,,,,,,,,,,,,,,,,,,,,,,,,,,,
PROD005,,,,,,₹ 377,,,,,,,,,Sale,SALE0552,BUS001,2026-07-09,CUST024,3.0,0.0,₹ 1131,Credit,Pending,₹ 1131,Standard Sale,,,,,,,,,,,,,,,,,,,,,,,,,,,,,,
PROD003,,,,,,₹ 9,,,,,,,,,Sale,SALE0553,BUS001,2026-07-09,CUST024,30.0,5.0,₹ 256,Cash,Completed,0,Standard Sale,,,,,,,,,,,,,,,,,,,,,,,,,,,,,,
PROD006,,,,,,₹ 2106,,,,,,,,,Sale,SALE0554,BUS001,2026-07-10,CUST029,3.0,0.0,₹ 6318,UPI,Completed,0,Standard Sale,,,,,,,,,,,,,,,,,,,,,,,,,,,,,,
PROD003,,,,,,₹ 9,,,,,,,,,Sale,SALE0555,BUS001,2026-07-10,CUST028,32.0,5.0,₹ 273,UPI,Completed,0,Standard Sale,,,,,,,,,,,,,,,,,,,,,,,,,,,,,,
PROD001,,,,,,₹ 162,,,,,,,,,Sale,SALE0556,BUS001,2026-07-10,CUST032,9.0,0.0,₹ 1458,Cash,Completed,0,Standard Sale,,,,,,,,,,,,,,,,,,,,,,,,,,,,,,
PROD012,,,,,,₹ 316,,,,,,,,,Sale,SALE0557,BUS001,2026-07-10,CUST003,3.0,5.0,₹ 900,Cash,Completed,0,Standard Sale,,,,,,,,,,,,,,,,,,,,,,,,,,,,,,
PROD009,,,,,,₹ 31,,,,,,,,,Sale,SALE0558,BUS001,2026-07-10,CUST032,3.0,0.0,₹ 93,UPI,Completed,0,Standard Sale,,,,,,,,,,,,,,,,,,,,,,,,,,,,,,
PROD004,,,,,,₹ 61,,,,,,,,,Sale,SALE0559,BUS001,2026-07-10,CUST037,2.0,0.0,₹ 122,Cash,Completed,0,Standard Sale,,,,,,,,,,,,,,,,,,,,,,,,,,,,,,
PROD011,,,,,,₹ 199,,,,,,,,,Sale,SALE0560,BUS001,2026-07-10,CUST027,3.0,0.0,₹ 597,UPI,Completed,0,Standard Sale,,,,,,,,,,,,,,,,,,,,,,,,,,,,,,
PROD008,,,,,,₹ 13,,,,,,,,,Sale,SALE0561,BUS001,2026-07-10,CUST026,8.0,0.0,₹ 104,Cash,Completed,0,Standard Sale,,,,,,,,,,,,,,,,,,,,,,,,,,,,,,
PROD005,,,,,,₹ 377,,,,,,,,,Sale,SALE0562,BUS001,2026-07-10,CUST001,14.0,0.0,₹ 5278,Cash,Completed,0,Standard Sale,,,,,,,,,,,,,,,,,,,,,,,,,,,,,,
PROD005,,,,,,₹ 377,,,,,,,,,Sale,SALE0563,BUS001,2026-07-10,CUST014,6.0,0.0,₹ 2262,Cash,Completed,0,Standard Sale,,,,,,,,,,,,,,,,,,,,,,,,,,,,,,
PROD002,,,,,,₹ 95,,,,,,,,,Sale,SALE0564,BUS001,2026-07-10,CUST035,1.0,0.0,₹ 95,Cash,Completed,0,Standard Sale,,,,,,,,,,,,,,,,,,,,,,,,,,,,,,
PROD003,,,,,,₹ 9,,,,,,,,,Sale,SALE0565,BUS001,2026-07-11,CUST034,45.0,10.0,₹ 364,Cash,Completed,0,Standard Sale,,,,,,,,,,,,,,,,,,,,,,,,,,,,,,
PROD008,,,,,,₹ 13,,,,,,,,,Sale,SALE0566,BUS001,2026-07-11,CUST033,9.0,0.0,₹ 117,Cash,Completed,0,Standard Sale,,,,,,,,,,,,,,,,,,,,,,,,,,,,,,
PROD006,,,,,,₹ 2106,,,,,,,,,Sale,SALE0567,BUS001,2026-07-11,CUST005,1.0,0.0,₹ 2106,Cash,Completed,0,Standard Sale,,,,,,,,,,,,,,,,,,,,,,,,,,,,,,
PROD012,,,,,,₹ 316,,,,,,,,,Sale,SALE0568,BUS001,2026-07-11,CUST032,2.0,0.0,₹ 632,Cash,Completed,0,Standard Sale,,,,,,,,,,,,,,,,,,,,,,,,,,,,,,
PROD007,,,,,,₹ 678,,,,,,,,,Sale,SALE0569,BUS001,2026-07-11,CUST032,1.0,0.0,₹ 678,Cash,Completed,0,Standard Sale,,,,,,,,,,,,,,,,,,,,,,,,,,,,,,
PROD002,,,,,,₹ 95,,,,,,,,,Sale,SALE0570,BUS001,2026-07-11,CUST021,2.0,0.0,₹ 190,UPI,Completed,0,Standard Sale,,,,,,,,,,,,,,,,,,,,,,,,,,,,,,
PROD001,,,,,,₹ 162,,,,,,,,,Sale,SALE0571,BUS001,2026-07-11,CUST011,3.0,0.0,₹ 486,Cash,Completed,0,Standard Sale,,,,,,,,,,,,,,,,,,,,,,,,,,,,,,
PROD003,,,,,,₹ 9,,,,,,,,,Sale,SALE0572,BUS001,2026-07-11,CUST002,32.0,0.0,₹ 288,UPI,Completed,0,Standard Sale,,,,,,,,,,,,,,,,,,,,,,,,,,,,,,
PROD006,,,,,,₹ 2106,,,,,,,,,Sale,SALE0573,BUS001,2026-07-11,CUST022,2.0,0.0,₹ 4212,Cash,Completed,0,Standard Sale,,,,,,,,,,,,,,,,,,,,,,,,,,,,,,
PROD007,,,,,,₹ 678,,,,,,,,,Sale,SALE0574,BUS001,2026-07-11,CUST036,3.0,0.0,₹ 2034,UPI,Completed,0,Standard Sale,,,,,,,,,,,,,,,,,,,,,,,,,,,,,,
PROD005,,,,,,₹ 377,,,,,,,,,Sale,SALE0575,BUS001,2026-07-11,CUST010,15.0,10.0,₹ 5089,Cash,Completed,0,Standard Sale,,,,,,,,,,,,,,,,,,,,,,,,,,,,,,
PROD008,,,,,,₹ 13,,,,,,,,,Sale,SALE0576,BUS001,2026-07-11,CUST013,8.0,0.0,₹ 104,Credit,Pending,₹ 104,Standard Sale,,,,,,,,,,,,,,,,,,,,,,,,,,,,,,
PROD004,,,,,,₹ 61,,,,,,,,,Sale,SALE0577,BUS001,2026-07-11,CUST002,2.0,0.0,₹ 122,Cash,Completed,0,Standard Sale,,,,,,,,,,,,,,,,,,,,,,,,,,,,,,
PROD004,,,,,,₹ 61,,,,,,,,,Sale,SALE0578,BUS001,2026-07-12,CUST032,9.0,0.0,₹ 549,UPI,Completed,0,Standard Sale,,,,,,,,,,,,,,,,,,,,,,,,,,,,,,
PROD003,,,,,,₹ 9,,,,,,,,,Sale,SALE0579,BUS001,2026-07-12,CUST007,24.0,0.0,₹ 216,UPI,Completed,0,Standard Sale,,,,,,,,,,,,,,,,,,,,,,,,,,,,,,
PROD008,,,,,,₹ 13,,,,,,,,,Sale,SALE0580,BUS001,2026-07-12,CUST009,5.0,0.0,₹ 65,Cash,Completed,0,Standard Sale,,,,,,,,,,,,,,,,,,,,,,,,,,,,,,
PROD008,,,,,,₹ 13,,,,,,,,,Sale,SALE0581,BUS001,2026-07-12,CUST002,5.0,10.0,₹ 58,UPI,Completed,0,Standard Sale,,,,,,,,,,,,,,,,,,,,,,,,,,,,,,
PROD006,,,,,,₹ 2106,,,,,,,,,Sale,SALE0582,BUS001,2026-07-12,CUST018,2.0,0.0,₹ 4212,Cash,Completed,0,Standard Sale,,,,,,,,,,,,,,,,,,,,,,,,,,,,,,
PROD005,,,,,,₹ 377,,,,,,,,,Sale,SALE0583,BUS001,2026-07-12,CUST036,12.0,0.0,₹ 4524,Cash,Completed,0,Standard Sale,,,,,,,,,,,,,,,,,,,,,,,,,,,,,,
PROD008,,,,,,₹ 13,,,,,,,,,Sale,SALE0584,BUS001,2026-07-12,CUST024,6.0,0.0,₹ 78,Cash,Completed,0,Standard Sale,,,,,,,,,,,,,,,,,,,,,,,,,,,,,,
PROD009,,,,,,₹ 31,,,,,,,,,Sale,SALE0585,BUS001,2026-07-12,CUST011,1.0,0.0,₹ 31,UPI,Completed,0,Standard Sale,,,,,,,,,,,,,,,,,,,,,,,,,,,,,,
PROD008,,,,,,₹ 13,,,,,,,,,Sale,SALE0586,BUS001,2026-07-12,CUST013,7.0,0.0,₹ 91,Cash,Completed,0,Standard Sale,,,,,,,,,,,,,,,,,,,,,,,,,,,,,,
PROD008,,,,,,₹ 13,,,,,,,,,Sale,SALE0587,BUS001,2026-07-12,CUST033,3.0,0.0,₹ 39,Credit,Pending,₹ 39,Standard Sale,,,,,,,,,,,,,,,,,,,,,,,,,,,,,,
PROD001,,,,,,₹ 162,,,,,,,,,Sale,SALE0588,BUS001,2026-07-12,CUST027,5.0,10.0,₹ 729,Credit,Pending,₹ 729,Standard Sale,,,,,,,,,,,,,,,,,,,,,,,,,,,,,,
PROD004,,,,,,₹ 61,,,,,,,,,Sale,SALE0589,BUS001,2026-07-12,CUST009,10.0,10.0,₹ 549,Cash,Completed,0,Standard Sale,,,,,,,,,,,,,,,,,,,,,,,,,,,,,,
PROD004,,,,,,₹ 61,,,,,,,,,Sale,SALE0590,BUS001,2026-07-12,CUST020,6.0,0.0,₹ 366,UPI,Completed,0,Standard Sale,,,,,,,,,,,,,,,,,,,,,,,,,,,,,,
PROD002,,,,,,₹ 95,,,,,,,,,Sale,SALE0591,BUS001,2026-07-13,CUST015,3.0,5.0,₹ 270,Credit,Pending,₹ 270,Standard Sale,,,,,,,,,,,,,,,,,,,,,,,,,,,,,,
PROD011,,,,,,₹ 199,,,,,,,,,Sale,SALE0592,BUS001,2026-07-13,CUST015,3.0,0.0,₹ 597,Cash,Completed,0,Standard Sale,,,,,,,,,,,,,,,,,,,,,,,,,,,,,,
PROD003,,,,,,₹ 9,,,,,,,,,Sale,SALE0593,BUS001,2026-07-13,CUST017,20.0,0.0,₹ 180,UPI,Completed,0,Standard Sale,,,,,,,,,,,,,,,,,,,,,,,,,,,,,,
PROD003,,,,,,₹ 9,,,,,,,,,Sale,SALE0594,BUS001,2026-07-13,CUST001,50.0,0.0,₹ 450,Cash,Completed,0,Standard Sale,,,,,,,,,,,,,,,,,,,,,,,,,,,,,,
PROD007,,,,,,₹ 678,,,,,,,,,Sale,SALE0595,BUS001,2026-07-13,CUST007,5.0,10.0,₹ 3051,Credit,Pending,₹ 3051,Standard Sale,,,,,,,,,,,,,,,,,,,,,,,,,,,,,,
PROD002,,,,,,₹ 95,,,,,,,,,Sale,SALE0596,BUS001,2026-07-13,CUST022,2.0,0.0,₹ 190,Cash,Completed,0,Standard Sale,,,,,,,,,,,,,,,,,,,,,,,,,,,,,,
PROD005,,,,,,₹ 377,,,,,,,,,Sale,SALE0597,BUS001,2026-07-13,CUST032,13.0,0.0,₹ 4901,UPI,Completed,0,Standard Sale,,,,,,,,,,,,,,,,,,,,,,,,,,,,,,
PROD001,,,,,,₹ 162,,,,,,,,,Sale,SALE0598,BUS001,2026-07-13,CUST039,7.0,0.0,₹ 1134,Credit,Pending,₹ 1134,Standard Sale,,,,,,,,,,,,,,,,,,,,,,,,,,,,,,
PROD005,,,,,,₹ 377,,,,,,,,,Sale,SALE0599,BUS001,2026-07-13,CUST032,12.0,0.0,₹ 4524,UPI,Completed,0,Standard Sale,,,,,,,,,,,,,,,,,,,,,,,,,,,,,,
PROD005,,,,,,₹ 377,,,,,,,,,Sale,SALE0600,BUS001,2026-07-13,CUST025,4.0,5.0,₹ 1432,Credit,Pending,₹ 1432,Standard Sale,,,,,,,,,,,,,,,,,,,,,,,,,,,,,,
PROD008,,,,,,₹ 13,,,,,,,,,Sale,SALE0601,BUS001,2026-07-13,CUST006,7.0,0.0,₹ 91,Credit,Pending,₹ 91,Standard Sale,,,,,,,,,,,,,,,,,,,,,,,,,,,,,,
PROD009,,,,,,₹ 31,,,,,,,,,Sale,SALE0602,BUS001,2026-07-13,CUST009,2.0,0.0,₹ 62,Credit,Pending,₹ 62,Standard Sale,,,,,,,,,,,,,,,,,,,,,,,,,,,,,,
PROD004,,,,,,₹ 61,,,,,,,,,Sale,SALE0603,BUS001,2026-07-14,CUST035,7.0,0.0,₹ 427,Cash,Completed,0,Standard Sale,,,,,,,,,,,,,,,,,,,,,,,,,,,,,,
PROD011,,,,,,₹ 199,,,,,,,,,Sale,SALE0604,BUS001,2026-07-14,CUST030,3.0,0.0,₹ 597,Cash,Completed,0,Standard Sale,,,,,,,,,,,,,,,,,,,,,,,,,,,,,,
PROD001,,,,,,₹ 162,,,,,,,,,Sale,SALE0605,BUS001,2026-07-14,CUST030,6.0,5.0,₹ 923,UPI,Completed,0,Standard Sale,,,,,,,,,,,,,,,,,,,,,,,,,,,,,,
PROD004,,,,,,₹ 61,,,,,,,,,Sale,SALE0606,BUS001,2026-07-14,CUST002,6.0,0.0,₹ 366,Cash,Completed,0,Standard Sale,,,,,,,,,,,,,,,,,,,,,,,,,,,,,,
PROD008,,,,,,₹ 13,,,,,,,,,Sale,SALE0607,BUS001,2026-07-14,CUST035,2.0,5.0,₹ 24,Cash,Completed,0,Standard Sale,,,,,,,,,,,,,,,,,,,,,,,,,,,,,,
PROD003,,,,,,₹ 9,,,,,,,,,Sale,SALE0608,BUS001,2026-07-14,CUST006,17.0,0.0,₹ 153,Cash,Completed,0,Standard Sale,,,,,,,,,,,,,,,,,,,,,,,,,,,,,,
PROD005,,,,,,₹ 377,,,,,,,,,Sale,SALE0609,BUS001,2026-07-14,CUST018,15.0,0.0,₹ 5655,Cash,Completed,0,Standard Sale,,,,,,,,,,,,,,,,,,,,,,,,,,,,,,
PROD005,,,,,,₹ 377,,,,,,,,,Sale,SALE0610,BUS001,2026-07-14,CUST031,10.0,0.0,₹ 3770,UPI,Completed,0,Standard Sale,,,,,,,,,,,,,,,,,,,,,,,,,,,,,,
PROD005,,,,,,₹ 377,,,,,,,,,Sale,SALE0611,BUS001,2026-07-14,CUST010,5.0,0.0,₹ 1885,Cash,Completed,0,Standard Sale,,,,,,,,,,,,,,,,,,,,,,,,,,,,,,
PROD005,,,,,,₹ 377,,,,,,,,,Sale,SALE0612,BUS001,2026-07-14,CUST017,15.0,10.0,₹ 5089,Cash,Completed,0,Standard Sale,,,,,,,,,,,,,,,,,,,,,,,,,,,,,,
PROD002,,,,,,₹ 95,,,,,,,,,Sale,SALE0613,BUS001,2026-07-14,CUST016,3.0,0.0,₹ 285,Cash,Completed,0,Standard Sale,,,,,,,,,,,,,,,,,,,,,,,,,,,,,,
PROD006,,,,,,₹ 2106,,,,,,,,,Sale,SALE0614,BUS001,2026-07-15,CUST019,1.0,0.0,₹ 2106,Cash,Completed,0,Standard Sale,,,,,,,,,,,,,,,,,,,,,,,,,,,,,,
PROD009,,,,,,₹ 31,,,,,,,,,Sale,SALE0615,BUS001,2026-07-15,CUST023,4.0,5.0,₹ 117,Cash,Completed,0,Standard Sale,,,,,,,,,,,,,,,,,,,,,,,,,,,,,,
PROD010,,,,,,₹ 440,,,,,,,,,Sale,SALE0616,BUS001,2026-07-15,CUST036,3.0,0.0,₹ 1320,UPI,Completed,0,Standard Sale,,,,,,,,,,,,,,,,,,,,,,,,,,,,,,
PROD012,,,,,,₹ 316,,,,,,,,,Sale,SALE0617,BUS001,2026-07-15,CUST021,5.0,0.0,₹ 1580,Cash,Completed,0,Standard Sale,,,,,,,,,,,,,,,,,,,,,,,,,,,,,,
PROD004,,,,,,₹ 61,,,,,,,,,Sale,SALE0618,BUS001,2026-07-15,CUST021,7.0,0.0,₹ 427,Cash,Completed,0,Standard Sale,,,,,,,,,,,,,,,,,,,,,,,,,,,,,,
PROD005,,,,,,₹ 377,,,,,,,,,Sale,SALE0619,BUS001,2026-07-15,CUST003,11.0,10.0,₹ 3732,Cash,Completed,0,Standard Sale,,,,,,,,,,,,,,,,,,,,,,,,,,,,,,
PROD005,,,,,,₹ 377,,,,,,,,,Sale,SALE0620,BUS001,2026-07-15,CUST032,15.0,0.0,₹ 5655,Cash,Completed,0,Standard Sale,,,,,,,,,,,,,,,,,,,,,,,,,,,,,,
PROD004,,,,,,₹ 61,,,,,,,,,Sale,SALE0621,BUS001,2026-07-15,CUST016,6.0,0.0,₹ 366,UPI,Completed,0,Standard Sale,,,,,,,,,,,,,,,,,,,,,,,,,,,,,,
PROD007,,,,,,₹ 678,,,,,,,,,Sale,SALE0622,BUS001,2026-07-15,CUST025,4.0,5.0,₹ 2576,Cash,Completed,0,Standard Sale,,,,,,,,,,,,,,,,,,,,,,,,,,,,,,
PROD008,,,,,,₹ 13,,,,,,,,,Sale,SALE0623,BUS001,2026-07-15,CUST022,10.0,0.0,₹ 130,Cash,Completed,0,Standard Sale,,,,,,,,,,,,,,,,,,,,,,,,,,,,,,
PROD002,,,,,,₹ 95,,,,,,,,,Sale,SALE0624,BUS001,2026-07-15,CUST027,3.0,0.0,₹ 285,Cash,Completed,0,Standard Sale,,,,,,,,,,,,,,,,,,,,,,,,,,,,,,
PROD005,,,,,,₹ 377,,,,,,,,,Sale,SALE0625,BUS001,2026-07-15,CUST040,3.0,0.0,₹ 1131,UPI,Completed,0,Standard Sale,,,,,,,,,,,,,,,,,,,,,,,,,,,,,,
PROD002,,,,,,₹ 95,,,,,,,,,Sale,SALE0626,BUS001,2026-07-15,CUST033,3.0,10.0,₹ 256,UPI,Completed,0,Standard Sale,,,,,,,,,,,,,,,,,,,,,,,,,,,,,,
PROD009,,,,,,₹ 31,,,,,,,,,Sale,SALE0627,BUS001,2026-07-15,CUST040,1.0,0.0,₹ 31,Cash,Completed,0,Standard Sale,,,,,,,,,,,,,,,,,,,,,,,,,,,,,,
PROD006,,,,,,₹ 2106,,,,,,,,,Sale,SALE0628,BUS001,2026-07-16,CUST025,2.0,0.0,₹ 4212,Cash,Completed,0,Standard Sale,,,,,,,,,,,,,,,,,,,,,,,,,,,,,,
PROD008,,,,,,₹ 13,,,,,,,,,Sale,SALE0629,BUS001,2026-07-16,CUST034,10.0,0.0,₹ 130,Cash,Completed,0,Standard Sale,,,,,,,,,,,,,,,,,,,,,,,,,,,,,,
PROD006,,,,,,₹ 2106,,,,,,,,,Sale,SALE0630,BUS001,2026-07-16,CUST023,2.0,0.0,₹ 4212,UPI,Completed,0,Standard Sale,,,,,,,,,,,,,,,,,,,,,,,,,,,,,,
PROD004,,,,,,₹ 61,,,,,,,,,Sale,SALE0631,BUS001,2026-07-16,CUST015,4.0,0.0,₹ 244,Cash,Completed,0,Standard Sale,,,,,,,,,,,,,,,,,,,,,,,,,,,,,,
PROD008,,,,,,₹ 13,,,,,,,,,Sale,SALE0632,BUS001,2026-07-16,CUST022,9.0,0.0,₹ 117,UPI,Completed,0,Standard Sale,,,,,,,,,,,,,,,,,,,,,,,,,,,,,,
PROD001,,,,,,₹ 162,,,,,,,,,Sale,SALE0633,BUS001,2026-07-16,CUST025,4.0,0.0,₹ 648,Cash,Completed,0,Standard Sale,,,,,,,,,,,,,,,,,,,,,,,,,,,,,,
PROD002,,,,,,₹ 95,,,,,,,,,Sale,SALE0634,BUS001,2026-07-16,CUST002,1.0,0.0,₹ 95,Cash,Completed,0,Standard Sale,,,,,,,,,,,,,,,,,,,,,,,,,,,,,,
PROD001,,,,,,₹ 162,,,,,,,,,Sale,SALE0635,BUS001,2026-07-16,CUST018,4.0,0.0,₹ 648,UPI,Completed,0,Standard Sale,,,,,,,,,,,,,,,,,,,,,,,,,,,,,,
PROD002,,,,,,₹ 95,,,,,,,,,Sale,SALE0636,BUS001,2026-07-16,CUST009,5.0,10.0,₹ 427,Cash,Completed,0,Standard Sale,,,,,,,,,,,,,,,,,,,,,,,,,,,,,,
PROD004,,,,,,₹ 61,,,,,,,,,Sale,SALE0637,BUS001,2026-07-16,CUST006,10.0,0.0,₹ 610,UPI,Completed,0,Standard Sale,,,,,,,,,,,,,,,,,,,,,,,,,,,,,,
PROD008,,,,,,₹ 13,,,,,,,,,Sale,SALE0638,BUS001,2026-07-16,CUST009,3.0,0.0,₹ 39,UPI,Completed,0,Standard Sale,,,,,,,,,,,,,,,,,,,,,,,,,,,,,,
PROD010,,,,,,₹ 440,,,,,,,,,Sale,SALE0639,BUS001,2026-07-16,CUST021,5.0,0.0,₹ 2200,UPI,Completed,0,Standard Sale,,,,,,,,,,,,,,,,,,,,,,,,,,,,,,
PROD003,,,,,,₹ 9,,,,,,,,,Sale,SALE0640,BUS001,2026-07-16,CUST023,24.0,0.0,₹ 216,Cash,Completed,0,Standard Sale,,,,,,,,,,,,,,,,,,,,,,,,,,,,,,
PROD010,,,,,,₹ 440,,,,,,,,,Sale,SALE0641,BUS001,2026-07-16,CUST012,1.0,0.0,₹ 440,Credit,Pending,₹ 440,Standard Sale,,,,,,,,,,,,,,,,,,,,,,,,,,,,,,
PROD002,,,,,,₹ 95,,,,,,,,,Sale,SALE0642,BUS001,2026-07-16,CUST009,3.0,0.0,₹ 285,UPI,Completed,0,Standard Sale,,,,,,,,,,,,,,,,,,,,,,,,,,,,,,
PROD005,,,,,,₹ 377,,,,,,,,,Sale,SALE0643,BUS001,2026-07-17,CUST007,7.0,0.0,₹ 2639,Cash,Completed,0,Standard Sale,,,,,,,,,,,,,,,,,,,,,,,,,,,,,,
PROD008,,,,,,₹ 13,,,,,,,,,Sale,SALE0644,BUS001,2026-07-17,CUST014,5.0,0.0,₹ 65,Credit,Pending,₹ 65,Standard Sale,,,,,,,,,,,,,,,,,,,,,,,,,,,,,,
PROD001,,,,,,₹ 162,,,,,,,,,Sale,SALE0645,BUS001,2026-07-17,CUST038,7.0,0.0,₹ 1134,Cash,Completed,0,Standard Sale,,,,,,,,,,,,,,,,,,,,,,,,,,,,,,
PROD008,,,,,,₹ 13,,,,,,,,,Sale,SALE0646,BUS001,2026-07-17,CUST011,10.0,0.0,₹ 130,Cash,Completed,0,Standard Sale,,,,,,,,,,,,,,,,,,,,,,,,,,,,,,
PROD007,,,,,,₹ 678,,,,,,,,,Sale,SALE0647,BUS001,2026-07-17,CUST023,4.0,0.0,₹ 2712,Credit,Pending,₹ 2712,Standard Sale,,,,,,,,,,,,,,,,,,,,,,,,,,,,,,
PROD006,,,,,,₹ 2106,,,,,,,,,Sale,SALE0648,BUS001,2026-07-17,CUST037,4.0,0.0,₹ 8424,Credit,Pending,₹ 8424,Standard Sale,,,,,,,,,,,,,,,,,,,,,,,,,,,,,,
PROD006,,,,,,₹ 2106,,,,,,,,,Sale,SALE0649,BUS001,2026-07-17,CUST017,3.0,0.0,₹ 6318,Credit,Pending,₹ 6318,Standard Sale,,,,,,,,,,,,,,,,,,,,,,,,,,,,,,
PROD011,,,,,,₹ 199,,,,,,,,,Sale,SALE0650,BUS001,2026-07-17,CUST003,3.0,0.0,₹ 597,UPI,Completed,0,Standard Sale,,,,,,,,,,,,,,,,,,,,,,,,,,,,,,
PROD006,,,,,,₹ 2106,,,,,,,,,Sale,SALE0651,BUS001,2026-07-17,CUST035,1.0,0.0,₹ 2106,UPI,Completed,0,Standard Sale,,,,,,,,,,,,,,,,,,,,,,,,,,,,,,
PROD007,,,,,,₹ 678,,,,,,,,,Sale,SALE0652,BUS001,2026-07-17,CUST023,2.0,0.0,₹ 1356,UPI,Completed,0,Standard Sale,,,,,,,,,,,,,,,,,,,,,,,,,,,,,,
PROD005,,,,,,₹ 377,,,,,,,,,Sale,SALE0653,BUS001,2026-07-17,CUST002,8.0,10.0,₹ 2714,Cash,Completed,0,Standard Sale,,,,,,,,,,,,,,,,,,,,,,,,,,,,,,
PROD005,,,,,,₹ 377,,,,,,,,,Sale,SALE0654,BUS001,2026-07-18,CUST034,6.0,0.0,₹ 2262,Cash,Completed,0,Standard Sale,,,,,,,,,,,,,,,,,,,,,,,,,,,,,,
PROD006,,,,,,₹ 2106,,,,,,,,,Sale,SALE0655,BUS001,2026-07-18,CUST027,4.0,0.0,₹ 8424,UPI,Completed,0,Standard Sale,,,,,,,,,,,,,,,,,,,,,,,,,,,,,,
PROD010,,,,,,₹ 440,,,,,,,,,Sale,SALE0656,BUS001,2026-07-18,CUST007,5.0,10.0,₹ 1980,UPI,Completed,0,Standard Sale,,,,,,,,,,,,,,,,,,,,,,,,,,,,,,
PROD007,,,,,,₹ 678,,,,,,,,,Sale,SALE0657,BUS001,2026-07-18,CUST040,1.0,0.0,₹ 678,Credit,Pending,₹ 678,Standard Sale,,,,,,,,,,,,,,,,,,,,,,,,,,,,,,
PROD006,,,,,,₹ 2106,,,,,,,,,Sale,SALE0658,BUS001,2026-07-18,CUST033,3.0,0.0,₹ 6318,Cash,Completed,0,Standard Sale,,,,,,,,,,,,,,,,,,,,,,,,,,,,,,
PROD008,,,,,,₹ 13,,,,,,,,,Sale,SALE0659,BUS001,2026-07-18,CUST007,6.0,0.0,₹ 78,UPI,Completed,0,Standard Sale,,,,,,,,,,,,,,,,,,,,,,,,,,,,,,
PROD007,,,,,,₹ 678,,,,,,,,,Sale,SALE0660,BUS001,2026-07-18,CUST004,4.0,10.0,₹ 2440,UPI,Completed,0,Standard Sale,,,,,,,,,,,,,,,,,,,,,,,,,,,,,,
PROD007,,,,,,₹ 678,,,,,,,,,Sale,SALE0661,BUS001,2026-07-18,CUST037,2.0,5.0,₹ 1288,Credit,Pending,₹ 1288,Standard Sale,,,,,,,,,,,,,,,,,,,,,,,,,,,,,,
PROD001,,,,,,₹ 162,,,,,,,,,Sale,SALE0662,BUS001,2026-07-18,CUST010,8.0,0.0,₹ 1296,Credit,Pending,₹ 1296,Standard Sale,,,,,,,,,,,,,,,,,,,,,,,,,,,,,,
PROD003,,,,,,₹ 9,,,,,,,,,Sale,SALE0663,BUS001,2026-07-18,CUST030,10.0,0.0,₹ 90,UPI,Completed,0,Standard Sale,,,,,,,,,,,,,,,,,,,,,,,,,,,,,,
PROD009,,,,,,₹ 31,,,,,,,,,Sale,SALE0664,BUS001,2026-07-19,CUST007,2.0,0.0,₹ 62,UPI,Completed,0,Standard Sale,,,,,,,,,,,,,,,,,,,,,,,,,,,,,,
PROD006,,,,,,₹ 2106,,,,,,,,,Sale,SALE0665,BUS001,2026-07-19,CUST025,2.0,0.0,₹ 4212,UPI,Completed,0,Standard Sale,,,,,,,,,,,,,,,,,,,,,,,,,,,,,,
PROD008,,,,,,₹ 13,,,,,,,,,Sale,SALE0666,BUS001,2026-07-19,CUST033,2.0,10.0,₹ 23,Cash,Completed,0,Standard Sale,,,,,,,,,,,,,,,,,,,,,,,,,,,,,,
PROD007,,,,,,₹ 678,,,,,,,,,Sale,SALE0667,BUS001,2026-07-19,CUST024,1.0,0.0,₹ 678,UPI,Completed,0,Standard Sale,,,,,,,,,,,,,,,,,,,,,,,,,,,,,,
PROD007,,,,,,₹ 678,,,,,,,,,Sale,SALE0668,BUS001,2026-07-19,CUST003,2.0,0.0,₹ 1356,UPI,Completed,0,Standard Sale,,,,,,,,,,,,,,,,,,,,,,,,,,,,,,
PROD003,,,,,,₹ 9,,,,,,,,,Sale,SALE0669,BUS001,2026-07-19,CUST029,37.0,5.0,₹ 316,Cash,Completed,0,Standard Sale,,,,,,,,,,,,,,,,,,,,,,,,,,,,,,
PROD005,,,,,,₹ 377,,,,,,,,,Sale,SALE0670,BUS001,2026-07-19,CUST005,9.0,0.0,₹ 3393,Cash,Completed,0,Standard Sale,,,,,,,,,,,,,,,,,,,,,,,,,,,,,,
PROD004,,,,,,₹ 61,,,,,,,,,Sale,SALE0671,BUS001,2026-07-19,CUST039,4.0,0.0,₹ 244,UPI,Completed,0,Standard Sale,,,,,,,,,,,,,,,,,,,,,,,,,,,,,,
PROD005,,,,,,₹ 377,,,,,,,,,Sale,SALE0672,BUS001,2026-07-19,CUST009,4.0,0.0,₹ 1508,Cash,Completed,0,Standard Sale,,,,,,,,,,,,,,,,,,,,,,,,,,,,,,
PROD003,,,,,,₹ 9,,,,,,,,,Sale,SALE0673,BUS001,2026-07-19,CUST010,18.0,0.0,₹ 162,Cash,Completed,0,Standard Sale,,,,,,,,,,,,,,,,,,,,,,,,,,,,,,
PROD008,,,,,,₹ 13,,,,,,,,,Sale,SALE0674,BUS001,2026-07-19,CUST018,3.0,0.0,₹ 39,Cash,Completed,0,Standard Sale,,,,,,,,,,,,,,,,,,,,,,,,,,,,,,
PROD012,,,,,,₹ 316,,,,,,,,,Sale,SALE0675,BUS001,2026-07-19,CUST026,1.0,0.0,₹ 316,Cash,Completed,0,Standard Sale,,,,,,,,,,,,,,,,,,,,,,,,,,,,,,
PROD008,,,,,,₹ 13,,,,,,,,,Sale,SALE0676,BUS001,2026-07-19,CUST010,6.0,0.0,₹ 78,Cash,Completed,0,Standard Sale,,,,,,,,,,,,,,,,,,,,,,,,,,,,,,
PROD007,,,,,,₹ 678,,,,,,,,,Sale,SALE0677,BUS001,2026-07-19,CUST020,1.0,10.0,₹ 610,Cash,Completed,0,Standard Sale,,,,,,,,,,,,,,,,,,,,,,,,,,,,,,
PROD004,,,,,,₹ 61,,,,,,,,,Sale,SALE0678,BUS001,2026-07-19,CUST018,2.0,0.0,₹ 122,Cash,Completed,0,Standard Sale,,,,,,,,,,,,,,,,,,,,,,,,,,,,,,
PROD009,,,,,,₹ 31,,,,,,,,,Sale,SALE0679,BUS001,2026-07-19,CUST039,5.0,0.0,₹ 155,Cash,Completed,0,Standard Sale,,,,,,,,,,,,,,,,,,,,,,,,,,,,,,
PROD004,,,,,,₹ 61,,,,,,,,,Sale,SALE0680,BUS001,2026-07-19,CUST022,8.0,0.0,₹ 488,Cash,Completed,0,Standard Sale,,,,,,,,,,,,,,,,,,,,,,,,,,,,,,
PROD001,,,,,,₹ 162,,,,,,,,,Sale,SALE0681,BUS001,2026-07-19,CUST031,8.0,0.0,₹ 1296,UPI,Completed,0,Standard Sale,,,,,,,,,,,,,,,,,,,,,,,,,,,,,,
PROD007,,,,,,₹ 678,,,,,,,,,Sale,SALE0682,BUS001,2026-07-19,CUST031,4.0,0.0,₹ 2712,Cash,Completed,0,Standard Sale,,,,,,,,,,,,,,,,,,,,,,,,,,,,,,
PROD006,,,,,,₹ 2106,,,,,,,,,Sale,SALE0683,BUS001,2026-07-19,CUST004,1.0,5.0,₹ 2000,UPI,Completed,0,Standard Sale,,,,,,,,,,,,,,,,,,,,,,,,,,,,,,
PROD003,,,,,,₹ 9,,,,,,,,,Sale,SALE0684,BUS001,2026-07-19,CUST024,42.0,0.0,₹ 378,Cash,Completed,0,Standard Sale,,,,,,,,,,,,,,,,,,,,,,,,,,,,,,
PROD004,,,,,,₹ 61,,,,,,,,,Sale,SALE0685,BUS001,2026-07-19,CUST020,4.0,0.0,₹ 244,Cash,Completed,0,Standard Sale,,,,,,,,,,,,,,,,,,,,,,,,,,,,,,
PROD008,,,,,,₹ 13,,,,,,,,,Sale,SALE0686,BUS001,2026-07-20,CUST008,9.0,0.0,₹ 117,Cash,Completed,0,Standard Sale,,,,,,,,,,,,,,,,,,,,,,,,,,,,,,
PROD003,,,,,,₹ 9,,,,,,,,,Sale,SALE0687,BUS001,2026-07-20,CUST009,16.0,0.0,₹ 144,UPI,Completed,0,Standard Sale,,,,,,,,,,,,,,,,,,,,,,,,,,,,,,
PROD003,,,,,,₹ 9,,,,,,,,,Sale,SALE0688,BUS001,2026-07-20,CUST030,38.0,0.0,₹ 342,Cash,Completed,0,Standard Sale,,,,,,,,,,,,,,,,,,,,,,,,,,,,,,
PROD003,,,,,,₹ 9,,,,,,,,,Sale,SALE0689,BUS001,2026-07-20,CUST030,27.0,0.0,₹ 243,Cash,Completed,0,Standard Sale,,,,,,,,,,,,,,,,,,,,,,,,,,,,,,
PROD003,,,,,,₹ 9,,,,,,,,,Sale,SALE0690,BUS001,2026-07-20,CUST007,24.0,0.0,₹ 216,UPI,Completed,0,Standard Sale,,,,,,,,,,,,,,,,,,,,,,,,,,,,,,
PROD003,,,,,,₹ 9,,,,,,,,,Sale,SALE0691,BUS001,2026-07-20,CUST035,11.0,0.0,₹ 99,Credit,Pending,₹ 99,Standard Sale,,,,,,,,,,,,,,,,,,,,,,,,,,,,,,
PROD008,,,,,,₹ 13,,,,,,,,,Sale,SALE0692,BUS001,2026-07-20,CUST022,10.0,10.0,₹ 117,Cash,Completed,0,Standard Sale,,,,,,,,,,,,,,,,,,,,,,,,,,,,,,
PROD007,,,,,,₹ 678,,,,,,,,,Sale,SALE0693,BUS001,2026-07-20,CUST022,5.0,0.0,₹ 3390,UPI,Completed,0,Standard Sale,,,,,,,,,,,,,,,,,,,,,,,,,,,,,,
PROD002,,,,,,₹ 95,,,,,,,,,Sale,SALE0694,BUS001,2026-07-20,CUST017,5.0,0.0,₹ 475,Cash,Completed,0,Standard Sale,,,,,,,,,,,,,,,,,,,,,,,,,,,,,,
PROD005,,,,,,₹ 377,,,,,,,,,Sale,SALE0695,BUS001,2026-07-20,CUST008,11.0,0.0,₹ 4147,UPI,Completed,0,Standard Sale,,,,,,,,,,,,,,,,,,,,,,,,,,,,,,
PROD005,,,,,,₹ 377,,,,,,,,,Sale,SALE0696,BUS001,2026-07-20,CUST027,4.0,0.0,₹ 1508,Credit,Pending,₹ 1508,Standard Sale,,,,,,,,,,,,,,,,,,,,,,,,,,,,,,
PROD004,,,,,,₹ 61,,,,,,,,,Sale,SALE0697,BUS001,2026-07-20,CUST016,3.0,5.0,₹ 173,UPI,Completed,0,Standard Sale,,,,,,,,,,,,,,,,,,,,,,,,,,,,,,
PROD011,,,,,,₹ 199,,,,,,,,,Sale,SALE0698,BUS001,2026-07-20,CUST001,5.0,0.0,₹ 995,UPI,Completed,0,Standard Sale,,,,,,,,,,,,,,,,,,,,,,,,,,,,,,
PROD004,,,,,,₹ 61,,,,,,,,,Sale,SALE0699,BUS001,2026-07-20,CUST038,9.0,0.0,₹ 549,UPI,Completed,0,Standard Sale,,,,,,,,,,,,,,,,,,,,,,,,,,,,,,
PROD008,,,,,,₹ 13,,,,,,,,,Sale,SALE0700,BUS001,2026-07-20,CUST003,7.0,0.0,₹ 91,Cash,Completed,0,Standard Sale,,,,,,,,,,,,,,,,,,,,,,,,,,,,,,
PROD003,,,,,,₹ 9,,,,,,,,,Sale,SALE0701,BUS001,2026-07-20,CUST031,37.0,10.0,₹ 299,Credit,Pending,₹ 299,Standard Sale,,,,,,,,,,,,,,,,,,,,,,,,,,,,,,
PROD006,,,,,,₹ 2106,,,,,,,,,Sale,SALE0702,BUS001,2026-07-20,CUST025,1.0,0.0,₹ 2106,Cash,Completed,0,Standard Sale,,,,,,,,,,,,,,,,,,,,,,,,,,,,,,
PROD006,,,,,,₹ 2106,,,,,,,,,Sale,SALE0703,BUS001,2026-07-21,CUST037,1.0,0.0,₹ 2106,UPI,Completed,0,Standard Sale,,,,,,,,,,,,,,,,,,,,,,,,,,,,,,
PROD010,,,,,,₹ 440,,,,,,,,,Sale,SALE0704,BUS001,2026-07-21,CUST007,1.0,0.0,₹ 440,UPI,Completed,0,Standard Sale,,,,,,,,,,,,,,,,,,,,,,,,,,,,,,
PROD011,,,,,,₹ 199,,,,,,,,,Sale,SALE0705,BUS001,2026-07-21,CUST039,1.0,0.0,₹ 199,Cash,Completed,0,Standard Sale,,,,,,,,,,,,,,,,,,,,,,,,,,,,,,
PROD009,,,,,,₹ 31,,,,,,,,,Sale,SALE0706,BUS001,2026-07-21,CUST019,4.0,0.0,₹ 124,Credit,Pending,₹ 124,Standard Sale,,,,,,,,,,,,,,,,,,,,,,,,,,,,,,
PROD008,,,,,,₹ 13,,,,,,,,,Sale,SALE0707,BUS001,2026-07-21,CUST033,9.0,0.0,₹ 117,UPI,Completed,0,Standard Sale,,,,,,,,,,,,,,,,,,,,,,,,,,,,,,
PROD003,,,,,,₹ 9,,,,,,,,,Sale,SALE0708,BUS001,2026-07-21,CUST004,10.0,0.0,₹ 90,Cash,Completed,0,Standard Sale,,,,,,,,,,,,,,,,,,,,,,,,,,,,,,
PROD001,,,,,,₹ 162,,,,,,,,,Sale,SALE0709,BUS001,2026-07-21,CUST033,10.0,0.0,₹ 1620,Cash,Completed,0,Standard Sale,,,,,,,,,,,,,,,,,,,,,,,,,,,,,,
PROD008,,,,,,₹ 13,,,,,,,,,Sale,SALE0710,BUS001,2026-07-21,CUST029,2.0,0.0,₹ 26,UPI,Completed,0,Standard Sale,,,,,,,,,,,,,,,,,,,,,,,,,,,,,,
PROD003,,,,,,₹ 9,,,,,,,,,Sale,SALE0711,BUS001,2026-07-21,CUST019,45.0,0.0,₹ 405,Cash,Completed,0,Standard Sale,,,,,,,,,,,,,,,,,,,,,,,,,,,,,,
PROD004,,,,,,₹ 61,,,,,,,,,Sale,SALE0712,BUS001,2026-07-21,CUST028,2.0,0.0,₹ 122,Cash,Completed,0,Standard Sale,,,,,,,,,,,,,,,,,,,,,,,,,,,,,,
PROD004,,,,,,₹ 61,,,,,,,,,Sale,SALE0713,BUS001,2026-07-21,CUST034,2.0,0.0,₹ 122,Cash,Completed,0,Standard Sale,,,,,,,,,,,,,,,,,,,,,,,,,,,,,,
PROD005,,,,,,₹ 377,,,,,,,,,Sale,SALE0714,BUS001,2026-07-21,CUST019,9.0,10.0,₹ 3053,Cash,Completed,0,Standard Sale,,,,,,,,,,,,,,,,,,,,,,,,,,,,,,
PROD002,,,,,,₹ 95,,,,,,,,,Sale,SALE0715,BUS001,2026-07-21,CUST033,1.0,0.0,₹ 95,Cash,Completed,0,Standard Sale,,,,,,,,,,,,,,,,,,,,,,,,,,,,,,
PROD008,,,,,,₹ 13,,,,,,,,,Sale,SALE0716,BUS001,2026-07-22,CUST039,9.0,0.0,₹ 117,Cash,Completed,0,Standard Sale,,,,,,,,,,,,,,,,,,,,,,,,,,,,,,
PROD003,,,,,,₹ 9,,,,,,,,,Sale,SALE0717,BUS001,2026-07-22,CUST013,31.0,10.0,₹ 251,Cash,Completed,0,Standard Sale,,,,,,,,,,,,,,,,,,,,,,,,,,,,,,
PROD005,,,,,,₹ 377,,,,,,,,,Sale,SALE0718,BUS001,2026-07-22,CUST023,7.0,0.0,₹ 2639,Cash,Completed,0,Standard Sale,,,,,,,,,,,,,,,,,,,,,,,,,,,,,,
PROD008,,,,,,₹ 13,,,,,,,,,Sale,SALE0719,BUS001,2026-07-22,CUST015,9.0,0.0,₹ 117,UPI,Completed,0,Standard Sale,,,,,,,,,,,,,,,,,,,,,,,,,,,,,,
PROD008,,,,,,₹ 13,,,,,,,,,Sale,SALE0720,BUS001,2026-07-22,CUST026,4.0,0.0,₹ 52,Cash,Completed,0,Standard Sale,,,,,,,,,,,,,,,,,,,,,,,,,,,,,,
PROD012,,,,,,₹ 316,,,,,,,,,Sale,SALE0721,BUS001,2026-07-22,CUST023,5.0,10.0,₹ 1422,Cash,Completed,0,Standard Sale,,,,,,,,,,,,,,,,,,,,,,,,,,,,,,
PROD005,,,,,,₹ 377,,,,,,,,,Sale,SALE0722,BUS001,2026-07-22,CUST020,9.0,0.0,₹ 3393,Cash,Completed,0,Standard Sale,,,,,,,,,,,,,,,,,,,,,,,,,,,,,,
PROD007,,,,,,₹ 678,,,,,,,,,Sale,SALE0723,BUS001,2026-07-22,CUST007,1.0,0.0,₹ 678,Cash,Completed,0,Standard Sale,,,,,,,,,,,,,,,,,,,,,,,,,,,,,,
PROD012,,,,,,₹ 316,,,,,,,,,Sale,SALE0724,BUS001,2026-07-22,CUST026,1.0,0.0,₹ 316,UPI,Completed,0,Standard Sale,,,,,,,,,,,,,,,,,,,,,,,,,,,,,,
PROD007,,,,,,₹ 678,,,,,,,,,Sale,SALE0725,BUS001,2026-07-22,CUST017,2.0,5.0,₹ 1288,Credit,Pending,₹ 1288,Standard Sale,,,,,,,,,,,,,,,,,,,,,,,,,,,,,,
PROD006,,,,,,₹ 2106,,,,,,,,,Sale,SALE0726,BUS001,2026-07-22,CUST018,5.0,0.0,₹ 10530,Cash,Completed,0,Standard Sale,,,,,,,,,,,,,,,,,,,,,,,,,,,,,,
PROD012,,,,,,₹ 316,,,,,,,,,Sale,SALE0727,BUS001,2026-07-22,CUST029,1.0,0.0,₹ 316,UPI,Completed,0,Standard Sale,,,,,,,,,,,,,,,,,,,,,,,,,,,,,,
PROD007,,,,,,₹ 678,,,,,,,,,Sale,SALE0728,BUS001,2026-07-22,CUST013,4.0,0.0,₹ 2712,Cash,Completed,0,Standard Sale,,,,,,,,,,,,,,,,,,,,,,,,,,,,,,
PROD005,,,,,,₹ 377,,,,,,,,,Sale,SALE0729,BUS001,2026-07-22,CUST036,6.0,10.0,₹ 2035,Cash,Completed,0,Standard Sale,,,,,,,,,,,,,,,,,,,,,,,,,,,,,,
PROD001,,,,,,₹ 162,,,,,,,,,Sale,SALE0730,BUS001,2026-07-22,CUST033,4.0,0.0,₹ 648,UPI,Completed,0,Standard Sale,,,,,,,,,,,,,,,,,,,,,,,,,,,,,,
PROD005,,,,,,₹ 377,,,,,,,,,Sale,SALE0731,BUS001,2026-07-22,CUST020,15.0,10.0,₹ 5089,UPI,Completed,0,Standard Sale,,,,,,,,,,,,,,,,,,,,,,,,,,,,,,
PROD009,,,,,,₹ 31,,,,,,,,,Sale,SALE0732,BUS001,2026-07-22,CUST009,3.0,0.0,₹ 93,UPI,Completed,0,Standard Sale,,,,,,,,,,,,,,,,,,,,,,,,,,,,,,
PROD006,,,,,,₹ 2106,,,,,,,,,Sale,SALE0733,BUS001,2026-07-22,CUST021,3.0,5.0,₹ 6002,Cash,Completed,0,Standard Sale,,,,,,,,,,,,,,,,,,,,,,,,,,,,,,
PROD006,,,,,,₹ 2106,,,,,,,,,Sale,SALE0734,BUS001,2026-07-22,CUST009,2.0,0.0,₹ 4212,Cash,Completed,0,Standard Sale,,,,,,,,,,,,,,,,,,,,,,,,,,,,,,
PROD010,,,,,,₹ 440,,,,,,,,,Sale,SALE0735,BUS001,2026-07-22,CUST031,3.0,0.0,₹ 1320,Cash,Completed,0,Standard Sale,,,,,,,,,,,,,,,,,,,,,,,,,,,,,,
PROD005,,,,,,₹ 377,,,,,,,,,Sale,SALE0736,BUS001,2026-07-22,CUST003,15.0,10.0,₹ 5089,Credit,Pending,₹ 5089,Standard Sale,,,,,,,,,,,,,,,,,,,,,,,,,,,,,,
PROD001,,,,,,₹ 162,,,,,,,,,Sale,SALE0737,BUS001,2026-07-23,CUST030,8.0,0.0,₹ 1296,Cash,Completed,0,Standard Sale,,,,,,,,,,,,,,,,,,,,,,,,,,,,,,
PROD006,,,,,,₹ 2106,,,,,,,,,Sale,SALE0738,BUS001,2026-07-23,CUST010,1.0,0.0,₹ 2106,Cash,Completed,0,Standard Sale,,,,,,,,,,,,,,,,,,,,,,,,,,,,,,
PROD001,,,,,,₹ 162,,,,,,,,,Sale,SALE0739,BUS001,2026-07-23,CUST029,3.0,0.0,₹ 486,Cash,Completed,0,Standard Sale,,,,,,,,,,,,,,,,,,,,,,,,,,,,,,
PROD009,,,,,,₹ 31,,,,,,,,,Sale,SALE0740,BUS001,2026-07-23,CUST001,3.0,0.0,₹ 93,UPI,Completed,0,Standard Sale,,,,,,,,,,,,,,,,,,,,,,,,,,,,,,
PROD009,,,,,,₹ 31,,,,,,,,,Sale,SALE0741,BUS001,2026-07-23,CUST033,3.0,0.0,₹ 93,Cash,Completed,0,Standard Sale,,,,,,,,,,,,,,,,,,,,,,,,,,,,,,
PROD006,,,,,,₹ 2106,,,,,,,,,Sale,SALE0742,BUS001,2026-07-23,CUST035,3.0,0.0,₹ 6318,Cash,Completed,0,Standard Sale,,,,,,,,,,,,,,,,,,,,,,,,,,,,,,
PROD008,,,,,,₹ 13,,,,,,,,,Sale,SALE0743,BUS001,2026-07-23,CUST022,2.0,0.0,₹ 26,Credit,Pending,₹ 26,Standard Sale,,,,,,,,,,,,,,,,,,,,,,,,,,,,,,
PROD005,,,,,,₹ 377,,,,,,,,,Sale,SALE0744,BUS001,2026-07-23,CUST029,9.0,0.0,₹ 3393,Cash,Completed,0,Standard Sale,,,,,,,,,,,,,,,,,,,,,,,,,,,,,,
PROD004,,,,,,₹ 61,,,,,,,,,Sale,SALE0745,BUS001,2026-07-23,CUST025,9.0,0.0,₹ 549,Cash,Completed,0,Standard Sale,,,,,,,,,,,,,,,,,,,,,,,,,,,,,,
PROD001,,,,,,₹ 162,,,,,,,,,Sale,SALE0746,BUS001,2026-07-23,CUST024,6.0,0.0,₹ 972,UPI,Completed,0,Standard Sale,,,,,,,,,,,,,,,,,,,,,,,,,,,,,,
PROD004,,,,,,₹ 61,,,,,,,,,Sale,SALE0747,BUS001,2026-07-23,CUST021,9.0,0.0,₹ 549,Cash,Completed,0,Standard Sale,,,,,,,,,,,,,,,,,,,,,,,,,,,,,,
PROD007,,,,,,₹ 678,,,,,,,,,Sale,SALE0748,BUS001,2026-07-23,CUST014,2.0,0.0,₹ 1356,UPI,Completed,0,Standard Sale,,,,,,,,,,,,,,,,,,,,,,,,,,,,,,
PROD002,,,,,,₹ 95,,,,,,,,,Sale,SALE0749,BUS001,2026-07-23,CUST003,2.0,5.0,₹ 180,UPI,Completed,0,Standard Sale,,,,,,,,,,,,,,,,,,,,,,,,,,,,,,
PROD003,,,,,,₹ 9,,,,,,,,,Sale,SALE0750,BUS001,2026-07-23,CUST020,38.0,0.0,₹ 342,Credit,Pending,₹ 342,Standard Sale,,,,,,,,,,,,,,,,,,,,,,,,,,,,,,
PROD002,,,,,,₹ 95,,,,,,,,,Sale,SALE0751,BUS001,2026-07-23,CUST014,3.0,0.0,₹ 285,UPI,Completed,0,Standard Sale,,,,,,,,,,,,,,,,,,,,,,,,,,,,,,
PROD006,,,,,,₹ 2106,,,,,,,,,Sale,SALE0752,BUS001,2026-07-23,CUST034,5.0,0.0,₹ 10530,Cash,Completed,0,Standard Sale,,,,,,,,,,,,,,,,,,,,,,,,,,,,,,
PROD005,,,,,,₹ 377,,,,,,,,,Sale,SALE0753,BUS001,2026-07-23,CUST006,15.0,0.0,₹ 5655,Cash,Completed,0,Standard Sale,,,,,,,,,,,,,,,,,,,,,,,,,,,,,,
PROD006,,,,,,₹ 2106,,,,,,,,,Sale,SALE0754,BUS001,2026-07-23,CUST031,3.0,5.0,₹ 6002,UPI,Completed,0,Standard Sale,,,,,,,,,,,,,,,,,,,,,,,,,,,,,,
PROD009,,,,,,₹ 31,,,,,,,,,Sale,SALE0755,BUS001,2026-07-23,CUST040,4.0,0.0,₹ 124,Cash,Completed,0,Standard Sale,,,,,,,,,,,,,,,,,,,,,,,,,,,,,,
PROD008,,,,,,₹ 13,,,,,,,,,Sale,SALE0756,BUS001,2026-07-23,CUST007,9.0,0.0,₹ 117,Cash,Completed,0,Standard Sale,,,,,,,,,,,,,,,,,,,,,,,,,,,,,,
PROD004,,,,,,₹ 61,,,,,,,,,Sale,SALE0757,BUS001,2026-07-23,CUST004,8.0,10.0,₹ 439,UPI,Completed,0,Standard Sale,,,,,,,,,,,,,,,,,,,,,,,,,,,,,,
PROD003,,,,,,₹ 9,,,,,,,,,Sale,SALE0758,BUS001,2026-07-23,CUST014,50.0,0.0,₹ 450,Cash,Completed,0,Standard Sale,,,,,,,,,,,,,,,,,,,,,,,,,,,,,,
PROD012,,,,,,₹ 316,,,,,,,,,Sale,SALE0759,BUS001,2026-07-23,CUST008,1.0,5.0,₹ 300,Cash,Completed,0,Standard Sale,,,,,,,,,,,,,,,,,,,,,,,,,,,,,,
PROD006,,,,,,₹ 2106,,,,,,,,,Sale,SALE0760,BUS001,2026-07-23,CUST039,1.0,0.0,₹ 2106,Credit,Pending,₹ 2106,Standard Sale,,,,,,,,,,,,,,,,,,,,,,,,,,,,,,
PROD002,,,,,,₹ 95,,,,,,,,,Sale,SALE0761,BUS001,2026-07-23,CUST033,4.0,0.0,₹ 380,Cash,Completed,0,Standard Sale,,,,,,,,,,,,,,,,,,,,,,,,,,,,,,
PROD011,,,,,,₹ 199,,,,,,,,,Sale,SALE0762,BUS001,2026-07-23,CUST024,2.0,0.0,₹ 398,Cash,Completed,0,Standard Sale,,,,,,,,,,,,,,,,,,,,,,,,,,,,,,
PROD001,,,,,,₹ 162,,,,,,,,,Sale,SALE0763,BUS001,2026-07-24,CUST005,8.0,0.0,₹ 1296,UPI,Completed,0,Standard Sale,,,,,,,,,,,,,,,,,,,,,,,,,,,,,,
PROD006,,,,,,₹ 2106,,,,,,,,,Sale,SALE0764,BUS001,2026-07-24,CUST038,5.0,0.0,₹ 10530,Cash,Completed,0,Standard Sale,,,,,,,,,,,,,,,,,,,,,,,,,,,,,,
PROD003,,,,,,₹ 9,,,,,,,,,Sale,SALE0765,BUS001,2026-07-24,CUST030,14.0,5.0,₹ 119,UPI,Completed,0,Standard Sale,,,,,,,,,,,,,,,,,,,,,,,,,,,,,,
PROD003,,,,,,₹ 9,,,,,,,,,Sale,SALE0766,BUS001,2026-07-24,CUST036,32.0,0.0,₹ 288,UPI,Completed,0,Standard Sale,,,,,,,,,,,,,,,,,,,,,,,,,,,,,,
PROD004,,,,,,₹ 61,,,,,,,,,Sale,SALE0767,BUS001,2026-07-24,CUST006,9.0,0.0,₹ 549,UPI,Completed,0,Standard Sale,,,,,,,,,,,,,,,,,,,,,,,,,,,,,,
PROD003,,,,,,₹ 9,,,,,,,,,Sale,SALE0768,BUS001,2026-07-24,CUST039,14.0,5.0,₹ 119,Cash,Completed,0,Standard Sale,,,,,,,,,,,,,,,,,,,,,,,,,,,,,,
PROD003,,,,,,₹ 9,,,,,,,,,Sale,SALE0769,BUS001,2026-07-24,CUST034,30.0,0.0,₹ 270,Cash,Completed,0,Standard Sale,,,,,,,,,,,,,,,,,,,,,,,,,,,,,,
PROD003,,,,,,₹ 9,,,,,,,,,Sale,SALE0770,BUS001,2026-07-24,CUST014,38.0,0.0,₹ 342,Cash,Completed,0,Standard Sale,,,,,,,,,,,,,,,,,,,,,,,,,,,,,,
PROD002,,,,,,₹ 95,,,,,,,,,Sale,SALE0771,BUS001,2026-07-24,CUST006,2.0,0.0,₹ 190,Cash,Completed,0,Standard Sale,,,,,,,,,,,,,,,,,,,,,,,,,,,,,,
PROD007,,,,,,₹ 678,,,,,,,,,Sale,SALE0772,BUS001,2026-07-24,CUST024,4.0,10.0,₹ 2440,UPI,Completed,0,Standard Sale,,,,,,,,,,,,,,,,,,,,,,,,,,,,,,
PROD004,,,,,,₹ 61,,,,,,,,,Sale,SALE0773,BUS001,2026-07-24,CUST004,4.0,0.0,₹ 244,UPI,Completed,0,Standard Sale,,,,,,,,,,,,,,,,,,,,,,,,,,,,,,
PROD009,,,,,,₹ 31,,,,,,,,,Sale,SALE0774,BUS001,2026-07-24,CUST033,2.0,0.0,₹ 62,Cash,Completed,0,Standard Sale,,,,,,,,,,,,,,,,,,,,,,,,,,,,,,
PROD008,,,,,,₹ 13,,,,,,,,,Sale,SALE0775,BUS001,2026-07-24,CUST023,4.0,0.0,₹ 52,Cash,Completed,0,Standard Sale,,,,,,,,,,,,,,,,,,,,,,,,,,,,,,
PROD003,,,,,,₹ 9,,,,,,,,,Sale,SALE0776,BUS001,2026-07-24,CUST011,17.0,0.0,₹ 153,UPI,Completed,0,Standard Sale,,,,,,,,,,,,,,,,,,,,,,,,,,,,,,
PROD003,,,,,,₹ 9,,,,,,,,,Sale,SALE0777,BUS001,2026-07-25,CUST028,20.0,0.0,₹ 180,UPI,Completed,0,Standard Sale,,,,,,,,,,,,,,,,,,,,,,,,,,,,,,
PROD003,,,,,,₹ 9,,,,,,,,,Sale,SALE0778,BUS001,2026-07-25,CUST017,11.0,0.0,₹ 99,Cash,Completed,0,Standard Sale,,,,,,,,,,,,,,,,,,,,,,,,,,,,,,
PROD001,,,,,,₹ 162,,,,,,,,,Sale,SALE0779,BUS001,2026-07-25,CUST039,7.0,5.0,₹ 1077,Cash,Completed,0,Standard Sale,,,,,,,,,,,,,,,,,,,,,,,,,,,,,,
PROD006,,,,,,₹ 2106,,,,,,,,,Sale,SALE0780,BUS001,2026-07-25,CUST026,5.0,0.0,₹ 10530,UPI,Completed,0,Standard Sale,,,,,,,,,,,,,,,,,,,,,,,,,,,,,,
PROD006,,,,,,₹ 2106,,,,,,,,,Sale,SALE0781,BUS001,2026-07-25,CUST007,4.0,0.0,₹ 8424,Credit,Pending,₹ 8424,Standard Sale,,,,,,,,,,,,,,,,,,,,,,,,,,,,,,
PROD005,,,,,,₹ 377,,,,,,,,,Sale,SALE0782,BUS001,2026-07-25,CUST040,8.0,0.0,₹ 3016,Cash,Completed,0,Standard Sale,,,,,,,,,,,,,,,,,,,,,,,,,,,,,,
PROD002,,,,,,₹ 95,,,,,,,,,Sale,SALE0783,BUS001,2026-07-25,CUST025,2.0,0.0,₹ 190,Cash,Completed,0,Standard Sale,,,,,,,,,,,,,,,,,,,,,,,,,,,,,,
PROD010,,,,,,₹ 440,,,,,,,,,Sale,SALE0784,BUS001,2026-07-25,CUST024,1.0,5.0,₹ 418,Cash,Completed,0,Standard Sale,,,,,,,,,,,,,,,,,,,,,,,,,,,,,,
PROD003,,,,,,₹ 9,,,,,,,,,Sale,SALE0785,BUS001,2026-07-25,CUST007,37.0,5.0,₹ 316,UPI,Completed,0,Standard Sale,,,,,,,,,,,,,,,,,,,,,,,,,,,,,,
PROD002,,,,,,₹ 95,,,,,,,,,Sale,SALE0786,BUS001,2026-07-25,CUST036,2.0,0.0,₹ 190,Cash,Completed,0,Standard Sale,,,,,,,,,,,,,,,,,,,,,,,,,,,,,,
PROD004,,,,,,₹ 61,,,,,,,,,Sale,SALE0787,BUS001,2026-07-25,CUST029,4.0,0.0,₹ 244,UPI,Completed,0,Standard Sale,,,,,,,,,,,,,,,,,,,,,,,,,,,,,,
PROD003,,,,,,₹ 9,,,,,,,,,Sale,SALE0788,BUS001,2026-07-25,CUST036,14.0,0.0,₹ 126,Credit,Pending,₹ 126,Standard Sale,,,,,,,,,,,,,,,,,,,,,,,,,,,,,,
PROD005,,,,,,₹ 377,,,,,,,,,Sale,SALE0789,BUS001,2026-07-25,CUST030,12.0,0.0,₹ 4524,UPI,Completed,0,Standard Sale,,,,,,,,,,,,,,,,,,,,,,,,,,,,,,
PROD010,,,,,,₹ 440,,,,,,,,,Sale,SALE0790,BUS001,2026-07-25,CUST020,1.0,0.0,₹ 440,UPI,Completed,0,Standard Sale,,,,,,,,,,,,,,,,,,,,,,,,,,,,,,
PROD002,,,,,,₹ 95,,,,,,,,,Sale,SALE0791,BUS001,2026-07-25,CUST013,1.0,0.0,₹ 95,Cash,Completed,0,Standard Sale,,,,,,,,,,,,,,,,,,,,,,,,,,,,,,
PROD010,,,,,,₹ 440,,,,,,,,,Sale,SALE0792,BUS001,2026-07-25,CUST029,5.0,0.0,₹ 2200,Cash,Completed,0,Standard Sale,,,,,,,,,,,,,,,,,,,,,,,,,,,,,,
PROD003,,,,,,₹ 9,,,,,,,,,Sale,SALE0793,BUS001,2026-07-25,CUST021,14.0,0.0,₹ 126,Cash,Completed,0,Standard Sale,,,,,,,,,,,,,,,,,,,,,,,,,,,,,,
PROD011,,,,,,₹ 199,,,,,,,,,Sale,SALE0794,BUS001,2026-07-25,CUST015,3.0,0.0,₹ 597,Cash,Completed,0,Standard Sale,,,,,,,,,,,,,,,,,,,,,,,,,,,,,,
PROD009,,,,,,₹ 31,,,,,,,,,Sale,SALE0795,BUS001,2026-07-25,CUST036,4.0,10.0,₹ 111,UPI,Completed,0,Standard Sale,,,,,,,,,,,,,,,,,,,,,,,,,,,,,,
PROD008,,,,,,₹ 13,,,,,,,,,Sale,SALE0796,BUS001,2026-07-26,CUST012,7.0,0.0,₹ 91,UPI,Completed,0,Standard Sale,,,,,,,,,,,,,,,,,,,,,,,,,,,,,,
PROD006,,,,,,₹ 2106,,,,,,,,,Sale,SALE0797,BUS001,2026-07-26,CUST002,1.0,0.0,₹ 2106,UPI,Completed,0,Standard Sale,,,,,,,,,,,,,,,,,,,,,,,,,,,,,,
PROD010,,,,,,₹ 440,,,,,,,,,Sale,SALE0798,BUS001,2026-07-26,CUST002,5.0,0.0,₹ 2200,UPI,Completed,0,Standard Sale,,,,,,,,,,,,,,,,,,,,,,,,,,,,,,
PROD001,,,,,,₹ 162,,,,,,,,,Sale,SALE0799,BUS001,2026-07-26,CUST018,3.0,0.0,₹ 486,Credit,Pending,₹ 486,Standard Sale,,,,,,,,,,,,,,,,,,,,,,,,,,,,,,
PROD003,,,,,,₹ 9,,,,,,,,,Sale,SALE0800,BUS001,2026-07-26,CUST027,21.0,0.0,₹ 189,UPI,Completed,0,Standard Sale,,,,,,,,,,,,,,,,,,,,,,,,,,,,,,
PROD007,,,,,,₹ 678,,,,,,,,,Sale,SALE0801,BUS001,2026-07-26,CUST030,3.0,0.0,₹ 2034,Cash,Completed,0,Standard Sale,,,,,,,,,,,,,,,,,,,,,,,,,,,,,,
PROD002,,,,,,₹ 95,,,,,,,,,Sale,SALE0802,BUS001,2026-07-26,CUST023,2.0,5.0,₹ 180,UPI,Completed,0,Standard Sale,,,,,,,,,,,,,,,,,,,,,,,,,,,,,,
PROD005,,,,,,₹ 377,,,,,,,,,Sale,SALE0803,BUS001,2026-07-26,CUST001,3.0,0.0,₹ 1131,Cash,Completed,0,Standard Sale,,,,,,,,,,,,,,,,,,,,,,,,,,,,,,
PROD011,,,,,,₹ 199,,,,,,,,,Sale,SALE0804,BUS001,2026-07-26,CUST001,5.0,0.0,₹ 995,Cash,Completed,0,Standard Sale,,,,,,,,,,,,,,,,,,,,,,,,,,,,,,
PROD002,,,,,,₹ 95,,,,,,,,,Sale,SALE0805,BUS001,2026-07-26,CUST040,1.0,0.0,₹ 95,Cash,Completed,0,Standard Sale,,,,,,,,,,,,,,,,,,,,,,,,,,,,,,
PROD003,,,,,,₹ 9,,,,,,,,,Sale,SALE0806,BUS001,2026-07-26,CUST022,19.0,0.0,₹ 171,Cash,Completed,0,Standard Sale,,,,,,,,,,,,,,,,,,,,,,,,,,,,,,
PROD002,,,,,,₹ 95,,,,,,,,,Sale,SALE0807,BUS001,2026-07-26,CUST031,2.0,5.0,₹ 180,Cash,Completed,0,Standard Sale,,,,,,,,,,,,,,,,,,,,,,,,,,,,,,
PROD009,,,,,,₹ 31,,,,,,,,,Sale,SALE0808,BUS001,2026-07-26,CUST030,4.0,5.0,₹ 117,UPI,Completed,0,Standard Sale,,,,,,,,,,,,,,,,,,,,,,,,,,,,,,
PROD002,,,,,,₹ 95,,,,,,,,,Sale,SALE0809,BUS001,2026-07-26,CUST015,3.0,5.0,₹ 270,Cash,Completed,0,Standard Sale,,,,,,,,,,,,,,,,,,,,,,,,,,,,,,
PROD003,,,,,,₹ 9,,,,,,,,,Sale,SALE0810,BUS001,2026-07-26,CUST005,45.0,0.0,₹ 405,UPI,Completed,0,Standard Sale,,,,,,,,,,,,,,,,,,,,,,,,,,,,,,
PROD003,,,,,,₹ 9,,,,,,,,,Sale,SALE0811,BUS001,2026-07-26,CUST025,40.0,0.0,₹ 360,Cash,Completed,0,Standard Sale,,,,,,,,,,,,,,,,,,,,,,,,,,,,,,
PROD004,,,,,,₹ 61,,,,,,,,,Sale,SALE0812,BUS001,2026-07-26,CUST004,10.0,0.0,₹ 610,UPI,Completed,0,Standard Sale,,,,,,,,,,,,,,,,,,,,,,,,,,,,,,
PROD005,,,,,,₹ 377,,,,,,,,,Sale,SALE0813,BUS001,2026-07-26,CUST010,9.0,0.0,₹ 3393,Cash,Completed,0,Standard Sale,,,,,,,,,,,,,,,,,,,,,,,,,,,,,,
PROD001,,,,,,₹ 162,,,,,,,,,Sale,SALE0814,BUS001,2026-07-27,CUST032,6.0,0.0,₹ 972,UPI,Completed,0,Standard Sale,,,,,,,,,,,,,,,,,,,,,,,,,,,,,,
PROD009,,,,,,₹ 31,,,,,,,,,Sale,SALE0815,BUS001,2026-07-27,CUST018,3.0,5.0,₹ 88,Credit,Pending,₹ 88,Standard Sale,,,,,,,,,,,,,,,,,,,,,,,,,,,,,,
PROD008,,,,,,₹ 13,,,,,,,,,Sale,SALE0816,BUS001,2026-07-27,CUST039,8.0,0.0,₹ 104,Credit,Pending,₹ 104,Standard Sale,,,,,,,,,,,,,,,,,,,,,,,,,,,,,,
PROD009,,,,,,₹ 31,,,,,,,,,Sale,SALE0817,BUS001,2026-07-27,CUST023,1.0,0.0,₹ 31,Cash,Completed,0,Standard Sale,,,,,,,,,,,,,,,,,,,,,,,,,,,,,,
PROD005,,,,,,₹ 377,,,,,,,,,Sale,SALE0818,BUS001,2026-07-27,CUST019,12.0,0.0,₹ 4524,UPI,Completed,0,Standard Sale,,,,,,,,,,,,,,,,,,,,,,,,,,,,,,
PROD007,,,,,,₹ 678,,,,,,,,,Sale,SALE0819,BUS001,2026-07-27,CUST017,3.0,0.0,₹ 2034,Credit,Pending,₹ 2034,Standard Sale,,,,,,,,,,,,,,,,,,,,,,,,,,,,,,
PROD005,,,,,,₹ 377,,,,,,,,,Sale,SALE0820,BUS001,2026-07-27,CUST012,8.0,10.0,₹ 2714,UPI,Completed,0,Standard Sale,,,,,,,,,,,,,,,,,,,,,,,,,,,,,,
PROD008,,,,,,₹ 13,,,,,,,,,Sale,SALE0821,BUS001,2026-07-27,CUST017,7.0,0.0,₹ 91,Credit,Pending,₹ 91,Standard Sale,,,,,,,,,,,,,,,,,,,,,,,,,,,,,,
PROD004,,,,,,₹ 61,,,,,,,,,Sale,SALE0822,BUS001,2026-07-27,CUST025,8.0,0.0,₹ 488,Credit,Pending,₹ 488,Standard Sale,,,,,,,,,,,,,,,,,,,,,,,,,,,,,,
PROD007,,,,,,₹ 678,,,,,,,,,Sale,SALE0823,BUS001,2026-07-27,CUST018,2.0,5.0,₹ 1288,UPI,Completed,0,Standard Sale,,,,,,,,,,,,,,,,,,,,,,,,,,,,,,
PROD012,,,,,,₹ 316,,,,,,,,,Sale,SALE0824,BUS001,2026-07-27,CUST008,5.0,0.0,₹ 1580,Credit,Pending,₹ 1580,Standard Sale,,,,,,,,,,,,,,,,,,,,,,,,,,,,,,
PROD008,,,,,,₹ 13,,,,,,,,,Sale,SALE0825,BUS001,2026-07-27,CUST001,2.0,0.0,₹ 26,Cash,Completed,0,Standard Sale,,,,,,,,,,,,,,,,,,,,,,,,,,,,,,
PROD007,,,,,,₹ 678,,,,,,,,,Sale,SALE0826,BUS001,2026-07-27,CUST030,4.0,0.0,₹ 2712,Cash,Completed,0,Standard Sale,,,,,,,,,,,,,,,,,,,,,,,,,,,,,,
PROD006,,,,,,₹ 2106,,,,,,,,,Sale,SALE0827,BUS001,2026-07-27,CUST004,5.0,0.0,₹ 10530,UPI,Completed,0,Standard Sale,,,,,,,,,,,,,,,,,,,,,,,,,,,,,,
PROD002,,,,,,₹ 95,,,,,,,,,Sale,SALE0828,BUS001,2026-07-27,CUST018,3.0,0.0,₹ 285,UPI,Completed,0,Standard Sale,,,,,,,,,,,,,,,,,,,,,,,,,,,,,,
PROD002,,,,,,₹ 95,,,,,,,,,Sale,SALE0829,BUS001,2026-07-27,CUST008,3.0,0.0,₹ 285,Cash,Completed,0,Standard Sale,,,,,,,,,,,,,,,,,,,,,,,,,,,,,,
PROD004,,,,,,₹ 61,,,,,,,,,Sale,SALE0830,BUS001,2026-07-27,CUST016,8.0,0.0,₹ 488,UPI,Completed,0,Standard Sale,,,,,,,,,,,,,,,,,,,,,,,,,,,,,,
PROD004,,,,,,₹ 61,,,,,,,,,Sale,SALE0831,BUS001,2026-07-27,CUST035,8.0,0.0,₹ 488,UPI,Completed,0,Standard Sale,,,,,,,,,,,,,,,,,,,,,,,,,,,,,,
PROD002,,,,,,₹ 95,,,,,,,,,Sale,SALE0832,BUS001,2026-07-27,CUST028,1.0,0.0,₹ 95,Cash,Completed,0,Standard Sale,,,,,,,,,,,,,,,,,,,,,,,,,,,,,,
PROD011,,,,,,₹ 199,,,,,,,,,Sale,SALE0833,BUS001,2026-07-27,CUST018,1.0,5.0,₹ 189,Cash,Completed,0,Standard Sale,,,,,,,,,,,,,,,,,,,,,,,,,,,,,,
PROD001,,,,,,₹ 162,,,,,,,,,Sale,SALE0834,BUS001,2026-07-27,CUST033,9.0,0.0,₹ 1458,Cash,Completed,0,Standard Sale,,,,,,,,,,,,,,,,,,,,,,,,,,,,,,
PROD003,,,,,,₹ 9,,,,,,,,,Sale,SALE0835,BUS001,2026-07-28,CUST014,11.0,0.0,₹ 99,Cash,Completed,0,Standard Sale,,,,,,,,,,,,,,,,,,,,,,,,,,,,,,
PROD002,,,,,,₹ 95,,,,,,,,,Sale,SALE0836,BUS001,2026-07-28,CUST018,3.0,10.0,₹ 256,Credit,Pending,₹ 256,Standard Sale,,,,,,,,,,,,,,,,,,,,,,,,,,,,,,
PROD012,,,,,,₹ 316,,,,,,,,,Sale,SALE0837,BUS001,2026-07-28,CUST007,4.0,5.0,₹ 1200,Cash,Completed,0,Standard Sale,,,,,,,,,,,,,,,,,,,,,,,,,,,,,,
PROD008,,,,,,₹ 13,,,,,,,,,Sale,SALE0838,BUS001,2026-07-28,CUST035,10.0,0.0,₹ 130,Credit,Pending,₹ 130,Standard Sale,,,,,,,,,,,,,,,,,,,,,,,,,,,,,,
PROD003,,,,,,₹ 9,,,,,,,,,Sale,SALE0839,BUS001,2026-07-29,CUST022,47.0,0.0,₹ 423,UPI,Completed,0,Standard Sale,,,,,,,,,,,,,,,,,,,,,,,,,,,,,,
PROD012,,,,,,₹ 316,,,,,,,,,Sale,SALE0840,BUS001,2026-07-29,CUST038,1.0,0.0,₹ 316,UPI,Completed,0,Standard Sale,,,,,,,,,,,,,,,,,,,,,,,,,,,,,,
PROD005,,,,,,₹ 377,,,,,,,,,Sale,SALE0841,BUS001,2026-07-29,CUST036,10.0,0.0,₹ 3770,Cash,Completed,0,Standard Sale,,,,,,,,,,,,,,,,,,,,,,,,,,,,,,
PROD003,,,,,,₹ 9,,,,,,,,,Sale,SALE0842,BUS001,2026-07-29,CUST023,47.0,0.0,₹ 423,UPI,Completed,0,Standard Sale,,,,,,,,,,,,,,,,,,,,,,,,,,,,,,
PROD008,,,,,,₹ 13,,,,,,,,,Sale,SALE0843,BUS001,2026-07-29,CUST013,3.0,0.0,₹ 39,Cash,Completed,0,Standard Sale,,,,,,,,,,,,,,,,,,,,,,,,,,,,,,
PROD003,,,,,,₹ 9,,,,,,,,,Sale,SALE0844,BUS001,2026-07-29,CUST022,29.0,0.0,₹ 261,Credit,Pending,₹ 261,Standard Sale,,,,,,,,,,,,,,,,,,,,,,,,,,,,,,
PROD007,,,,,,₹ 678,,,,,,,,,Sale,SALE0845,BUS001,2026-07-29,CUST011,5.0,0.0,₹ 3390,UPI,Completed,0,Standard Sale,,,,,,,,,,,,,,,,,,,,,,,,,,,,,,
PROD009,,,,,,₹ 31,,,,,,,,,Sale,SALE0846,BUS001,2026-07-29,CUST005,5.0,5.0,₹ 147,Cash,Completed,0,Standard Sale,,,,,,,,,,,,,,,,,,,,,,,,,,,,,,
PROD011,,,,,,₹ 199,,,,,,,,,Sale,SALE0847,BUS001,2026-07-29,CUST013,1.0,10.0,₹ 179,UPI,Completed,0,Standard Sale,,,,,,,,,,,,,,,,,,,,,,,,,,,,,,
PROD004,,,,,,₹ 61,,,,,,,,,Sale,SALE0848,BUS001,2026-07-29,CUST020,2.0,0.0,₹ 122,Cash,Completed,0,Standard Sale,,,,,,,,,,,,,,,,,,,,,,,,,,,,,,
PROD012,,,,,,₹ 316,,,,,,,,,Sale,SALE0849,BUS001,2026-07-29,CUST036,1.0,0.0,₹ 316,Cash,Completed,0,Standard Sale,,,,,,,,,,,,,,,,,,,,,,,,,,,,,,
PROD001,,,,,,₹ 162,,,,,,,,,Sale,SALE0850,BUS001,2026-07-29,CUST001,2.0,0.0,₹ 324,Cash,Completed,0,Standard Sale,,,,,,,,,,,,,,,,,,,,,,,,,,,,,,
PROD005,,,,,,₹ 377,,,,,,,,,Sale,SALE0851,BUS001,2026-07-29,CUST019,11.0,0.0,₹ 4147,Cash,Completed,0,Standard Sale,,,,,,,,,,,,,,,,,,,,,,,,,,,,,,
PROD003,,,,,,₹ 9,,,,,,,,,Sale,SALE0852,BUS001,2026-07-29,CUST023,35.0,0.0,₹ 315,UPI,Completed,0,Standard Sale,,,,,,,,,,,,,,,,,,,,,,,,,,,,,,
PROD005,,,,,,₹ 377,,,,,,,,,Sale,SALE0853,BUS001,2026-07-29,CUST023,9.0,0.0,₹ 3393,Credit,Pending,₹ 3393,Standard Sale,,,,,,,,,,,,,,,,,,,,,,,,,,,,,,
PROD006,,,,,,₹ 2106,,,,,,,,,Sale,SALE0854,BUS001,2026-07-30,CUST017,1.0,0.0,₹ 2106,Cash,Completed,0,Standard Sale,,,,,,,,,,,,,,,,,,,,,,,,,,,,,,
PROD004,,,,,,₹ 61,,,,,,,,,Sale,SALE0855,BUS001,2026-07-30,CUST014,9.0,0.0,₹ 549,Cash,Completed,0,Standard Sale,,,,,,,,,,,,,,,,,,,,,,,,,,,,,,
PROD010,,,,,,₹ 440,,,,,,,,,Sale,SALE0856,BUS001,2026-07-30,CUST032,1.0,10.0,₹ 396,Cash,Completed,0,Standard Sale,,,,,,,,,,,,,,,,,,,,,,,,,,,,,,
PROD003,,,,,,₹ 9,,,,,,,,,Sale,SALE0857,BUS001,2026-07-30,CUST014,20.0,0.0,₹ 180,Cash,Completed,0,Standard Sale,,,,,,,,,,,,,,,,,,,,,,,,,,,,,,
PROD004,,,,,,₹ 61,,,,,,,,,Sale,SALE0858,BUS001,2026-07-30,CUST007,5.0,0.0,₹ 305,Cash,Completed,0,Standard Sale,,,,,,,,,,,,,,,,,,,,,,,,,,,,,,
PROD003,,,,,,₹ 9,,,,,,,,,Sale,SALE0859,BUS001,2026-07-30,CUST029,20.0,0.0,₹ 180,Credit,Pending,₹ 180,Standard Sale,,,,,,,,,,,,,,,,,,,,,,,,,,,,,,
PROD008,,,,,,₹ 13,,,,,,,,,Sale,SALE0860,BUS001,2026-07-30,CUST034,2.0,0.0,₹ 26,Cash,Completed,0,Standard Sale,,,,,,,,,,,,,,,,,,,,,,,,,,,,,,
PROD004,,,,,,₹ 61,,,,,,,,,Sale,SALE0861,BUS001,2026-07-30,CUST001,6.0,0.0,₹ 366,Cash,Completed,0,Standard Sale,,,,,,,,,,,,,,,,,,,,,,,,,,,,,,
PROD005,,,,,,₹ 377,,,,,,,,,Sale,SALE0862,BUS001,2026-07-30,CUST012,13.0,0.0,₹ 4901,Cash,Completed,0,Standard Sale,,,,,,,,,,,,,,,,,,,,,,,,,,,,,,
PROD008,,,,,,₹ 13,,,,,,,,,Sale,SALE0863,BUS001,2026-07-30,CUST036,7.0,0.0,₹ 91,UPI,Completed,0,Standard Sale,,,,,,,,,,,,,,,,,,,,,,,,,,,,,,
PROD007,,,,,,₹ 678,,,,,,,,,Sale,SALE0864,BUS001,2026-07-30,CUST011,3.0,0.0,₹ 2034,UPI,Completed,0,Standard Sale,,,,,,,,,,,,,,,,,,,,,,,,,,,,,,
PROD004,,,,,,₹ 61,,,,,,,,,Sale,SALE0865,BUS001,2026-07-30,CUST019,6.0,0.0,₹ 366,Cash,Completed,0,Standard Sale,,,,,,,,,,,,,,,,,,,,,,,,,,,,,,
PROD010,,,,,,₹ 440,,,,,,,,,Sale,SALE0866,BUS001,2026-07-30,CUST032,1.0,0.0,₹ 440,UPI,Completed,0,Standard Sale,,,,,,,,,,,,,,,,,,,,,,,,,,,,,,
PROD001,,,,,,₹ 162,,,,,,,,,Sale,SALE0867,BUS001,2026-07-30,CUST005,2.0,0.0,₹ 324,UPI,Completed,0,Standard Sale,,,,,,,,,,,,,,,,,,,,,,,,,,,,,,
PROD001,,,,,,₹ 162,,,,,,,,,Sale,SALE0868,BUS001,2026-07-30,CUST017,5.0,0.0,₹ 810,Cash,Completed,0,Standard Sale,,,,,,,,,,,,,,,,,,,,,,,,,,,,,,
PROD001,,,,,,₹ 162,,,,,,,,,Sale,SALE0869,BUS001,2026-07-30,CUST024,8.0,0.0,₹ 1296,Cash,Completed,0,Standard Sale,,,,,,,,,,,,,,,,,,,,,,,,,,,,,,
PROD007,,,,,,₹ 678,,,,,,,,,Sale,SALE0870,BUS001,2026-07-30,CUST004,4.0,0.0,₹ 2712,UPI,Completed,0,Standard Sale,,,,,,,,,,,,,,,,,,,,,,,,,,,,,,
PROD003,,,,,,₹ 9,,,,,,,,,Sale,SALE0871,BUS001,2026-07-30,CUST014,40.0,0.0,₹ 360,UPI,Completed,0,Standard Sale,,,,,,,,,,,,,,,,,,,,,,,,,,,,,,
PROD004,,,,,,₹ 61,,,,,,,,,Sale,SALE0872,BUS001,2026-07-30,CUST032,4.0,10.0,₹ 219,Cash,Completed,0,Standard Sale,,,,,,,,,,,,,,,,,,,,,,,,,,,,,,
PROD006,,,,,,₹ 2106,,,,,,,,,Sale,SALE0873,BUS001,2026-07-31,CUST010,5.0,0.0,₹ 10530,Cash,Completed,0,Standard Sale,,,,,,,,,,,,,,,,,,,,,,,,,,,,,,
PROD011,,,,,,₹ 199,,,,,,,,,Sale,SALE0874,BUS001,2026-07-31,CUST014,3.0,0.0,₹ 597,Cash,Completed,0,Standard Sale,,,,,,,,,,,,,,,,,,,,,,,,,,,,,,
PROD005,,,,,,₹ 377,,,,,,,,,Sale,SALE0875,BUS001,2026-07-31,CUST012,5.0,0.0,₹ 1885,UPI,Completed,0,Standard Sale,,,,,,,,,,,,,,,,,,,,,,,,,,,,,,
PROD001,,,,,,₹ 162,,,,,,,,,Sale,SALE0876,BUS001,2026-08-01,CUST001,5.0,0.0,₹ 810,UPI,Completed,0,Standard Sale,,,,,,,,,,,,,,,,,,,,,,,,,,,,,,
PROD006,,,,,,₹ 2106,,,,,,,,,Sale,SALE0877,BUS001,2026-08-01,CUST032,5.0,0.0,₹ 10530,UPI,Completed,0,Standard Sale,,,,,,,,,,,,,,,,,,,,,,,,,,,,,,
PROD006,,,,,,₹ 2106,,,,,,,,,Sale,SALE0878,BUS001,2026-08-01,CUST007,1.0,0.0,₹ 2106,UPI,Completed,0,Standard Sale,,,,,,,,,,,,,,,,,,,,,,,,,,,,,,
PROD009,,,,,,₹ 31,,,,,,,,,Sale,SALE0879,BUS001,2026-08-01,CUST031,1.0,5.0,₹ 29,Cash,Completed,0,Standard Sale,,,,,,,,,,,,,,,,,,,,,,,,,,,,,,
PROD007,,,,,,₹ 678,,,,,,,,,Sale,SALE0880,BUS001,2026-08-01,CUST027,5.0,0.0,₹ 3390,Cash,Completed,0,Standard Sale,,,,,,,,,,,,,,,,,,,,,,,,,,,,,,
PROD008,,,,,,₹ 13,,,,,,,,,Sale,SALE0881,BUS001,2026-08-01,CUST006,10.0,5.0,₹ 123,Cash,Completed,0,Standard Sale,,,,,,,,,,,,,,,,,,,,,,,,,,,,,,
PROD001,,,,,,₹ 162,,,,,,,,,Sale,SALE0882,BUS001,2026-08-01,CUST015,8.0,0.0,₹ 1296,Cash,Completed,0,Standard Sale,,,,,,,,,,,,,,,,,,,,,,,,,,,,,,
PROD005,,,,,,₹ 377,,,,,,,,,Sale,SALE0883,BUS001,2026-08-01,CUST004,4.0,0.0,₹ 1508,Cash,Completed,0,Standard Sale,,,,,,,,,,,,,,,,,,,,,,,,,,,,,,
PROD007,,,,,,₹ 678,,,,,,,,,Sale,SALE0884,BUS001,2026-08-01,CUST040,1.0,0.0,₹ 678,Cash,Completed,0,Standard Sale,,,,,,,,,,,,,,,,,,,,,,,,,,,,,,
PROD005,,,,,,₹ 377,,,,,,,,,Sale,SALE0885,BUS001,2026-08-01,CUST007,14.0,0.0,₹ 5278,UPI,Completed,0,Standard Sale,,,,,,,,,,,,,,,,,,,,,,,,,,,,,,
PROD010,,,,,,₹ 440,,,,,,,,,Sale,SALE0886,BUS001,2026-08-01,CUST028,1.0,0.0,₹ 440,Credit,Pending,₹ 440,Standard Sale,,,,,,,,,,,,,,,,,,,,,,,,,,,,,,
PROD009,,,,,,₹ 31,,,,,,,,,Sale,SALE0887,BUS001,2026-08-01,CUST020,2.0,10.0,₹ 55,Cash,Completed,0,Standard Sale,,,,,,,,,,,,,,,,,,,,,,,,,,,,,,
PROD001,,,,,,₹ 162,,,,,,,,,Sale,SALE0888,BUS001,2026-08-01,CUST005,8.0,0.0,₹ 1296,Cash,Completed,0,Standard Sale,,,,,,,,,,,,,,,,,,,,,,,,,,,,,,
PROD008,,,,,,₹ 13,,,,,,,,,Sale,SALE0889,BUS001,2026-08-01,CUST004,7.0,0.0,₹ 91,Cash,Completed,0,Standard Sale,,,,,,,,,,,,,,,,,,,,,,,,,,,,,,
PROD008,,,,,,₹ 13,,,,,,,,,Sale,SALE0890,BUS001,2026-08-01,CUST011,7.0,0.0,₹ 91,UPI,Completed,0,Standard Sale,,,,,,,,,,,,,,,,,,,,,,,,,,,,,,
PROD009,,,,,,₹ 31,,,,,,,,,Sale,SALE0891,BUS001,2026-08-02,CUST012,4.0,0.0,₹ 124,Cash,Completed,0,Standard Sale,,,,,,,,,,,,,,,,,,,,,,,,,,,,,,
PROD004,,,,,,₹ 61,,,,,,,,,Sale,SALE0892,BUS001,2026-08-02,CUST010,8.0,0.0,₹ 488,UPI,Completed,0,Standard Sale,,,,,,,,,,,,,,,,,,,,,,,,,,,,,,
PROD007,,,,,,₹ 678,,,,,,,,,Sale,SALE0893,BUS001,2026-08-02,CUST027,3.0,0.0,₹ 2034,Cash,Completed,0,Standard Sale,,,,,,,,,,,,,,,,,,,,,,,,,,,,,,
PROD004,,,,,,₹ 61,,,,,,,,,Sale,SALE0894,BUS001,2026-08-02,CUST021,4.0,0.0,₹ 244,Cash,Completed,0,Standard Sale,,,,,,,,,,,,,,,,,,,,,,,,,,,,,,
PROD004,,,,,,₹ 61,,,,,,,,,Sale,SALE0895,BUS001,2026-08-02,CUST040,8.0,0.0,₹ 488,Cash,Completed,0,Standard Sale,,,,,,,,,,,,,,,,,,,,,,,,,,,,,,
PROD004,,,,,,₹ 61,,,,,,,,,Sale,SALE0896,BUS001,2026-08-02,CUST018,6.0,0.0,₹ 366,Cash,Completed,0,Standard Sale,,,,,,,,,,,,,,,,,,,,,,,,,,,,,,
PROD007,,,,,,₹ 678,,,,,,,,,Sale,SALE0897,BUS001,2026-08-02,CUST022,1.0,0.0,₹ 678,UPI,Completed,0,Standard Sale,,,,,,,,,,,,,,,,,,,,,,,,,,,,,,
PROD007,,,,,,₹ 678,,,,,,,,,Sale,SALE0898,BUS001,2026-08-02,CUST003,1.0,0.0,₹ 678,Cash,Completed,0,Standard Sale,,,,,,,,,,,,,,,,,,,,,,,,,,,,,,
PROD010,,,,,,₹ 440,,,,,,,,,Sale,SALE0899,BUS001,2026-08-02,CUST017,4.0,0.0,₹ 1760,Cash,Completed,0,Standard Sale,,,,,,,,,,,,,,,,,,,,,,,,,,,,,,
PROD004,,,,,,₹ 61,,,,,,,,,Sale,SALE0900,BUS001,2026-08-02,CUST010,7.0,0.0,₹ 427,Cash,Completed,0,Standard Sale,,,,,,,,,,,,,,,,,,,,,,,,,,,,,,
PROD008,,,,,,₹ 13,,,,,,,,,Sale,SALE0901,BUS001,2026-08-03,CUST019,6.0,0.0,₹ 78,Cash,Completed,0,Standard Sale,,,,,,,,,,,,,,,,,,,,,,,,,,,,,,
PROD005,,,,,,₹ 377,,,,,,,,,Sale,SALE0902,BUS001,2026-08-03,CUST030,10.0,0.0,₹ 3770,UPI,Completed,0,Standard Sale,,,,,,,,,,,,,,,,,,,,,,,,,,,,,,
PROD001,,,,,,₹ 162,,,,,,,,,Sale,SALE0903,BUS001,2026-08-03,CUST001,3.0,0.0,₹ 486,UPI,Completed,0,Standard Sale,,,,,,,,,,,,,,,,,,,,,,,,,,,,,,
PROD008,,,,,,₹ 13,,,,,,,,,Sale,SALE0904,BUS001,2026-08-03,CUST029,3.0,0.0,₹ 39,Cash,Completed,0,Standard Sale,,,,,,,,,,,,,,,,,,,,,,,,,,,,,,
PROD003,,,,,,₹ 9,,,,,,,,,Sale,SALE0905,BUS001,2026-08-03,CUST016,34.0,10.0,₹ 275,Cash,Completed,0,Standard Sale,,,,,,,,,,,,,,,,,,,,,,,,,,,,,,
PROD006,,,,,,₹ 2106,,,,,,,,,Sale,SALE0906,BUS001,2026-08-03,CUST012,4.0,0.0,₹ 8424,UPI,Completed,0,Standard Sale,,,,,,,,,,,,,,,,,,,,,,,,,,,,,,
PROD006,,,,,,₹ 2106,,,,,,,,,Sale,SALE0907,BUS001,2026-08-03,CUST030,5.0,0.0,₹ 10530,Cash,Completed,0,Standard Sale,,,,,,,,,,,,,,,,,,,,,,,,,,,,,,
PROD008,,,,,,₹ 13,,,,,,,,,Sale,SALE0908,BUS001,2026-08-03,CUST030,5.0,5.0,₹ 61,Cash,Completed,0,Standard Sale,,,,,,,,,,,,,,,,,,,,,,,,,,,,,,
PROD007,,,,,,₹ 678,,,,,,,,,Sale,SALE0909,BUS001,2026-08-03,CUST016,4.0,10.0,₹ 2440,Cash,Completed,0,Standard Sale,,,,,,,,,,,,,,,,,,,,,,,,,,,,,,
PROD006,,,,,,₹ 2106,,,,,,,,,Sale,SALE0910,BUS001,2026-08-03,CUST036,4.0,10.0,₹ 7581,UPI,Completed,0,Standard Sale,,,,,,,,,,,,,,,,,,,,,,,,,,,,,,
PROD004,,,,,,₹ 61,,,,,,,,,Sale,SALE0911,BUS001,2026-08-03,CUST026,7.0,0.0,₹ 427,Cash,Completed,0,Standard Sale,,,,,,,,,,,,,,,,,,,,,,,,,,,,,,
PROD004,,,,,,₹ 61,,,,,,,,,Sale,SALE0912,BUS001,2026-08-03,CUST004,2.0,0.0,₹ 122,Cash,Completed,0,Standard Sale,,,,,,,,,,,,,,,,,,,,,,,,,,,,,,
PROD007,,,,,,₹ 678,,,,,,,,,Sale,SALE0913,BUS001,2026-08-03,CUST033,4.0,0.0,₹ 2712,UPI,Completed,0,Standard Sale,,,,,,,,,,,,,,,,,,,,,,,,,,,,,,
PROD001,,,,,,₹ 162,,,,,,,,,Sale,SALE0914,BUS001,2026-08-03,CUST029,4.0,0.0,₹ 648,Cash,Completed,0,Standard Sale,,,,,,,,,,,,,,,,,,,,,,,,,,,,,,
PROD004,,,,,,₹ 61,,,,,,,,,Sale,SALE0915,BUS001,2026-08-04,CUST009,2.0,0.0,₹ 122,UPI,Completed,0,Standard Sale,,,,,,,,,,,,,,,,,,,,,,,,,,,,,,
PROD004,,,,,,₹ 61,,,,,,,,,Sale,SALE0916,BUS001,2026-08-04,CUST028,2.0,10.0,₹ 109,UPI,Completed,0,Standard Sale,,,,,,,,,,,,,,,,,,,,,,,,,,,,,,
PROD001,,,,,,₹ 162,,,,,,,,,Sale,SALE0917,BUS001,2026-08-04,CUST011,7.0,0.0,₹ 1134,Cash,Completed,0,Standard Sale,,,,,,,,,,,,,,,,,,,,,,,,,,,,,,
PROD003,,,,,,₹ 9,,,,,,,,,Sale,SALE0918,BUS001,2026-08-04,CUST040,42.0,10.0,₹ 340,Cash,Completed,0,Standard Sale,,,,,,,,,,,,,,,,,,,,,,,,,,,,,,
PROD001,,,,,,₹ 162,,,,,,,,,Sale,SALE0919,BUS001,2026-08-04,CUST033,3.0,0.0,₹ 486,UPI,Completed,0,Standard Sale,,,,,,,,,,,,,,,,,,,,,,,,,,,,,,
PROD008,,,,,,₹ 13,,,,,,,,,Sale,SALE0920,BUS001,2026-08-04,CUST021,4.0,0.0,₹ 52,UPI,Completed,0,Standard Sale,,,,,,,,,,,,,,,,,,,,,,,,,,,,,,
PROD003,,,,,,₹ 9,,,,,,,,,Sale,SALE0921,BUS001,2026-08-04,CUST004,31.0,0.0,₹ 279,UPI,Completed,0,Standard Sale,,,,,,,,,,,,,,,,,,,,,,,,,,,,,,
PROD005,,,,,,₹ 377,,,,,,,,,Sale,SALE0922,BUS001,2026-08-04,CUST025,3.0,0.0,₹ 1131,Cash,Completed,0,Standard Sale,,,,,,,,,,,,,,,,,,,,,,,,,,,,,,
PROD005,,,,,,₹ 377,,,,,,,,,Sale,SALE0923,BUS001,2026-08-04,CUST020,8.0,0.0,₹ 3016,Cash,Completed,0,Standard Sale,,,,,,,,,,,,,,,,,,,,,,,,,,,,,,
PROD008,,,,,,₹ 13,,,,,,,,,Sale,SALE0924,BUS001,2026-08-04,CUST039,3.0,0.0,₹ 39,Cash,Completed,0,Standard Sale,,,,,,,,,,,,,,,,,,,,,,,,,,,,,,
PROD003,,,,,,₹ 9,,,,,,,,,Sale,SALE0925,BUS001,2026-08-04,CUST011,38.0,0.0,₹ 342,Cash,Completed,0,Standard Sale,,,,,,,,,,,,,,,,,,,,,,,,,,,,,,
PROD003,,,,,,₹ 9,,,,,,,,,Sale,SALE0926,BUS001,2026-08-04,CUST022,23.0,0.0,₹ 207,Cash,Completed,0,Standard Sale,,,,,,,,,,,,,,,,,,,,,,,,,,,,,,
PROD002,,,,,,₹ 95,,,,,,,,,Sale,SALE0927,BUS001,2026-08-04,CUST005,5.0,0.0,₹ 475,Cash,Completed,0,Standard Sale,,,,,,,,,,,,,,,,,,,,,,,,,,,,,,
PROD004,,,,,,₹ 61,,,,,,,,,Sale,SALE0928,BUS001,2026-08-04,CUST015,3.0,0.0,₹ 183,Cash,Completed,0,Standard Sale,,,,,,,,,,,,,,,,,,,,,,,,,,,,,,
PROD009,,,,,,₹ 31,,,,,,,,,Sale,SALE0929,BUS001,2026-08-04,CUST023,2.0,0.0,₹ 62,Cash,Completed,0,Standard Sale,,,,,,,,,,,,,,,,,,,,,,,,,,,,,,
PROD008,,,,,,₹ 13,,,,,,,,,Sale,SALE0930,BUS001,2026-08-04,CUST026,10.0,10.0,₹ 117,Cash,Completed,0,Standard Sale,,,,,,,,,,,,,,,,,,,,,,,,,,,,,,
PROD008,,,,,,₹ 13,,,,,,,,,Sale,SALE0931,BUS001,2026-08-04,CUST035,5.0,0.0,₹ 65,UPI,Completed,0,Standard Sale,,,,,,,,,,,,,,,,,,,,,,,,,,,,,,
PROD003,,,,,,₹ 9,,,,,,,,,Sale,SALE0932,BUS001,2026-08-05,CUST015,48.0,0.0,₹ 432,Cash,Completed,0,Standard Sale,,,,,,,,,,,,,,,,,,,,,,,,,,,,,,
PROD001,,,,,,₹ 162,,,,,,,,,Sale,SALE0933,BUS001,2026-08-05,CUST006,4.0,0.0,₹ 648,UPI,Completed,0,Standard Sale,,,,,,,,,,,,,,,,,,,,,,,,,,,,,,
PROD005,,,,,,₹ 377,,,,,,,,,Sale,SALE0934,BUS001,2026-08-05,CUST023,7.0,0.0,₹ 2639,Cash,Completed,0,Standard Sale,,,,,,,,,,,,,,,,,,,,,,,,,,,,,,
PROD009,,,,,,₹ 31,,,,,,,,,Sale,SALE0935,BUS001,2026-08-05,CUST015,5.0,0.0,₹ 155,Cash,Completed,0,Standard Sale,,,,,,,,,,,,,,,,,,,,,,,,,,,,,,
PROD004,,,,,,₹ 61,,,,,,,,,Sale,SALE0936,BUS001,2026-08-05,CUST009,9.0,10.0,₹ 494,Cash,Completed,0,Standard Sale,,,,,,,,,,,,,,,,,,,,,,,,,,,,,,
PROD004,,,,,,₹ 61,,,,,,,,,Sale,SALE0937,BUS001,2026-08-05,CUST024,10.0,5.0,₹ 579,Cash,Completed,0,Standard Sale,,,,,,,,,,,,,,,,,,,,,,,,,,,,,,
PROD011,,,,,,₹ 199,,,,,,,,,Sale,SALE0938,BUS001,2026-08-05,CUST016,1.0,0.0,₹ 199,Cash,Completed,0,Standard Sale,,,,,,,,,,,,,,,,,,,,,,,,,,,,,,
PROD003,,,,,,₹ 9,,,,,,,,,Sale,SALE0939,BUS001,2026-08-05,CUST015,41.0,0.0,₹ 369,Cash,Completed,0,Standard Sale,,,,,,,,,,,,,,,,,,,,,,,,,,,,,,
PROD002,,,,,,₹ 95,,,,,,,,,Sale,SALE0940,BUS001,2026-08-05,CUST032,5.0,5.0,₹ 451,UPI,Completed,0,Standard Sale,,,,,,,,,,,,,,,,,,,,,,,,,,,,,,
PROD005,,,,,,₹ 377,,,,,,,,,Sale,SALE0941,BUS001,2026-08-05,CUST013,15.0,10.0,₹ 5089,Credit,Pending,₹ 5089,Standard Sale,,,,,,,,,,,,,,,,,,,,,,,,,,,,,,
PROD005,,,,,,₹ 377,,,,,,,,,Sale,SALE0942,BUS001,2026-08-05,CUST015,7.0,0.0,₹ 2639,Cash,Completed,0,Standard Sale,,,,,,,,,,,,,,,,,,,,,,,,,,,,,,
PROD009,,,,,,₹ 31,,,,,,,,,Sale,SALE0943,BUS001,2026-08-05,CUST034,4.0,0.0,₹ 124,Cash,Completed,0,Standard Sale,,,,,,,,,,,,,,,,,,,,,,,,,,,,,,
PROD007,,,,,,₹ 678,,,,,,,,,Sale,SALE0944,BUS001,2026-08-05,CUST007,5.0,10.0,₹ 3051,Cash,Completed,0,Standard Sale,,,,,,,,,,,,,,,,,,,,,,,,,,,,,,
PROD008,,,,,,₹ 13,,,,,,,,,Sale,SALE0945,BUS001,2026-08-05,CUST018,7.0,0.0,₹ 91,Cash,Completed,0,Standard Sale,,,,,,,,,,,,,,,,,,,,,,,,,,,,,,
PROD006,,,,,,₹ 2106,,,,,,,,,Sale,SALE0946,BUS001,2026-08-05,CUST021,5.0,0.0,₹ 10530,Cash,Completed,0,Standard Sale,,,,,,,,,,,,,,,,,,,,,,,,,,,,,,
PROD004,,,,,,₹ 61,,,,,,,,,Sale,SALE0947,BUS001,2026-08-05,CUST033,5.0,0.0,₹ 305,Cash,Completed,0,Standard Sale,,,,,,,,,,,,,,,,,,,,,,,,,,,,,,
PROD008,,,,,,₹ 13,,,,,,,,,Sale,SALE0948,BUS001,2026-08-05,CUST031,9.0,0.0,₹ 117,Credit,Pending,₹ 117,Standard Sale,,,,,,,,,,,,,,,,,,,,,,,,,,,,,,
PROD006,,,,,,₹ 2106,,,,,,,,,Sale,SALE0949,BUS001,2026-08-05,CUST015,5.0,0.0,₹ 10530,Credit,Pending,₹ 10530,Standard Sale,,,,,,,,,,,,,,,,,,,,,,,,,,,,,,
PROD009,,,,,,₹ 31,,,,,,,,,Sale,SALE0950,BUS001,2026-08-05,CUST036,4.0,0.0,₹ 124,UPI,Completed,0,Standard Sale,,,,,,,,,,,,,,,,,,,,,,,,,,,,,,
PROD012,,,,,,₹ 316,,,,,,,,,Sale,SALE0951,BUS001,2026-08-05,CUST030,3.0,0.0,₹ 948,Cash,Completed,0,Standard Sale,,,,,,,,,,,,,,,,,,,,,,,,,,,,,,
PROD002,,,,,,₹ 95,,,,,,,,,Sale,SALE0952,BUS001,2026-08-05,CUST023,3.0,0.0,₹ 285,UPI,Completed,0,Standard Sale,,,,,,,,,,,,,,,,,,,,,,,,,,,,,,
PROD011,,,,,,₹ 199,,,,,,,,,Sale,SALE0953,BUS001,2026-08-05,CUST020,1.0,0.0,₹ 199,Cash,Completed,0,Standard Sale,,,,,,,,,,,,,,,,,,,,,,,,,,,,,,
PROD007,,,,,,₹ 678,,,,,,,,,Sale,SALE0954,BUS001,2026-08-06,CUST001,3.0,10.0,₹ 1830,Cash,Completed,0,Standard Sale,,,,,,,,,,,,,,,,,,,,,,,,,,,,,,
PROD006,,,,,,₹ 2106,,,,,,,,,Sale,SALE0955,BUS001,2026-08-06,CUST036,4.0,0.0,₹ 8424,Cash,Completed,0,Standard Sale,,,,,,,,,,,,,,,,,,,,,,,,,,,,,,
PROD005,,,,,,₹ 377,,,,,,,,,Sale,SALE0956,BUS001,2026-08-06,CUST037,13.0,5.0,₹ 4655,UPI,Completed,0,Standard Sale,,,,,,,,,,,,,,,,,,,,,,,,,,,,,,
PROD004,,,,,,₹ 61,,,,,,,,,Sale,SALE0957,BUS001,2026-08-06,CUST030,6.0,0.0,₹ 366,Cash,Completed,0,Standard Sale,,,,,,,,,,,,,,,,,,,,,,,,,,,,,,
PROD005,,,,,,₹ 377,,,,,,,,,Sale,SALE0958,BUS001,2026-08-06,CUST028,5.0,0.0,₹ 1885,UPI,Completed,0,Standard Sale,,,,,,,,,,,,,,,,,,,,,,,,,,,,,,
PROD001,,,,,,₹ 162,,,,,,,,,Sale,SALE0959,BUS001,2026-08-06,CUST033,7.0,0.0,₹ 1134,Cash,Completed,0,Standard Sale,,,,,,,,,,,,,,,,,,,,,,,,,,,,,,
PROD006,,,,,,₹ 2106,,,,,,,,,Sale,SALE0960,BUS001,2026-08-06,CUST022,1.0,0.0,₹ 2106,Cash,Completed,0,Standard Sale,,,,,,,,,,,,,,,,,,,,,,,,,,,,,,
PROD007,,,,,,₹ 678,,,,,,,,,Sale,SALE0961,BUS001,2026-08-06,CUST018,3.0,0.0,₹ 2034,Cash,Completed,0,Standard Sale,,,,,,,,,,,,,,,,,,,,,,,,,,,,,,
PROD008,,,,,,₹ 13,,,,,,,,,Sale,SALE0962,BUS001,2026-08-06,CUST025,4.0,0.0,₹ 52,UPI,Completed,0,Standard Sale,,,,,,,,,,,,,,,,,,,,,,,,,,,,,,
PROD001,,,,,,₹ 162,,,,,,,,,Sale,SALE0963,BUS001,2026-08-06,CUST037,5.0,0.0,₹ 810,Cash,Completed,0,Standard Sale,,,,,,,,,,,,,,,,,,,,,,,,,,,,,,
PROD009,,,,,,₹ 31,,,,,,,,,Sale,SALE0964,BUS001,2026-08-06,CUST037,3.0,0.0,₹ 93,UPI,Completed,0,Standard Sale,,,,,,,,,,,,,,,,,,,,,,,,,,,,,,
PROD008,,,,,,₹ 13,,,,,,,,,Sale,SALE0965,BUS001,2026-08-06,CUST003,2.0,0.0,₹ 26,Cash,Completed,0,Standard Sale,,,,,,,,,,,,,,,,,,,,,,,,,,,,,,
PROD006,,,,,,₹ 2106,,,,,,,,,Sale,SALE0966,BUS001,2026-08-06,CUST006,3.0,0.0,₹ 6318,Cash,Completed,0,Standard Sale,,,,,,,,,,,,,,,,,,,,,,,,,,,,,,
PROD003,,,,,,₹ 9,,,,,,,,,Sale,SALE0967,BUS001,2026-08-06,CUST012,50.0,0.0,₹ 450,Cash,Completed,0,Standard Sale,,,,,,,,,,,,,,,,,,,,,,,,,,,,,,
PROD008,,,,,,₹ 13,,,,,,,,,Sale,SALE0968,BUS001,2026-08-06,CUST012,6.0,0.0,₹ 78,Cash,Completed,0,Standard Sale,,,,,,,,,,,,,,,,,,,,,,,,,,,,,,
PROD006,,,,,,₹ 2106,,,,,,,,,Sale,SALE0969,BUS001,2026-08-06,CUST028,5.0,10.0,₹ 9477,UPI,Completed,0,Standard Sale,,,,,,,,,,,,,,,,,,,,,,,,,,,,,,
PROD002,,,,,,₹ 95,,,,,,,,,Sale,SALE0970,BUS001,2026-08-06,CUST036,5.0,5.0,₹ 451,Cash,Completed,0,Standard Sale,,,,,,,,,,,,,,,,,,,,,,,,,,,,,,
PROD008,,,,,,₹ 13,,,,,,,,,Sale,SALE0971,BUS001,2026-08-06,CUST017,5.0,5.0,₹ 61,UPI,Completed,0,Standard Sale,,,,,,,,,,,,,,,,,,,,,,,,,,,,,,
PROD001,,,,,,₹ 162,,,,,,,,,Sale,SALE0972,BUS001,2026-08-06,CUST018,8.0,0.0,₹ 1296,Cash,Completed,0,Standard Sale,,,,,,,,,,,,,,,,,,,,,,,,,,,,,,
PROD011,,,,,,₹ 199,,,,,,,,,Sale,SALE0973,BUS001,2026-08-06,CUST016,4.0,10.0,₹ 716,Cash,Completed,0,Standard Sale,,,,,,,,,,,,,,,,,,,,,,,,,,,,,,
PROD002,,,,,,₹ 95,,,,,,,,,Sale,SALE0974,BUS001,2026-08-07,CUST034,3.0,0.0,₹ 285,Cash,Completed,0,Standard Sale,,,,,,,,,,,,,,,,,,,,,,,,,,,,,,
PROD002,,,,,,₹ 95,,,,,,,,,Sale,SALE0975,BUS001,2026-08-07,CUST014,1.0,0.0,₹ 95,Credit,Pending,₹ 95,Standard Sale,,,,,,,,,,,,,,,,,,,,,,,,,,,,,,
PROD008,,,,,,₹ 13,,,,,,,,,Sale,SALE0976,BUS001,2026-08-07,CUST031,9.0,0.0,₹ 117,Cash,Completed,0,Standard Sale,,,,,,,,,,,,,,,,,,,,,,,,,,,,,,
PROD003,,,,,,₹ 9,,,,,,,,,Sale,SALE0977,BUS001,2026-08-07,CUST026,39.0,0.0,₹ 351,Cash,Completed,0,Standard Sale,,,,,,,,,,,,,,,,,,,,,,,,,,,,,,
PROD006,,,,,,₹ 2106,,,,,,,,,Sale,SALE0978,BUS001,2026-08-07,CUST040,1.0,0.0,₹ 2106,UPI,Completed,0,Standard Sale,,,,,,,,,,,,,,,,,,,,,,,,,,,,,,
PROD005,,,,,,₹ 377,,,,,,,,,Sale,SALE0979,BUS001,2026-08-07,CUST015,7.0,5.0,₹ 2507,Cash,Completed,0,Standard Sale,,,,,,,,,,,,,,,,,,,,,,,,,,,,,,
PROD001,,,,,,₹ 162,,,,,,,,,Sale,SALE0980,BUS001,2026-08-07,CUST033,7.0,0.0,₹ 1134,UPI,Completed,0,Standard Sale,,,,,,,,,,,,,,,,,,,,,,,,,,,,,,
PROD004,,,,,,₹ 61,,,,,,,,,Sale,SALE0981,BUS001,2026-08-07,CUST028,10.0,10.0,₹ 549,Cash,Completed,0,Standard Sale,,,,,,,,,,,,,,,,,,,,,,,,,,,,,,
PROD001,,,,,,₹ 162,,,,,,,,,Sale,SALE0982,BUS001,2026-08-07,CUST032,10.0,0.0,₹ 1620,Cash,Completed,0,Standard Sale,,,,,,,,,,,,,,,,,,,,,,,,,,,,,,
PROD001,,,,,,₹ 162,,,,,,,,,Sale,SALE0983,BUS001,2026-08-07,CUST021,2.0,5.0,₹ 307,Cash,Completed,0,Standard Sale,,,,,,,,,,,,,,,,,,,,,,,,,,,,,,
PROD006,,,,,,₹ 2106,,,,,,,,,Sale,SALE0984,BUS001,2026-08-07,CUST013,5.0,0.0,₹ 10530,Cash,Completed,0,Standard Sale,,,,,,,,,,,,,,,,,,,,,,,,,,,,,,
PROD008,,,,,,₹ 13,,,,,,,,,Sale,SALE0985,BUS001,2026-08-07,CUST025,7.0,0.0,₹ 91,Cash,Completed,0,Standard Sale,,,,,,,,,,,,,,,,,,,,,,,,,,,,,,
PROD012,,,,,,₹ 316,,,,,,,,,Sale,SALE0986,BUS001,2026-08-07,CUST030,2.0,0.0,₹ 632,UPI,Completed,0,Standard Sale,,,,,,,,,,,,,,,,,,,,,,,,,,,,,,
PROD003,,,,,,₹ 9,,,,,,,,,Sale,SALE0987,BUS001,2026-08-07,CUST010,36.0,0.0,₹ 324,UPI,Completed,0,Standard Sale,,,,,,,,,,,,,,,,,,,,,,,,,,,,,,
PROD010,,,,,,₹ 440,,,,,,,,,Sale,SALE0988,BUS001,2026-08-07,CUST012,2.0,0.0,₹ 880,Cash,Completed,0,Standard Sale,,,,,,,,,,,,,,,,,,,,,,,,,,,,,,
PROD008,,,,,,₹ 13,,,,,,,,,Sale,SALE0989,BUS001,2026-08-07,CUST020,7.0,0.0,₹ 91,Cash,Completed,0,Standard Sale,,,,,,,,,,,,,,,,,,,,,,,,,,,,,,
PROD009,,,,,,₹ 31,,,,,,,,,Sale,SALE0990,BUS001,2026-08-07,CUST011,4.0,5.0,₹ 117,UPI,Completed,0,Standard Sale,,,,,,,,,,,,,,,,,,,,,,,,,,,,,,
PROD004,,,,,,₹ 61,,,,,,,,,Sale,SALE0991,BUS001,2026-08-07,CUST012,4.0,5.0,₹ 231,Cash,Completed,0,Standard Sale,,,,,,,,,,,,,,,,,,,,,,,,,,,,,,
PROD009,,,,,,₹ 31,,,,,,,,,Sale,SALE0992,BUS001,2026-08-07,CUST036,1.0,5.0,₹ 29,Cash,Completed,0,Standard Sale,,,,,,,,,,,,,,,,,,,,,,,,,,,,,,
PROD001,,,,,,₹ 162,,,,,,,,,Sale,SALE0993,BUS001,2026-08-07,CUST031,5.0,0.0,₹ 810,Cash,Completed,0,Standard Sale,,,,,,,,,,,,,,,,,,,,,,,,,,,,,,
PROD001,,,,,,₹ 162,,,,,,,,,Sale,SALE0994,BUS001,2026-08-07,CUST010,5.0,0.0,₹ 810,UPI,Completed,0,Standard Sale,,,,,,,,,,,,,,,,,,,,,,,,,,,,,,
PROD001,,,,,,₹ 162,,,,,,,,,Sale,SALE0995,BUS001,2026-08-08,CUST037,5.0,0.0,₹ 810,Cash,Completed,0,Standard Sale,,,,,,,,,,,,,,,,,,,,,,,,,,,,,,
PROD008,,,,,,₹ 13,,,,,,,,,Sale,SALE0996,BUS001,2026-08-08,CUST004,6.0,0.0,₹ 78,UPI,Completed,0,Standard Sale,,,,,,,,,,,,,,,,,,,,,,,,,,,,,,
PROD008,,,,,,₹ 13,,,,,,,,,Sale,SALE0997,BUS001,2026-08-08,CUST038,7.0,0.0,₹ 91,UPI,Completed,0,Standard Sale,,,,,,,,,,,,,,,,,,,,,,,,,,,,,,
PROD008,,,,,,₹ 13,,,,,,,,,Sale,SALE0998,BUS001,2026-08-08,CUST037,2.0,0.0,₹ 26,Cash,Completed,0,Standard Sale,,,,,,,,,,,,,,,,,,,,,,,,,,,,,,
PROD008,,,,,,₹ 13,,,,,,,,,Sale,SALE0999,BUS001,2026-08-08,CUST006,8.0,0.0,₹ 104,Cash,Completed,0,Standard Sale,,,,,,,,,,,,,,,,,,,,,,,,,,,,,,
PROD010,,,,,,₹ 440,,,,,,,,,Sale,SALE1000,BUS001,2026-08-08,CUST014,1.0,0.0,₹ 440,UPI,Completed,0,Standard Sale,,,,,,,,,,,,,,,,,,,,,,,,,,,,,,
PROD010,,,,,,₹ 440,,,,,,,,,Sale,SALE1001,BUS001,2026-08-08,CUST002,5.0,0.0,₹ 2200,Cash,Completed,0,Standard Sale,,,,,,,,,,,,,,,,,,,,,,,,,,,,,,
PROD001,,,,,,₹ 162,,,,,,,,,Sale,SALE1002,BUS001,2026-08-08,CUST017,8.0,0.0,₹ 1296,UPI,Completed,0,Standard Sale,,,,,,,,,,,,,,,,,,,,,,,,,,,,,,
PROD005,,,,,,₹ 377,,,,,,,,,Sale,SALE1003,BUS001,2026-08-08,CUST020,7.0,0.0,₹ 2639,Cash,Completed,0,Standard Sale,,,,,,,,,,,,,,,,,,,,,,,,,,,,,,
PROD012,,,,,,₹ 316,,,,,,,,,Sale,SALE1004,BUS001,2026-08-08,CUST008,5.0,0.0,₹ 1580,UPI,Completed,0,Standard Sale,,,,,,,,,,,,,,,,,,,,,,,,,,,,,,
PROD002,,,,,,₹ 95,,,,,,,,,Sale,SALE1005,BUS001,2026-08-09,CUST008,2.0,0.0,₹ 190,Cash,Completed,0,Standard Sale,,,,,,,,,,,,,,,,,,,,,,,,,,,,,,
PROD002,,,,,,₹ 95,,,,,,,,,Sale,SALE1006,BUS001,2026-08-09,CUST033,4.0,0.0,₹ 380,UPI,Completed,0,Standard Sale,,,,,,,,,,,,,,,,,,,,,,,,,,,,,,
PROD012,,,,,,₹ 316,,,,,,,,,Sale,SALE1007,BUS001,2026-08-09,CUST039,1.0,0.0,₹ 316,Cash,Completed,0,Standard Sale,,,,,,,,,,,,,,,,,,,,,,,,,,,,,,
PROD006,,,,,,₹ 2106,,,,,,,,,Sale,SALE1008,BUS001,2026-08-09,CUST021,3.0,10.0,₹ 5686,Cash,Completed,0,Standard Sale,,,,,,,,,,,,,,,,,,,,,,,,,,,,,,
PROD001,,,,,,₹ 162,,,,,,,,,Sale,SALE1009,BUS001,2026-08-09,CUST015,10.0,10.0,₹ 1458,Cash,Completed,0,Standard Sale,,,,,,,,,,,,,,,,,,,,,,,,,,,,,,
PROD001,,,,,,₹ 162,,,,,,,,,Sale,SALE1010,BUS001,2026-08-09,CUST026,6.0,10.0,₹ 874,Cash,Completed,0,Standard Sale,,,,,,,,,,,,,,,,,,,,,,,,,,,,,,
PROD004,,,,,,₹ 61,,,,,,,,,Sale,SALE1011,BUS001,2026-08-09,CUST013,4.0,0.0,₹ 244,Credit,Pending,₹ 244,Standard Sale,,,,,,,,,,,,,,,,,,,,,,,,,,,,,,
PROD003,,,,,,₹ 9,,,,,,,,,Sale,SALE1012,BUS001,2026-08-09,CUST008,44.0,0.0,₹ 396,Cash,Completed,0,Standard Sale,,,,,,,,,,,,,,,,,,,,,,,,,,,,,,
PROD007,,,,,,₹ 678,,,,,,,,,Sale,SALE1013,BUS001,2026-08-09,CUST023,3.0,5.0,₹ 1932,Cash,Completed,0,Standard Sale,,,,,,,,,,,,,,,,,,,,,,,,,,,,,,
PROD007,,,,,,₹ 678,,,,,,,,,Sale,SALE1014,BUS001,2026-08-09,CUST012,5.0,0.0,₹ 3390,Cash,Completed,0,Standard Sale,,,,,,,,,,,,,,,,,,,,,,,,,,,,,,
PROD008,,,,,,₹ 13,,,,,,,,,Sale,SALE1015,BUS001,2026-08-09,CUST024,9.0,0.0,₹ 117,Cash,Completed,0,Standard Sale,,,,,,,,,,,,,,,,,,,,,,,,,,,,,,
PROD001,,,,,,₹ 162,,,,,,,,,Sale,SALE1016,BUS001,2026-08-09,CUST004,4.0,0.0,₹ 648,UPI,Completed,0,Standard Sale,,,,,,,,,,,,,,,,,,,,,,,,,,,,,,
PROD006,,,,,,₹ 2106,,,,,,,,,Sale,SALE1017,BUS001,2026-08-09,CUST017,2.0,0.0,₹ 4212,Credit,Pending,₹ 4212,Standard Sale,,,,,,,,,,,,,,,,,,,,,,,,,,,,,,
PROD001,,,,,,₹ 162,,,,,,,,,Sale,SALE1018,BUS001,2026-08-09,CUST003,7.0,0.0,₹ 1134,Cash,Completed,0,Standard Sale,,,,,,,,,,,,,,,,,,,,,,,,,,,,,,
PROD003,,,,,,₹ 9,,,,,,,,,Sale,SALE1019,BUS001,2026-08-10,CUST009,20.0,0.0,₹ 180,Cash,Completed,0,Standard Sale,,,,,,,,,,,,,,,,,,,,,,,,,,,,,,
PROD009,,,,,,₹ 31,,,,,,,,,Sale,SALE1020,BUS001,2026-08-10,CUST029,4.0,0.0,₹ 124,Cash,Completed,0,Standard Sale,,,,,,,,,,,,,,,,,,,,,,,,,,,,,,
PROD011,,,,,,₹ 199,,,,,,,,,Sale,SALE1021,BUS001,2026-08-10,CUST026,1.0,0.0,₹ 199,Credit,Pending,₹ 199,Standard Sale,,,,,,,,,,,,,,,,,,,,,,,,,,,,,,
PROD008,,,,,,₹ 13,,,,,,,,,Sale,SALE1022,BUS001,2026-08-10,CUST034,2.0,0.0,₹ 26,Cash,Completed,0,Standard Sale,,,,,,,,,,,,,,,,,,,,,,,,,,,,,,
PROD005,,,,,,₹ 377,,,,,,,,,Sale,SALE1023,BUS001,2026-08-10,CUST002,3.0,0.0,₹ 1131,Credit,Pending,₹ 1131,Standard Sale,,,,,,,,,,,,,,,,,,,,,,,,,,,,,,
PROD010,,,,,,₹ 440,,,,,,,,,Sale,SALE1024,BUS001,2026-08-10,CUST036,5.0,5.0,₹ 2090,UPI,Completed,0,Standard Sale,,,,,,,,,,,,,,,,,,,,,,,,,,,,,,
PROD007,,,,,,₹ 678,,,,,,,,,Sale,SALE1025,BUS001,2026-08-10,CUST005,3.0,0.0,₹ 2034,UPI,Completed,0,Standard Sale,,,,,,,,,,,,,,,,,,,,,,,,,,,,,,
PROD008,,,,,,₹ 13,,,,,,,,,Sale,SALE1026,BUS001,2026-08-10,CUST039,5.0,0.0,₹ 65,Cash,Completed,0,Standard Sale,,,,,,,,,,,,,,,,,,,,,,,,,,,,,,
PROD006,,,,,,₹ 2106,,,,,,,,,Sale,SALE1027,BUS001,2026-08-10,CUST015,4.0,0.0,₹ 8424,Cash,Completed,0,Standard Sale,,,,,,,,,,,,,,,,,,,,,,,,,,,,,,
PROD003,,,,,,₹ 9,,,,,,,,,Sale,SALE1028,BUS001,2026-08-10,CUST024,13.0,0.0,₹ 117,Cash,Completed,0,Standard Sale,,,,,,,,,,,,,,,,,,,,,,,,,,,,,,
PROD002,,,,,,₹ 95,,,,,,,,,Sale,SALE1029,BUS001,2026-08-10,CUST003,4.0,0.0,₹ 380,UPI,Completed,0,Standard Sale,,,,,,,,,,,,,,,,,,,,,,,,,,,,,,
PROD006,,,,,,₹ 2106,,,,,,,,,Sale,SALE1030,BUS001,2026-08-10,CUST022,5.0,5.0,₹ 10003,UPI,Completed,0,Standard Sale,,,,,,,,,,,,,,,,,,,,,,,,,,,,,,
PROD001,,,,,,₹ 162,,,,,,,,,Sale,SALE1031,BUS001,2026-08-10,CUST037,10.0,10.0,₹ 1458,Cash,Completed,0,Standard Sale,,,,,,,,,,,,,,,,,,,,,,,,,,,,,,
PROD007,,,,,,₹ 678,,,,,,,,,Sale,SALE1032,BUS001,2026-08-10,CUST026,4.0,0.0,₹ 2712,UPI,Completed,0,Standard Sale,,,,,,,,,,,,,,,,,,,,,,,,,,,,,,
PROD005,,,,,,₹ 377,,,,,,,,,Sale,SALE1033,BUS001,2026-08-10,CUST032,3.0,0.0,₹ 1131,Cash,Completed,0,Standard Sale,,,,,,,,,,,,,,,,,,,,,,,,,,,,,,
PROD002,,,,,,₹ 95,,,,,,,,,Sale,SALE1034,BUS001,2026-08-10,CUST025,4.0,10.0,₹ 342,Cash,Completed,0,Standard Sale,,,,,,,,,,,,,,,,,,,,,,,,,,,,,,
PROD009,,,,,,₹ 31,,,,,,,,,Sale,SALE1035,BUS001,2026-08-10,CUST006,5.0,0.0,₹ 155,UPI,Completed,0,Standard Sale,,,,,,,,,,,,,,,,,,,,,,,,,,,,,,
PROD003,,,,,,₹ 9,,,,,,,,,Sale,SALE1036,BUS001,2026-08-10,CUST029,35.0,0.0,₹ 315,Credit,Pending,₹ 315,Standard Sale,,,,,,,,,,,,,,,,,,,,,,,,,,,,,,
PROD004,,,,,,₹ 61,,,,,,,,,Sale,SALE1037,BUS001,2026-08-10,CUST005,2.0,5.0,₹ 115,UPI,Completed,0,Standard Sale,,,,,,,,,,,,,,,,,,,,,,,,,,,,,,
PROD010,,,,,,₹ 440,,,,,,,,,Sale,SALE1038,BUS001,2026-08-11,CUST021,3.0,5.0,₹ 1254,Cash,Completed,0,Standard Sale,,,,,,,,,,,,,,,,,,,,,,,,,,,,,,
PROD006,,,,,,₹ 2106,,,,,,,,,Sale,SALE1039,BUS001,2026-08-11,CUST040,5.0,0.0,₹ 10530,Cash,Completed,0,Standard Sale,,,,,,,,,,,,,,,,,,,,,,,,,,,,,,
PROD009,,,,,,₹ 31,,,,,,,,,Sale,SALE1040,BUS001,2026-08-11,CUST036,4.0,10.0,₹ 111,UPI,Completed,0,Standard Sale,,,,,,,,,,,,,,,,,,,,,,,,,,,,,,
PROD005,,,,,,₹ 377,,,,,,,,,Sale,SALE1041,BUS001,2026-08-11,CUST012,7.0,0.0,₹ 2639,Cash,Completed,0,Standard Sale,,,,,,,,,,,,,,,,,,,,,,,,,,,,,,
PROD008,,,,,,₹ 13,,,,,,,,,Sale,SALE1042,BUS001,2026-08-11,CUST007,4.0,5.0,₹ 49,Cash,Completed,0,Standard Sale,,,,,,,,,,,,,,,,,,,,,,,,,,,,,,
PROD001,,,,,,₹ 162,,,,,,,,,Sale,SALE1043,BUS001,2026-08-11,CUST015,5.0,0.0,₹ 810,UPI,Completed,0,Standard Sale,,,,,,,,,,,,,,,,,,,,,,,,,,,,,,
PROD004,,,,,,₹ 61,,,,,,,,,Sale,SALE1044,BUS001,2026-08-11,CUST034,10.0,0.0,₹ 610,UPI,Completed,0,Standard Sale,,,,,,,,,,,,,,,,,,,,,,,,,,,,,,
PROD004,,,,,,₹ 61,,,,,,,,,Sale,SALE1045,BUS001,2026-08-11,CUST024,9.0,0.0,₹ 549,Cash,Completed,0,Standard Sale,,,,,,,,,,,,,,,,,,,,,,,,,,,,,,
PROD001,,,,,,₹ 162,,,,,,,,,Sale,SALE1046,BUS001,2026-08-11,CUST010,2.0,10.0,₹ 291,Cash,Completed,0,Standard Sale,,,,,,,,,,,,,,,,,,,,,,,,,,,,,,
PROD008,,,,,,₹ 13,,,,,,,,,Sale,SALE1047,BUS001,2026-08-11,CUST036,4.0,0.0,₹ 52,Cash,Completed,0,Standard Sale,,,,,,,,,,,,,,,,,,,,,,,,,,,,,,
PROD011,,,,,,₹ 199,,,,,,,,,Sale,SALE1048,BUS001,2026-08-11,CUST014,2.0,5.0,₹ 378,Cash,Completed,0,Standard Sale,,,,,,,,,,,,,,,,,,,,,,,,,,,,,,
PROD001,,,,,,₹ 162,,,,,,,,,Sale,SALE1049,BUS001,2026-08-11,CUST022,7.0,0.0,₹ 1134,Cash,Completed,0,Standard Sale,,,,,,,,,,,,,,,,,,,,,,,,,,,,,,
PROD002,,,,,,₹ 95,,,,,,,,,Sale,SALE1050,BUS001,2026-08-11,CUST033,2.0,0.0,₹ 190,Cash,Completed,0,Standard Sale,,,,,,,,,,,,,,,,,,,,,,,,,,,,,,
PROD011,,,,,,₹ 199,,,,,,,,,Sale,SALE1051,BUS001,2026-08-11,CUST002,5.0,0.0,₹ 995,Cash,Completed,0,Standard Sale,,,,,,,,,,,,,,,,,,,,,,,,,,,,,,
PROD001,,,,,,₹ 162,,,,,,,,,Sale,SALE1052,BUS001,2026-08-11,CUST023,3.0,10.0,₹ 437,Cash,Completed,0,Standard Sale,,,,,,,,,,,,,,,,,,,,,,,,,,,,,,
PROD001,,,,,,₹ 162,,,,,,,,,Sale,SALE1053,BUS001,2026-08-11,CUST037,4.0,0.0,₹ 648,Cash,Completed,0,Standard Sale,,,,,,,,,,,,,,,,,,,,,,,,,,,,,,
PROD002,,,,,,₹ 95,,,,,,,,,Sale,SALE1054,BUS001,2026-08-12,CUST013,5.0,0.0,₹ 475,Cash,Completed,0,Standard Sale,,,,,,,,,,,,,,,,,,,,,,,,,,,,,,
PROD003,,,,,,₹ 9,,,,,,,,,Sale,SALE1055,BUS001,2026-08-12,CUST035,23.0,0.0,₹ 207,Cash,Completed,0,Standard Sale,,,,,,,,,,,,,,,,,,,,,,,,,,,,,,
PROD004,,,,,,₹ 61,,,,,,,,,Sale,SALE1056,BUS001,2026-08-12,CUST017,6.0,0.0,₹ 366,UPI,Completed,0,Standard Sale,,,,,,,,,,,,,,,,,,,,,,,,,,,,,,
PROD003,,,,,,₹ 9,,,,,,,,,Sale,SALE1057,BUS001,2026-08-12,CUST001,49.0,0.0,₹ 441,UPI,Completed,0,Standard Sale,,,,,,,,,,,,,,,,,,,,,,,,,,,,,,
PROD009,,,,,,₹ 31,,,,,,,,,Sale,SALE1058,BUS001,2026-08-12,CUST005,5.0,0.0,₹ 155,UPI,Completed,0,Standard Sale,,,,,,,,,,,,,,,,,,,,,,,,,,,,,,
PROD002,,,,,,₹ 95,,,,,,,,,Sale,SALE1059,BUS001,2026-08-12,CUST026,5.0,0.0,₹ 475,Cash,Completed,0,Standard Sale,,,,,,,,,,,,,,,,,,,,,,,,,,,,,,
PROD006,,,,,,₹ 2106,,,,,,,,,Sale,SALE1060,BUS001,2026-08-13,CUST013,3.0,10.0,₹ 5686,Credit,Pending,₹ 5686,Standard Sale,,,,,,,,,,,,,,,,,,,,,,,,,,,,,,
PROD007,,,,,,₹ 678,,,,,,,,,Sale,SALE1061,BUS001,2026-08-13,CUST012,1.0,0.0,₹ 678,Cash,Completed,0,Standard Sale,,,,,,,,,,,,,,,,,,,,,,,,,,,,,,
PROD003,,,,,,₹ 9,,,,,,,,,Sale,SALE1062,BUS001,2026-08-13,CUST009,16.0,10.0,₹ 129,Cash,Completed,0,Standard Sale,,,,,,,,,,,,,,,,,,,,,,,,,,,,,,
PROD005,,,,,,₹ 377,,,,,,,,,Sale,SALE1063,BUS001,2026-08-13,CUST007,12.0,0.0,₹ 4524,Cash,Completed,0,Standard Sale,,,,,,,,,,,,,,,,,,,,,,,,,,,,,,
PROD005,,,,,,₹ 377,,,,,,,,,Sale,SALE1064,BUS001,2026-08-13,CUST040,10.0,10.0,₹ 3393,UPI,Completed,0,Standard Sale,,,,,,,,,,,,,,,,,,,,,,,,,,,,,,
PROD003,,,,,,₹ 9,,,,,,,,,Sale,SALE1065,BUS001,2026-08-13,CUST014,14.0,0.0,₹ 126,UPI,Completed,0,Standard Sale,,,,,,,,,,,,,,,,,,,,,,,,,,,,,,
PROD006,,,,,,₹ 2106,,,,,,,,,Sale,SALE1066,BUS001,2026-08-13,CUST006,3.0,10.0,₹ 5686,Cash,Completed,0,Standard Sale,,,,,,,,,,,,,,,,,,,,,,,,,,,,,,
PROD002,,,,,,₹ 95,,,,,,,,,Sale,SALE1067,BUS001,2026-08-13,CUST014,2.0,0.0,₹ 190,UPI,Completed,0,Standard Sale,,,,,,,,,,,,,,,,,,,,,,,,,,,,,,
PROD002,,,,,,₹ 95,,,,,,,,,Sale,SALE1068,BUS001,2026-08-13,CUST001,5.0,0.0,₹ 475,Cash,Completed,0,Standard Sale,,,,,,,,,,,,,,,,,,,,,,,,,,,,,,
PROD003,,,,,,₹ 9,,,,,,,,,Sale,SALE1069,BUS001,2026-08-13,CUST015,26.0,0.0,₹ 234,Cash,Completed,0,Standard Sale,,,,,,,,,,,,,,,,,,,,,,,,,,,,,,
PROD011,,,,,,₹ 199,,,,,,,,,Sale,SALE1070,BUS001,2026-08-13,CUST007,5.0,0.0,₹ 995,Cash,Completed,0,Standard Sale,,,,,,,,,,,,,,,,,,,,,,,,,,,,,,
PROD012,,,,,,₹ 316,,,,,,,,,Sale,SALE1071,BUS001,2026-08-13,CUST040,4.0,0.0,₹ 1264,UPI,Completed,0,Standard Sale,,,,,,,,,,,,,,,,,,,,,,,,,,,,,,
PROD007,,,,,,₹ 678,,,,,,,,,Sale,SALE1072,BUS001,2026-08-13,CUST035,2.0,0.0,₹ 1356,Credit,Pending,₹ 1356,Standard Sale,,,,,,,,,,,,,,,,,,,,,,,,,,,,,,
PROD004,,,,,,₹ 61,,,,,,,,,Sale,SALE1073,BUS001,2026-08-14,CUST012,3.0,10.0,₹ 164,Cash,Completed,0,Standard Sale,,,,,,,,,,,,,,,,,,,,,,,,,,,,,,
PROD003,,,,,,₹ 9,,,,,,,,,Sale,SALE1074,BUS001,2026-08-14,CUST036,20.0,0.0,₹ 180,UPI,Completed,0,Standard Sale,,,,,,,,,,,,,,,,,,,,,,,,,,,,,,
PROD004,,,,,,₹ 61,,,,,,,,,Sale,SALE1075,BUS001,2026-08-14,CUST001,10.0,0.0,₹ 610,Credit,Pending,₹ 610,Standard Sale,,,,,,,,,,,,,,,,,,,,,,,,,,,,,,
PROD006,,,,,,₹ 2106,,,,,,,,,Sale,SALE1076,BUS001,2026-08-14,CUST012,2.0,0.0,₹ 4212,UPI,Completed,0,Standard Sale,,,,,,,,,,,,,,,,,,,,,,,,,,,,,,
PROD012,,,,,,₹ 316,,,,,,,,,Sale,SALE1077,BUS001,2026-08-14,CUST008,4.0,0.0,₹ 1264,UPI,Completed,0,Standard Sale,,,,,,,,,,,,,,,,,,,,,,,,,,,,,,
PROD001,,,,,,₹ 162,,,,,,,,,Sale,SALE1078,BUS001,2026-08-14,CUST033,3.0,0.0,₹ 486,Cash,Completed,0,Standard Sale,,,,,,,,,,,,,,,,,,,,,,,,,,,,,,
PROD002,,,,,,₹ 95,,,,,,,,,Sale,SALE1079,BUS001,2026-08-14,CUST007,5.0,0.0,₹ 475,Cash,Completed,0,Standard Sale,,,,,,,,,,,,,,,,,,,,,,,,,,,,,,
PROD008,,,,,,₹ 13,,,,,,,,,Sale,SALE1080,BUS001,2026-08-14,CUST030,6.0,0.0,₹ 78,Cash,Completed,0,Standard Sale,,,,,,,,,,,,,,,,,,,,,,,,,,,,,,
PROD004,,,,,,₹ 61,,,,,,,,,Sale,SALE1081,BUS001,2026-08-14,CUST016,2.0,0.0,₹ 122,Cash,Completed,0,Standard Sale,,,,,,,,,,,,,,,,,,,,,,,,,,,,,,
PROD001,,,,,,₹ 162,,,,,,,,,Sale,SALE1082,BUS001,2026-08-14,CUST021,2.0,0.0,₹ 324,Cash,Completed,0,Standard Sale,,,,,,,,,,,,,,,,,,,,,,,,,,,,,,
PROD006,,,,,,₹ 2106,,,,,,,,,Sale,SALE1083,BUS001,2026-08-14,CUST003,4.0,0.0,₹ 8424,Cash,Completed,0,Standard Sale,,,,,,,,,,,,,,,,,,,,,,,,,,,,,,
PROD004,,,,,,₹ 61,,,,,,,,,Sale,SALE1084,BUS001,2026-08-14,CUST014,5.0,0.0,₹ 305,UPI,Completed,0,Standard Sale,,,,,,,,,,,,,,,,,,,,,,,,,,,,,,
PROD007,,,,,,₹ 678,,,,,,,,,Sale,SALE1085,BUS001,2026-08-15,CUST004,3.0,0.0,₹ 2034,Credit,Pending,₹ 2034,Standard Sale,,,,,,,,,,,,,,,,,,,,,,,,,,,,,,
PROD001,,,,,,₹ 162,,,,,,,,,Sale,SALE1086,BUS001,2026-08-15,CUST018,6.0,0.0,₹ 972,UPI,Completed,0,Standard Sale,,,,,,,,,,,,,,,,,,,,,,,,,,,,,,
PROD005,,,,,,₹ 377,,,,,,,,,Sale,SALE1087,BUS001,2026-08-15,CUST020,3.0,0.0,₹ 1131,Credit,Pending,₹ 1131,Standard Sale,,,,,,,,,,,,,,,,,,,,,,,,,,,,,,
PROD002,,,,,,₹ 95,,,,,,,,,Sale,SALE1088,BUS001,2026-08-15,CUST019,4.0,10.0,₹ 342,Cash,Completed,0,Standard Sale,,,,,,,,,,,,,,,,,,,,,,,,,,,,,,
PROD006,,,,,,₹ 2106,,,,,,,,,Sale,SALE1089,BUS001,2026-08-15,CUST010,5.0,0.0,₹ 10530,Credit,Pending,₹ 10530,Standard Sale,,,,,,,,,,,,,,,,,,,,,,,,,,,,,,
PROD002,,,,,,₹ 95,,,,,,,,,Sale,SALE1090,BUS001,2026-08-15,CUST031,1.0,0.0,₹ 95,UPI,Completed,0,Standard Sale,,,,,,,,,,,,,,,,,,,,,,,,,,,,,,
PROD009,,,,,,₹ 31,,,,,,,,,Sale,SALE1091,BUS001,2026-08-15,CUST008,5.0,0.0,₹ 155,Cash,Completed,0,Standard Sale,,,,,,,,,,,,,,,,,,,,,,,,,,,,,,
PROD008,,,,,,₹ 13,,,,,,,,,Sale,SALE1092,BUS001,2026-08-15,CUST021,10.0,10.0,₹ 117,Credit,Pending,₹ 117,Standard Sale,,,,,,,,,,,,,,,,,,,,,,,,,,,,,,
PROD006,,,,,,₹ 2106,,,,,,,,,Sale,SALE1093,BUS001,2026-08-15,CUST010,5.0,0.0,₹ 10530,Cash,Completed,0,Standard Sale,,,,,,,,,,,,,,,,,,,,,,,,,,,,,,
PROD006,,,,,,₹ 2106,,,,,,,,,Sale,SALE1094,BUS001,2026-08-15,CUST014,1.0,0.0,₹ 2106,Cash,Completed,0,Standard Sale,,,,,,,,,,,,,,,,,,,,,,,,,,,,,,
PROD005,,,,,,₹ 377,,,,,,,,,Sale,SALE1095,BUS001,2026-08-15,CUST022,11.0,0.0,₹ 4147,Cash,Completed,0,Standard Sale,,,,,,,,,,,,,,,,,,,,,,,,,,,,,,
PROD009,,,,,,₹ 31,,,,,,,,,Sale,SALE1096,BUS001,2026-08-15,CUST022,1.0,0.0,₹ 31,Cash,Completed,0,Standard Sale,,,,,,,,,,,,,,,,,,,,,,,,,,,,,,
PROD008,,,,,,₹ 13,,,,,,,,,Sale,SALE1097,BUS001,2026-08-15,CUST036,10.0,0.0,₹ 130,Cash,Completed,0,Standard Sale,,,,,,,,,,,,,,,,,,,,,,,,,,,,,,
PROD008,,,,,,₹ 13,,,,,,,,,Sale,SALE1098,BUS001,2026-08-15,CUST017,5.0,0.0,₹ 65,UPI,Completed,0,Standard Sale,,,,,,,,,,,,,,,,,,,,,,,,,,,,,,
PROD009,,,,,,₹ 31,,,,,,,,,Sale,SALE1099,BUS001,2026-08-15,CUST036,5.0,0.0,₹ 155,Cash,Completed,0,Standard Sale,,,,,,,,,,,,,,,,,,,,,,,,,,,,,,
PROD006,,,,,,₹ 2106,,,,,,,,,Sale,SALE1100,BUS001,2026-08-15,CUST024,1.0,0.0,₹ 2106,Cash,Completed,0,Standard Sale,,,,,,,,,,,,,,,,,,,,,,,,,,,,,,
PROD008,,,,,,₹ 13,,,,,,,,,Sale,SALE1101,BUS001,2026-08-15,CUST037,5.0,0.0,₹ 65,UPI,Completed,0,Standard Sale,,,,,,,,,,,,,,,,,,,,,,,,,,,,,,
PROD006,,,,,,₹ 2106,,,,,,,,,Sale,SALE1102,BUS001,2026-08-15,CUST027,1.0,5.0,₹ 2000,Cash,Completed,0,Standard Sale,,,,,,,,,,,,,,,,,,,,,,,,,,,,,,
PROD009,,,,,,₹ 31,,,,,,,,,Sale,SALE1103,BUS001,2026-08-15,CUST022,4.0,0.0,₹ 124,Cash,Completed,0,Standard Sale,,,,,,,,,,,,,,,,,,,,,,,,,,,,,,
PROD002,,,,,,₹ 95,,,,,,,,,Sale,SALE1104,BUS001,2026-08-15,CUST007,1.0,0.0,₹ 95,Cash,Completed,0,Standard Sale,,,,,,,,,,,,,,,,,,,,,,,,,,,,,,
PROD002,,,,,,₹ 95,,,,,,,,,Sale,SALE1105,BUS001,2026-08-16,CUST002,2.0,10.0,₹ 171,Cash,Completed,0,Standard Sale,,,,,,,,,,,,,,,,,,,,,,,,,,,,,,
PROD005,,,,,,₹ 377,,,,,,,,,Sale,SALE1106,BUS001,2026-08-16,CUST009,12.0,10.0,₹ 4071,Cash,Completed,0,Standard Sale,,,,,,,,,,,,,,,,,,,,,,,,,,,,,,
PROD008,,,,,,₹ 13,,,,,,,,,Sale,SALE1107,BUS001,2026-08-16,CUST037,8.0,0.0,₹ 104,UPI,Completed,0,Standard Sale,,,,,,,,,,,,,,,,,,,,,,,,,,,,,,
PROD007,,,,,,₹ 678,,,,,,,,,Sale,SALE1108,BUS001,2026-08-16,CUST011,5.0,0.0,₹ 3390,Credit,Pending,₹ 3390,Standard Sale,,,,,,,,,,,,,,,,,,,,,,,,,,,,,,
PROD010,,,,,,₹ 440,,,,,,,,,Sale,SALE1109,BUS001,2026-08-16,CUST033,3.0,0.0,₹ 1320,UPI,Completed,0,Standard Sale,,,,,,,,,,,,,,,,,,,,,,,,,,,,,,
PROD004,,,,,,₹ 61,,,,,,,,,Sale,SALE1110,BUS001,2026-08-16,CUST024,9.0,0.0,₹ 549,UPI,Completed,0,Standard Sale,,,,,,,,,,,,,,,,,,,,,,,,,,,,,,
PROD001,,,,,,₹ 162,,,,,,,,,Sale,SALE1111,BUS001,2026-08-16,CUST011,2.0,0.0,₹ 324,Cash,Completed,0,Standard Sale,,,,,,,,,,,,,,,,,,,,,,,,,,,,,,
PROD008,,,,,,₹ 13,,,,,,,,,Sale,SALE1112,BUS001,2026-08-16,CUST028,6.0,0.0,₹ 78,UPI,Completed,0,Standard Sale,,,,,,,,,,,,,,,,,,,,,,,,,,,,,,
PROD003,,,,,,₹ 9,,,,,,,,,Sale,SALE1113,BUS001,2026-08-16,CUST025,49.0,0.0,₹ 441,Cash,Completed,0,Standard Sale,,,,,,,,,,,,,,,,,,,,,,,,,,,,,,
PROD008,,,,,,₹ 13,,,,,,,,,Sale,SALE1114,BUS001,2026-08-17,CUST035,3.0,0.0,₹ 39,UPI,Completed,0,Standard Sale,,,,,,,,,,,,,,,,,,,,,,,,,,,,,,
PROD005,,,,,,₹ 377,,,,,,,,,Sale,SALE1115,BUS001,2026-08-17,CUST001,6.0,0.0,₹ 2262,UPI,Completed,0,Standard Sale,,,,,,,,,,,,,,,,,,,,,,,,,,,,,,
PROD004,,,,,,₹ 61,,,,,,,,,Sale,SALE1116,BUS001,2026-08-17,CUST017,7.0,0.0,₹ 427,Cash,Completed,0,Standard Sale,,,,,,,,,,,,,,,,,,,,,,,,,,,,,,
PROD011,,,,,,₹ 199,,,,,,,,,Sale,SALE1117,BUS001,2026-08-17,CUST017,5.0,0.0,₹ 995,UPI,Completed,0,Standard Sale,,,,,,,,,,,,,,,,,,,,,,,,,,,,,,
PROD004,,,,,,₹ 61,,,,,,,,,Sale,SALE1118,BUS001,2026-08-17,CUST020,2.0,0.0,₹ 122,Cash,Completed,0,Standard Sale,,,,,,,,,,,,,,,,,,,,,,,,,,,,,,
PROD002,,,,,,₹ 95,,,,,,,,,Sale,SALE1119,BUS001,2026-08-17,CUST036,3.0,0.0,₹ 285,Cash,Completed,0,Standard Sale,,,,,,,,,,,,,,,,,,,,,,,,,,,,,,
PROD004,,,,,,₹ 61,,,,,,,,,Sale,SALE1120,BUS001,2026-08-17,CUST013,5.0,0.0,₹ 305,Cash,Completed,0,Standard Sale,,,,,,,,,,,,,,,,,,,,,,,,,,,,,,
PROD001,,,,,,₹ 162,,,,,,,,,Sale,SALE1121,BUS001,2026-08-17,CUST020,2.0,0.0,₹ 324,Cash,Completed,0,Standard Sale,,,,,,,,,,,,,,,,,,,,,,,,,,,,,,
PROD001,,,,,,₹ 162,,,,,,,,,Sale,SALE1122,BUS001,2026-08-17,CUST013,3.0,0.0,₹ 486,Cash,Completed,0,Standard Sale,,,,,,,,,,,,,,,,,,,,,,,,,,,,,,
PROD004,,,,,,₹ 61,,,,,,,,,Sale,SALE1123,BUS001,2026-08-17,CUST018,10.0,0.0,₹ 610,UPI,Completed,0,Standard Sale,,,,,,,,,,,,,,,,,,,,,,,,,,,,,,
PROD008,,,,,,₹ 13,,,,,,,,,Sale,SALE1124,BUS001,2026-08-17,CUST036,8.0,0.0,₹ 104,UPI,Completed,0,Standard Sale,,,,,,,,,,,,,,,,,,,,,,,,,,,,,,
PROD004,,,,,,₹ 61,,,,,,,,,Sale,SALE1125,BUS001,2026-08-17,CUST008,5.0,0.0,₹ 305,UPI,Completed,0,Standard Sale,,,,,,,,,,,,,,,,,,,,,,,,,,,,,,
PROD002,,,,,,₹ 95,,,,,,,,,Sale,SALE1126,BUS001,2026-08-17,CUST028,3.0,0.0,₹ 285,Cash,Completed,0,Standard Sale,,,,,,,,,,,,,,,,,,,,,,,,,,,,,,
PROD009,,,,,,₹ 31,,,,,,,,,Sale,SALE1127,BUS001,2026-08-17,CUST003,3.0,0.0,₹ 93,UPI,Completed,0,Standard Sale,,,,,,,,,,,,,,,,,,,,,,,,,,,,,,
PROD009,,,,,,₹ 31,,,,,,,,,Sale,SALE1128,BUS001,2026-08-17,CUST023,2.0,10.0,₹ 55,Cash,Completed,0,Standard Sale,,,,,,,,,,,,,,,,,,,,,,,,,,,,,,
PROD009,,,,,,₹ 31,,,,,,,,,Sale,SALE1129,BUS001,2026-08-17,CUST023,3.0,5.0,₹ 88,Cash,Completed,0,Standard Sale,,,,,,,,,,,,,,,,,,,,,,,,,,,,,,
PROD002,,,,,,₹ 95,,,,,,,,,Sale,SALE1130,BUS001,2026-08-17,CUST006,4.0,0.0,₹ 380,Cash,Completed,0,Standard Sale,,,,,,,,,,,,,,,,,,,,,,,,,,,,,,
PROD002,,,,,,₹ 95,,,,,,,,,Sale,SALE1131,BUS001,2026-08-17,CUST001,3.0,0.0,₹ 285,Cash,Completed,0,Standard Sale,,,,,,,,,,,,,,,,,,,,,,,,,,,,,,
PROD009,,,,,,₹ 31,,,,,,,,,Sale,SALE1132,BUS001,2026-08-18,CUST003,4.0,0.0,₹ 124,Cash,Completed,0,Standard Sale,,,,,,,,,,,,,,,,,,,,,,,,,,,,,,
PROD002,,,,,,₹ 95,,,,,,,,,Sale,SALE1133,BUS001,2026-08-18,CUST033,1.0,0.0,₹ 95,Cash,Completed,0,Standard Sale,,,,,,,,,,,,,,,,,,,,,,,,,,,,,,
PROD008,,,,,,₹ 13,,,,,,,,,Sale,SALE1134,BUS001,2026-08-18,CUST039,10.0,0.0,₹ 130,Cash,Completed,0,Standard Sale,,,,,,,,,,,,,,,,,,,,,,,,,,,,,,
PROD005,,,,,,₹ 377,,,,,,,,,Sale,SALE1135,BUS001,2026-08-18,CUST033,5.0,0.0,₹ 1885,UPI,Completed,0,Standard Sale,,,,,,,,,,,,,,,,,,,,,,,,,,,,,,
PROD005,,,,,,₹ 377,,,,,,,,,Sale,SALE1136,BUS001,2026-08-18,CUST035,15.0,0.0,₹ 5655,Cash,Completed,0,Standard Sale,,,,,,,,,,,,,,,,,,,,,,,,,,,,,,
PROD003,,,,,,₹ 9,,,,,,,,,Sale,SALE1137,BUS001,2026-08-18,CUST034,50.0,0.0,₹ 450,UPI,Completed,0,Standard Sale,,,,,,,,,,,,,,,,,,,,,,,,,,,,,,
PROD002,,,,,,₹ 95,,,,,,,,,Sale,SALE1138,BUS001,2026-08-18,CUST014,1.0,0.0,₹ 95,UPI,Completed,0,Standard Sale,,,,,,,,,,,,,,,,,,,,,,,,,,,,,,
PROD005,,,,,,₹ 377,,,,,,,,,Sale,SALE1139,BUS001,2026-08-18,CUST005,15.0,5.0,₹ 5372,Cash,Completed,0,Standard Sale,,,,,,,,,,,,,,,,,,,,,,,,,,,,,,
PROD001,,,,,,₹ 162,,,,,,,,,Sale,SALE1140,BUS001,2026-08-18,CUST006,9.0,0.0,₹ 1458,Cash,Completed,0,Standard Sale,,,,,,,,,,,,,,,,,,,,,,,,,,,,,,
PROD003,,,,,,₹ 9,,,,,,,,,Sale,SALE1141,BUS001,2026-08-18,CUST009,15.0,0.0,₹ 135,Cash,Completed,0,Standard Sale,,,,,,,,,,,,,,,,,,,,,,,,,,,,,,
PROD002,,,,,,₹ 95,,,,,,,,,Sale,SALE1142,BUS001,2026-08-18,CUST040,2.0,0.0,₹ 190,Cash,Completed,0,Standard Sale,,,,,,,,,,,,,,,,,,,,,,,,,,,,,,
PROD012,,,,,,₹ 316,,,,,,,,,Sale,SALE1143,BUS001,2026-08-18,CUST020,3.0,0.0,₹ 948,UPI,Completed,0,Standard Sale,,,,,,,,,,,,,,,,,,,,,,,,,,,,,,
PROD005,,,,,,₹ 377,,,,,,,,,Sale,SALE1144,BUS001,2026-08-18,CUST020,12.0,0.0,₹ 4524,UPI,Completed,0,Standard Sale,,,,,,,,,,,,,,,,,,,,,,,,,,,,,,
PROD007,,,,,,₹ 678,,,,,,,,,Sale,SALE1145,BUS001,2026-08-18,CUST023,3.0,5.0,₹ 1932,Cash,Completed,0,Standard Sale,,,,,,,,,,,,,,,,,,,,,,,,,,,,,,
PROD001,,,,,,₹ 162,,,,,,,,,Sale,SALE1146,BUS001,2026-08-18,CUST002,10.0,10.0,₹ 1458,Cash,Completed,0,Standard Sale,,,,,,,,,,,,,,,,,,,,,,,,,,,,,,
PROD001,,,,,,₹ 162,,,,,,,,,Sale,SALE1147,BUS001,2026-08-18,CUST030,6.0,10.0,₹ 874,UPI,Completed,0,Standard Sale,,,,,,,,,,,,,,,,,,,,,,,,,,,,,,
PROD008,,,,,,₹ 13,,,,,,,,,Sale,SALE1148,BUS001,2026-08-18,CUST014,9.0,0.0,₹ 117,UPI,Completed,0,Standard Sale,,,,,,,,,,,,,,,,,,,,,,,,,,,,,,
PROD009,,,,,,₹ 31,,,,,,,,,Sale,SALE1149,BUS001,2026-08-18,CUST002,3.0,0.0,₹ 93,Cash,Completed,0,Standard Sale,,,,,,,,,,,,,,,,,,,,,,,,,,,,,,
PROD001,,,,,,₹ 162,,,,,,,,,Sale,SALE1150,BUS001,2026-08-18,CUST015,9.0,0.0,₹ 1458,Cash,Completed,0,Standard Sale,,,,,,,,,,,,,,,,,,,,,,,,,,,,,,
PROD002,,,,,,₹ 95,,,,,,,,,Sale,SALE1151,BUS001,2026-08-18,CUST015,2.0,0.0,₹ 190,Cash,Completed,0,Standard Sale,,,,,,,,,,,,,,,,,,,,,,,,,,,,,,
PROD007,,,,,,₹ 678,,,,,,,,,Sale,SALE1152,BUS001,2026-08-19,CUST028,1.0,10.0,₹ 610,Cash,Completed,0,Standard Sale,,,,,,,,,,,,,,,,,,,,,,,,,,,,,,
PROD005,,,,,,₹ 377,,,,,,,,,Sale,SALE1153,BUS001,2026-08-19,CUST030,12.0,5.0,₹ 4297,Cash,Completed,0,Standard Sale,,,,,,,,,,,,,,,,,,,,,,,,,,,,,,
PROD003,,,,,,₹ 9,,,,,,,,,Sale,SALE1154,BUS001,2026-08-19,CUST037,40.0,0.0,₹ 360,Cash,Completed,0,Standard Sale,,,,,,,,,,,,,,,,,,,,,,,,,,,,,,
PROD002,,,,,,₹ 95,,,,,,,,,Sale,SALE1155,BUS001,2026-08-19,CUST037,1.0,10.0,₹ 85,Cash,Completed,0,Standard Sale,,,,,,,,,,,,,,,,,,,,,,,,,,,,,,
PROD012,,,,,,₹ 316,,,,,,,,,Sale,SALE1156,BUS001,2026-08-19,CUST004,4.0,0.0,₹ 1264,Cash,Completed,0,Standard Sale,,,,,,,,,,,,,,,,,,,,,,,,,,,,,,
PROD012,,,,,,₹ 316,,,,,,,,,Sale,SALE1157,BUS001,2026-08-19,CUST033,1.0,0.0,₹ 316,Cash,Completed,0,Standard Sale,,,,,,,,,,,,,,,,,,,,,,,,,,,,,,
PROD006,,,,,,₹ 2106,,,,,,,,,Sale,SALE1158,BUS001,2026-08-19,CUST013,1.0,0.0,₹ 2106,UPI,Completed,0,Standard Sale,,,,,,,,,,,,,,,,,,,,,,,,,,,,,,
PROD001,,,,,,₹ 162,,,,,,,,,Sale,SALE1159,BUS001,2026-08-19,CUST031,7.0,0.0,₹ 1134,Credit,Pending,₹ 1134,Standard Sale,,,,,,,,,,,,,,,,,,,,,,,,,,,,,,
PROD008,,,,,,₹ 13,,,,,,,,,Sale,SALE1160,BUS001,2026-08-19,CUST034,10.0,0.0,₹ 130,UPI,Completed,0,Standard Sale,,,,,,,,,,,,,,,,,,,,,,,,,,,,,,
PROD008,,,,,,₹ 13,,,,,,,,,Sale,SALE1161,BUS001,2026-08-19,CUST025,6.0,0.0,₹ 78,Cash,Completed,0,Standard Sale,,,,,,,,,,,,,,,,,,,,,,,,,,,,,,
PROD005,,,,,,₹ 377,,,,,,,,,Sale,SALE1162,BUS001,2026-08-19,CUST002,7.0,0.0,₹ 2639,Cash,Completed,0,Standard Sale,,,,,,,,,,,,,,,,,,,,,,,,,,,,,,
PROD001,,,,,,₹ 162,,,,,,,,,Sale,SALE1163,BUS001,2026-08-20,CUST009,5.0,0.0,₹ 810,Cash,Completed,0,Standard Sale,,,,,,,,,,,,,,,,,,,,,,,,,,,,,,
PROD007,,,,,,₹ 678,,,,,,,,,Sale,SALE1164,BUS001,2026-08-20,CUST007,5.0,10.0,₹ 3051,UPI,Completed,0,Standard Sale,,,,,,,,,,,,,,,,,,,,,,,,,,,,,,
PROD001,,,,,,₹ 162,,,,,,,,,Sale,SALE1165,BUS001,2026-08-20,CUST031,3.0,0.0,₹ 486,UPI,Completed,0,Standard Sale,,,,,,,,,,,,,,,,,,,,,,,,,,,,,,
PROD005,,,,,,₹ 377,,,,,,,,,Sale,SALE1166,BUS001,2026-08-20,CUST033,7.0,0.0,₹ 2639,Cash,Completed,0,Standard Sale,,,,,,,,,,,,,,,,,,,,,,,,,,,,,,
PROD003,,,,,,₹ 9,,,,,,,,,Sale,SALE1167,BUS001,2026-08-20,CUST006,42.0,0.0,₹ 378,Cash,Completed,0,Standard Sale,,,,,,,,,,,,,,,,,,,,,,,,,,,,,,
PROD012,,,,,,₹ 316,,,,,,,,,Sale,SALE1168,BUS001,2026-08-20,CUST005,1.0,5.0,₹ 300,Cash,Completed,0,Standard Sale,,,,,,,,,,,,,,,,,,,,,,,,,,,,,,
PROD007,,,,,,₹ 678,,,,,,,,,Sale,SALE1169,BUS001,2026-08-20,CUST012,5.0,0.0,₹ 3390,Cash,Completed,0,Standard Sale,,,,,,,,,,,,,,,,,,,,,,,,,,,,,,
PROD011,,,,,,₹ 199,,,,,,,,,Sale,SALE1170,BUS001,2026-08-20,CUST011,3.0,0.0,₹ 597,UPI,Completed,0,Standard Sale,,,,,,,,,,,,,,,,,,,,,,,,,,,,,,
PROD007,,,,,,₹ 678,,,,,,,,,Sale,SALE1171,BUS001,2026-08-20,CUST040,2.0,0.0,₹ 1356,UPI,Completed,0,Standard Sale,,,,,,,,,,,,,,,,,,,,,,,,,,,,,,
PROD006,,,,,,₹ 2106,,,,,,,,,Sale,SALE1172,BUS001,2026-08-20,CUST003,2.0,0.0,₹ 4212,Cash,Completed,0,Standard Sale,,,,,,,,,,,,,,,,,,,,,,,,,,,,,,
PROD006,,,,,,₹ 2106,,,,,,,,,Sale,SALE1173,BUS001,2026-08-20,CUST005,1.0,0.0,₹ 2106,Cash,Completed,0,Standard Sale,,,,,,,,,,,,,,,,,,,,,,,,,,,,,,
PROD012,,,,,,₹ 316,,,,,,,,,Sale,SALE1174,BUS001,2026-08-20,CUST039,1.0,0.0,₹ 316,UPI,Completed,0,Standard Sale,,,,,,,,,,,,,,,,,,,,,,,,,,,,,,
PROD005,,,,,,₹ 377,,,,,,,,,Sale,SALE1175,BUS001,2026-08-20,CUST023,14.0,0.0,₹ 5278,Cash,Completed,0,Standard Sale,,,,,,,,,,,,,,,,,,,,,,,,,,,,,,
PROD011,,,,,,₹ 199,,,,,,,,,Sale,SALE1176,BUS001,2026-08-20,CUST010,1.0,0.0,₹ 199,Cash,Completed,0,Standard Sale,,,,,,,,,,,,,,,,,,,,,,,,,,,,,,
PROD005,,,,,,₹ 377,,,,,,,,,Sale,SALE1177,BUS001,2026-08-20,CUST002,15.0,5.0,₹ 5372,Cash,Completed,0,Standard Sale,,,,,,,,,,,,,,,,,,,,,,,,,,,,,,
PROD007,,,,,,₹ 678,,,,,,,,,Sale,SALE1178,BUS001,2026-08-20,CUST030,1.0,0.0,₹ 678,Cash,Completed,0,Standard Sale,,,,,,,,,,,,,,,,,,,,,,,,,,,,,,
PROD001,,,,,,₹ 162,,,,,,,,,Sale,SALE1179,BUS001,2026-08-20,CUST032,4.0,0.0,₹ 648,UPI,Completed,0,Standard Sale,,,,,,,,,,,,,,,,,,,,,,,,,,,,,,
PROD002,,,,,,₹ 95,,,,,,,,,Sale,SALE1180,BUS001,2026-08-20,CUST033,4.0,0.0,₹ 380,UPI,Completed,0,Standard Sale,,,,,,,,,,,,,,,,,,,,,,,,,,,,,,
PROD004,,,,,,₹ 61,,,,,,,,,Sale,SALE1181,BUS001,2026-08-20,CUST002,7.0,0.0,₹ 427,UPI,Completed,0,Standard Sale,,,,,,,,,,,,,,,,,,,,,,,,,,,,,,
PROD004,,,,,,₹ 61,,,,,,,,,Sale,SALE1182,BUS001,2026-08-20,CUST008,6.0,0.0,₹ 366,Credit,Pending,₹ 366,Standard Sale,,,,,,,,,,,,,,,,,,,,,,,,,,,,,,
PROD001,,,,,,₹ 162,,,,,,,,,Sale,SALE1183,BUS001,2026-08-20,CUST032,6.0,0.0,₹ 972,Cash,Completed,0,Standard Sale,,,,,,,,,,,,,,,,,,,,,,,,,,,,,,
PROD001,,,,,,₹ 162,,,,,,,,,Sale,SALE1184,BUS001,2026-08-20,CUST036,5.0,0.0,₹ 810,Cash,Completed,0,Standard Sale,,,,,,,,,,,,,,,,,,,,,,,,,,,,,,
PROD008,,,,,,₹ 13,,,,,,,,,Sale,SALE1185,BUS001,2026-08-20,CUST025,4.0,5.0,₹ 49,Cash,Completed,0,Standard Sale,,,,,,,,,,,,,,,,,,,,,,,,,,,,,,
PROD008,,,,,,₹ 13,,,,,,,,,Sale,SALE1186,BUS001,2026-08-20,CUST021,10.0,10.0,₹ 117,Cash,Completed,0,Standard Sale,,,,,,,,,,,,,,,,,,,,,,,,,,,,,,
PROD003,,,,,,₹ 9,,,,,,,,,Sale,SALE1187,BUS001,2026-08-20,CUST017,33.0,10.0,₹ 267,Cash,Completed,0,Standard Sale,,,,,,,,,,,,,,,,,,,,,,,,,,,,,,
PROD002,,,,,,₹ 95,,,,,,,,,Sale,SALE1188,BUS001,2026-08-20,CUST037,5.0,0.0,₹ 475,Cash,Completed,0,Standard Sale,,,,,,,,,,,,,,,,,,,,,,,,,,,,,,
PROD004,,,,,,₹ 61,,,,,,,,,Sale,SALE1189,BUS001,2026-08-20,CUST012,6.0,0.0,₹ 366,UPI,Completed,0,Standard Sale,,,,,,,,,,,,,,,,,,,,,,,,,,,,,,
PROD007,,,,,,₹ 678,,,,,,,,,Sale,SALE1190,BUS001,2026-08-20,CUST026,5.0,0.0,₹ 3390,UPI,Completed,0,Standard Sale,,,,,,,,,,,,,,,,,,,,,,,,,,,,,,
PROD008,,,,,,₹ 13,,,,,,,,,Sale,SALE1191,BUS001,2026-08-20,CUST027,5.0,0.0,₹ 65,Cash,Completed,0,Standard Sale,,,,,,,,,,,,,,,,,,,,,,,,,,,,,,
PROD007,,,,,,₹ 678,,,,,,,,,Sale,SALE1192,BUS001,2026-08-21,CUST009,4.0,0.0,₹ 2712,UPI,Completed,0,Standard Sale,,,,,,,,,,,,,,,,,,,,,,,,,,,,,,
PROD004,,,,,,₹ 61,,,,,,,,,Sale,SALE1193,BUS001,2026-08-21,CUST009,6.0,0.0,₹ 366,UPI,Completed,0,Standard Sale,,,,,,,,,,,,,,,,,,,,,,,,,,,,,,
PROD003,,,,,,₹ 9,,,,,,,,,Sale,SALE1194,BUS001,2026-08-21,CUST021,31.0,0.0,₹ 279,UPI,Completed,0,Standard Sale,,,,,,,,,,,,,,,,,,,,,,,,,,,,,,
PROD001,,,,,,₹ 162,,,,,,,,,Sale,SALE1195,BUS001,2026-08-21,CUST027,10.0,0.0,₹ 1620,UPI,Completed,0,Standard Sale,,,,,,,,,,,,,,,,,,,,,,,,,,,,,,
PROD001,,,,,,₹ 162,,,,,,,,,Sale,SALE1196,BUS001,2026-08-21,CUST033,10.0,5.0,₹ 1539,Cash,Completed,0,Standard Sale,,,,,,,,,,,,,,,,,,,,,,,,,,,,,,
PROD004,,,,,,₹ 61,,,,,,,,,Sale,SALE1197,BUS001,2026-08-21,CUST009,8.0,0.0,₹ 488,Credit,Pending,₹ 488,Standard Sale,,,,,,,,,,,,,,,,,,,,,,,,,,,,,,
PROD004,,,,,,₹ 61,,,,,,,,,Sale,SALE1198,BUS001,2026-08-21,CUST001,10.0,0.0,₹ 610,Cash,Completed,0,Standard Sale,,,,,,,,,,,,,,,,,,,,,,,,,,,,,,
PROD007,,,,,,₹ 678,,,,,,,,,Sale,SALE1199,BUS001,2026-08-21,CUST027,5.0,0.0,₹ 3390,UPI,Completed,0,Standard Sale,,,,,,,,,,,,,,,,,,,,,,,,,,,,,,
PROD004,,,,,,₹ 61,,,,,,,,,Sale,SALE1200,BUS001,2026-08-21,CUST026,2.0,0.0,₹ 122,Credit,Pending,₹ 122,Standard Sale,,,,,,,,,,,,,,,,,,,,,,,,,,,,,,
PROD006,,,,,,₹ 2106,,,,,,,,,Sale,SALE1201,BUS001,2026-08-21,CUST040,5.0,0.0,₹ 10530,Cash,Completed,0,Standard Sale,,,,,,,,,,,,,,,,,,,,,,,,,,,,,,
PROD003,,,,,,₹ 9,,,,,,,,,Sale,SALE1202,BUS001,2026-08-21,CUST021,17.0,0.0,₹ 153,Cash,Completed,0,Standard Sale,,,,,,,,,,,,,,,,,,,,,,,,,,,,,,
PROD001,,,,,,₹ 162,,,,,,,,,Sale,SALE1203,BUS001,2026-08-21,CUST040,7.0,0.0,₹ 1134,UPI,Completed,0,Standard Sale,,,,,,,,,,,,,,,,,,,,,,,,,,,,,,
PROD010,,,,,,₹ 440,,,,,,,,,Sale,SALE1204,BUS001,2026-08-21,CUST030,5.0,0.0,₹ 2200,UPI,Completed,0,Standard Sale,,,,,,,,,,,,,,,,,,,,,,,,,,,,,,
PROD009,,,,,,₹ 31,,,,,,,,,Sale,SALE1205,BUS001,2026-08-21,CUST015,4.0,10.0,₹ 111,Cash,Completed,0,Standard Sale,,,,,,,,,,,,,,,,,,,,,,,,,,,,,,
PROD003,,,,,,₹ 9,,,,,,,,,Sale,SALE1206,BUS001,2026-08-21,CUST017,14.0,0.0,₹ 126,UPI,Completed,0,Standard Sale,,,,,,,,,,,,,,,,,,,,,,,,,,,,,,
PROD004,,,,,,₹ 61,,,,,,,,,Sale,SALE1207,BUS001,2026-08-21,CUST039,7.0,0.0,₹ 427,Cash,Completed,0,Standard Sale,,,,,,,,,,,,,,,,,,,,,,,,,,,,,,
PROD004,,,,,,₹ 61,,,,,,,,,Sale,SALE1208,BUS001,2026-08-21,CUST040,6.0,0.0,₹ 366,Cash,Completed,0,Standard Sale,,,,,,,,,,,,,,,,,,,,,,,,,,,,,,
PROD012,,,,,,₹ 316,,,,,,,,,Sale,SALE1209,BUS001,2026-08-21,CUST023,1.0,0.0,₹ 316,Credit,Pending,₹ 316,Standard Sale,,,,,,,,,,,,,,,,,,,,,,,,,,,,,,
PROD005,,,,,,₹ 377,,,,,,,,,Sale,SALE1210,BUS001,2026-08-21,CUST001,3.0,0.0,₹ 1131,Cash,Completed,0,Standard Sale,,,,,,,,,,,,,,,,,,,,,,,,,,,,,,
PROD010,,,,,,₹ 440,,,,,,,,,Sale,SALE1211,BUS001,2026-08-21,CUST025,1.0,0.0,₹ 440,Cash,Completed,0,Standard Sale,,,,,,,,,,,,,,,,,,,,,,,,,,,,,,
PROD007,,,,,,₹ 678,,,,,,,,,Sale,SALE1212,BUS001,2026-08-21,CUST009,2.0,0.0,₹ 1356,UPI,Completed,0,Standard Sale,,,,,,,,,,,,,,,,,,,,,,,,,,,,,,
PROD009,,,,,,₹ 31,,,,,,,,,Sale,SALE1213,BUS001,2026-08-21,CUST017,5.0,0.0,₹ 155,UPI,Completed,0,Standard Sale,,,,,,,,,,,,,,,,,,,,,,,,,,,,,,
PROD005,,,,,,₹ 377,,,,,,,,,Sale,SALE1214,BUS001,2026-08-22,CUST022,5.0,0.0,₹ 1885,UPI,Completed,0,Standard Sale,,,,,,,,,,,,,,,,,,,,,,,,,,,,,,
PROD001,,,,,,₹ 162,,,,,,,,,Sale,SALE1215,BUS001,2026-08-22,CUST014,5.0,5.0,₹ 769,Cash,Completed,0,Standard Sale,,,,,,,,,,,,,,,,,,,,,,,,,,,,,,
PROD008,,,,,,₹ 13,,,,,,,,,Sale,SALE1216,BUS001,2026-08-22,CUST022,7.0,0.0,₹ 91,Credit,Pending,₹ 91,Standard Sale,,,,,,,,,,,,,,,,,,,,,,,,,,,,,,
PROD006,,,,,,₹ 2106,,,,,,,,,Sale,SALE1217,BUS001,2026-08-22,CUST037,3.0,0.0,₹ 6318,UPI,Completed,0,Standard Sale,,,,,,,,,,,,,,,,,,,,,,,,,,,,,,
PROD008,,,,,,₹ 13,,,,,,,,,Sale,SALE1218,BUS001,2026-08-22,CUST008,3.0,0.0,₹ 39,Cash,Completed,0,Standard Sale,,,,,,,,,,,,,,,,,,,,,,,,,,,,,,
PROD001,,,,,,₹ 162,,,,,,,,,Sale,SALE1219,BUS001,2026-08-22,CUST021,10.0,0.0,₹ 1620,UPI,Completed,0,Standard Sale,,,,,,,,,,,,,,,,,,,,,,,,,,,,,,
PROD001,,,,,,₹ 162,,,,,,,,,Sale,SALE1220,BUS001,2026-08-22,CUST011,10.0,0.0,₹ 1620,Cash,Completed,0,Standard Sale,,,,,,,,,,,,,,,,,,,,,,,,,,,,,,
PROD004,,,,,,₹ 61,,,,,,,,,Sale,SALE1221,BUS001,2026-08-22,CUST039,7.0,10.0,₹ 384,Cash,Completed,0,Standard Sale,,,,,,,,,,,,,,,,,,,,,,,,,,,,,,
PROD004,,,,,,₹ 61,,,,,,,,,Sale,SALE1222,BUS001,2026-08-22,CUST019,4.0,10.0,₹ 219,Cash,Completed,0,Standard Sale,,,,,,,,,,,,,,,,,,,,,,,,,,,,,,
PROD001,,,,,,₹ 162,,,,,,,,,Sale,SALE1223,BUS001,2026-08-22,CUST009,8.0,0.0,₹ 1296,Cash,Completed,0,Standard Sale,,,,,,,,,,,,,,,,,,,,,,,,,,,,,,
PROD007,,,,,,₹ 678,,,,,,,,,Sale,SALE1224,BUS001,2026-08-22,CUST019,3.0,0.0,₹ 2034,Cash,Completed,0,Standard Sale,,,,,,,,,,,,,,,,,,,,,,,,,,,,,,
PROD007,,,,,,₹ 678,,,,,,,,,Sale,SALE1225,BUS001,2026-08-22,CUST021,4.0,5.0,₹ 2576,Cash,Completed,0,Standard Sale,,,,,,,,,,,,,,,,,,,,,,,,,,,,,,
PROD004,,,,,,₹ 61,,,,,,,,,Sale,SALE1226,BUS001,2026-08-22,CUST027,9.0,0.0,₹ 549,Credit,Pending,₹ 549,Standard Sale,,,,,,,,,,,,,,,,,,,,,,,,,,,,,,
PROD005,,,,,,₹ 377,,,,,,,,,Sale,SALE1227,BUS001,2026-08-22,CUST007,10.0,0.0,₹ 3770,UPI,Completed,0,Standard Sale,,,,,,,,,,,,,,,,,,,,,,,,,,,,,,
PROD007,,,,,,₹ 678,,,,,,,,,Sale,SALE1228,BUS001,2026-08-22,CUST016,1.0,0.0,₹ 678,Cash,Completed,0,Standard Sale,,,,,,,,,,,,,,,,,,,,,,,,,,,,,,
PROD003,,,,,,₹ 9,,,,,,,,,Sale,SALE1229,BUS001,2026-08-22,CUST039,13.0,0.0,₹ 117,Cash,Completed,0,Standard Sale,,,,,,,,,,,,,,,,,,,,,,,,,,,,,,
PROD005,,,,,,₹ 377,,,,,,,,,Sale,SALE1230,BUS001,2026-08-22,CUST034,10.0,0.0,₹ 3770,Cash,Completed,0,Standard Sale,,,,,,,,,,,,,,,,,,,,,,,,,,,,,,
PROD008,,,,,,₹ 13,,,,,,,,,Sale,SALE1231,BUS001,2026-08-22,CUST035,9.0,0.0,₹ 117,Cash,Completed,0,Standard Sale,,,,,,,,,,,,,,,,,,,,,,,,,,,,,,
PROD009,,,,,,₹ 31,,,,,,,,,Sale,SALE1232,BUS001,2026-08-22,CUST030,1.0,0.0,₹ 31,Cash,Completed,0,Standard Sale,,,,,,,,,,,,,,,,,,,,,,,,,,,,,,
PROD005,,,,,,₹ 377,,,,,,,,,Sale,SALE1233,BUS001,2026-08-22,CUST019,5.0,0.0,₹ 1885,Cash,Completed,0,Standard Sale,,,,,,,,,,,,,,,,,,,,,,,,,,,,,,
PROD002,,,,,,₹ 95,,,,,,,,,Sale,SALE1234,BUS001,2026-08-22,CUST008,5.0,0.0,₹ 475,Cash,Completed,0,Standard Sale,,,,,,,,,,,,,,,,,,,,,,,,,,,,,,
PROD004,,,,,,₹ 61,,,,,,,,,Sale,SALE1235,BUS001,2026-08-22,CUST031,8.0,0.0,₹ 488,Cash,Completed,0,Standard Sale,,,,,,,,,,,,,,,,,,,,,,,,,,,,,,
PROD008,,,,,,₹ 13,,,,,,,,,Sale,SALE1236,BUS001,2026-08-23,CUST012,6.0,5.0,₹ 74,Cash,Completed,0,Standard Sale,,,,,,,,,,,,,,,,,,,,,,,,,,,,,,
PROD009,,,,,,₹ 31,,,,,,,,,Sale,SALE1237,BUS001,2026-08-23,CUST036,4.0,0.0,₹ 124,Cash,Completed,0,Standard Sale,,,,,,,,,,,,,,,,,,,,,,,,,,,,,,
PROD007,,,,,,₹ 678,,,,,,,,,Sale,SALE1238,BUS001,2026-08-23,CUST008,5.0,0.0,₹ 3390,Cash,Completed,0,Standard Sale,,,,,,,,,,,,,,,,,,,,,,,,,,,,,,
PROD008,,,,,,₹ 13,,,,,,,,,Sale,SALE1239,BUS001,2026-08-23,CUST036,6.0,0.0,₹ 78,Cash,Completed,0,Standard Sale,,,,,,,,,,,,,,,,,,,,,,,,,,,,,,
PROD003,,,,,,₹ 9,,,,,,,,,Sale,SALE1240,BUS001,2026-08-23,CUST040,15.0,0.0,₹ 135,Cash,Completed,0,Standard Sale,,,,,,,,,,,,,,,,,,,,,,,,,,,,,,
PROD001,,,,,,₹ 162,,,,,,,,,Sale,SALE1241,BUS001,2026-08-23,CUST030,3.0,0.0,₹ 486,Credit,Pending,₹ 486,Standard Sale,,,,,,,,,,,,,,,,,,,,,,,,,,,,,,
PROD009,,,,,,₹ 31,,,,,,,,,Sale,SALE1242,BUS001,2026-08-23,CUST025,2.0,0.0,₹ 62,Cash,Completed,0,Standard Sale,,,,,,,,,,,,,,,,,,,,,,,,,,,,,,
PROD003,,,,,,₹ 9,,,,,,,,,Sale,SALE1243,BUS001,2026-08-23,CUST014,26.0,0.0,₹ 234,Cash,Completed,0,Standard Sale,,,,,,,,,,,,,,,,,,,,,,,,,,,,,,
PROD011,,,,,,₹ 199,,,,,,,,,Sale,SALE1244,BUS001,2026-08-23,CUST024,2.0,0.0,₹ 398,Cash,Completed,0,Standard Sale,,,,,,,,,,,,,,,,,,,,,,,,,,,,,,
PROD008,,,,,,₹ 13,,,,,,,,,Sale,SALE1245,BUS001,2026-08-23,CUST007,7.0,0.0,₹ 91,Cash,Completed,0,Standard Sale,,,,,,,,,,,,,,,,,,,,,,,,,,,,,,
PROD006,,,,,,₹ 2106,,,,,,,,,Sale,SALE1246,BUS001,2026-08-23,CUST005,4.0,0.0,₹ 8424,Credit,Pending,₹ 8424,Standard Sale,,,,,,,,,,,,,,,,,,,,,,,,,,,,,,
PROD008,,,,,,₹ 13,,,,,,,,,Sale,SALE1247,BUS001,2026-08-23,CUST025,2.0,0.0,₹ 26,Cash,Completed,0,Standard Sale,,,,,,,,,,,,,,,,,,,,,,,,,,,,,,
PROD011,,,,,,₹ 199,,,,,,,,,Sale,SALE1248,BUS001,2026-08-23,CUST026,5.0,5.0,₹ 945,Cash,Completed,0,Standard Sale,,,,,,,,,,,,,,,,,,,,,,,,,,,,,,
PROD009,,,,,,₹ 31,,,,,,,,,Sale,SALE1249,BUS001,2026-08-23,CUST023,3.0,0.0,₹ 93,Cash,Completed,0,Standard Sale,,,,,,,,,,,,,,,,,,,,,,,,,,,,,,
PROD003,,,,,,₹ 9,,,,,,,,,Sale,SALE1250,BUS001,2026-08-23,CUST029,33.0,0.0,₹ 297,Cash,Completed,0,Standard Sale,,,,,,,,,,,,,,,,,,,,,,,,,,,,,,
PROD003,,,,,,₹ 9,,,,,,,,,Sale,SALE1251,BUS001,2026-08-23,CUST012,37.0,0.0,₹ 333,Cash,Completed,0,Standard Sale,,,,,,,,,,,,,,,,,,,,,,,,,,,,,,
PROD003,,,,,,₹ 9,,,,,,,,,Sale,SALE1252,BUS001,2026-08-24,CUST019,44.0,10.0,₹ 356,Cash,Completed,0,Standard Sale,,,,,,,,,,,,,,,,,,,,,,,,,,,,,,
PROD006,,,,,,₹ 2106,,,,,,,,,Sale,SALE1253,BUS001,2026-08-24,CUST002,2.0,0.0,₹ 4212,Cash,Completed,0,Standard Sale,,,,,,,,,,,,,,,,,,,,,,,,,,,,,,
PROD002,,,,,,₹ 95,,,,,,,,,Sale,SALE1254,BUS001,2026-08-24,CUST030,1.0,0.0,₹ 95,Cash,Completed,0,Standard Sale,,,,,,,,,,,,,,,,,,,,,,,,,,,,,,
PROD007,,,,,,₹ 678,,,,,,,,,Sale,SALE1255,BUS001,2026-08-24,CUST028,5.0,0.0,₹ 3390,UPI,Completed,0,Standard Sale,,,,,,,,,,,,,,,,,,,,,,,,,,,,,,
PROD012,,,,,,₹ 316,,,,,,,,,Sale,SALE1256,BUS001,2026-08-24,CUST039,3.0,0.0,₹ 948,Cash,Completed,0,Standard Sale,,,,,,,,,,,,,,,,,,,,,,,,,,,,,,
PROD006,,,,,,₹ 2106,,,,,,,,,Sale,SALE1257,BUS001,2026-08-25,CUST027,2.0,0.0,₹ 4212,Credit,Pending,₹ 4212,Standard Sale,,,,,,,,,,,,,,,,,,,,,,,,,,,,,,
PROD008,,,,,,₹ 13,,,,,,,,,Sale,SALE1258,BUS001,2026-08-25,CUST034,3.0,0.0,₹ 39,Credit,Pending,₹ 39,Standard Sale,,,,,,,,,,,,,,,,,,,,,,,,,,,,,,
PROD004,,,,,,₹ 61,,,,,,,,,Sale,SALE1259,BUS001,2026-08-25,CUST038,3.0,0.0,₹ 183,Credit,Pending,₹ 183,Standard Sale,,,,,,,,,,,,,,,,,,,,,,,,,,,,,,
PROD003,,,,,,₹ 9,,,,,,,,,Sale,SALE1260,BUS001,2026-08-25,CUST037,15.0,5.0,₹ 128,Cash,Completed,0,Standard Sale,,,,,,,,,,,,,,,,,,,,,,,,,,,,,,
PROD001,,,,,,₹ 162,,,,,,,,,Sale,SALE1261,BUS001,2026-08-25,CUST001,2.0,10.0,₹ 291,UPI,Completed,0,Standard Sale,,,,,,,,,,,,,,,,,,,,,,,,,,,,,,
PROD007,,,,,,₹ 678,,,,,,,,,Sale,SALE1262,BUS001,2026-08-25,CUST001,4.0,10.0,₹ 2440,Credit,Pending,₹ 2440,Standard Sale,,,,,,,,,,,,,,,,,,,,,,,,,,,,,,
PROD001,,,,,,₹ 162,,,,,,,,,Sale,SALE1263,BUS001,2026-08-25,CUST039,8.0,5.0,₹ 1231,Cash,Completed,0,Standard Sale,,,,,,,,,,,,,,,,,,,,,,,,,,,,,,
PROD006,,,,,,₹ 2106,,,,,,,,,Sale,SALE1264,BUS001,2026-08-25,CUST034,5.0,0.0,₹ 10530,Credit,Pending,₹ 10530,Standard Sale,,,,,,,,,,,,,,,,,,,,,,,,,,,,,,
PROD006,,,,,,₹ 2106,,,,,,,,,Sale,SALE1265,BUS001,2026-08-25,CUST022,2.0,0.0,₹ 4212,UPI,Completed,0,Standard Sale,,,,,,,,,,,,,,,,,,,,,,,,,,,,,,
PROD006,,,,,,₹ 2106,,,,,,,,,Sale,SALE1266,BUS001,2026-08-25,CUST021,5.0,0.0,₹ 10530,Cash,Completed,0,Standard Sale,,,,,,,,,,,,,,,,,,,,,,,,,,,,,,
PROD005,,,,,,₹ 377,,,,,,,,,Sale,SALE1267,BUS001,2026-08-25,CUST030,14.0,0.0,₹ 5278,UPI,Completed,0,Standard Sale,,,,,,,,,,,,,,,,,,,,,,,,,,,,,,
PROD007,,,,,,₹ 678,,,,,,,,,Sale,SALE1268,BUS001,2026-08-25,CUST007,3.0,0.0,₹ 2034,Cash,Completed,0,Standard Sale,,,,,,,,,,,,,,,,,,,,,,,,,,,,,,
PROD008,,,,,,₹ 13,,,,,,,,,Sale,SALE1269,BUS001,2026-08-25,CUST002,5.0,0.0,₹ 65,Cash,Completed,0,Standard Sale,,,,,,,,,,,,,,,,,,,,,,,,,,,,,,
PROD001,,,,,,₹ 162,,,,,,,,,Sale,SALE1270,BUS001,2026-08-25,CUST007,7.0,0.0,₹ 1134,UPI,Completed,0,Standard Sale,,,,,,,,,,,,,,,,,,,,,,,,,,,,,,
PROD008,,,,,,₹ 13,,,,,,,,,Sale,SALE1271,BUS001,2026-08-25,CUST001,8.0,0.0,₹ 104,UPI,Completed,0,Standard Sale,,,,,,,,,,,,,,,,,,,,,,,,,,,,,,
PROD007,,,,,,₹ 678,,,,,,,,,Sale,SALE1272,BUS001,2026-08-25,CUST015,4.0,0.0,₹ 2712,UPI,Completed,0,Standard Sale,,,,,,,,,,,,,,,,,,,,,,,,,,,,,,
PROD009,,,,,,₹ 31,,,,,,,,,Sale,SALE1273,BUS001,2026-08-25,CUST027,4.0,5.0,₹ 117,Cash,Completed,0,Standard Sale,,,,,,,,,,,,,,,,,,,,,,,,,,,,,,
PROD009,,,,,,₹ 31,,,,,,,,,Sale,SALE1274,BUS001,2026-08-25,CUST029,4.0,0.0,₹ 124,Cash,Completed,0,Standard Sale,,,,,,,,,,,,,,,,,,,,,,,,,,,,,,
PROD004,,,,,,₹ 61,,,,,,,,,Sale,SALE1275,BUS001,2026-08-25,CUST017,5.0,10.0,₹ 274,UPI,Completed,0,Standard Sale,,,,,,,,,,,,,,,,,,,,,,,,,,,,,,
PROD001,,,,,,₹ 162,,,,,,,,,Sale,SALE1276,BUS001,2026-08-25,CUST029,5.0,0.0,₹ 810,Cash,Completed,0,Standard Sale,,,,,,,,,,,,,,,,,,,,,,,,,,,,,,
PROD010,,,,,,₹ 440,,,,,,,,,Sale,SALE1277,BUS001,2026-08-25,CUST035,2.0,0.0,₹ 880,Cash,Completed,0,Standard Sale,,,,,,,,,,,,,,,,,,,,,,,,,,,,,,
PROD001,,,,,,₹ 162,,,,,,,,,Sale,SALE1278,BUS001,2026-08-25,CUST030,4.0,0.0,₹ 648,Cash,Completed,0,Standard Sale,,,,,,,,,,,,,,,,,,,,,,,,,,,,,,
PROD009,,,,,,₹ 31,,,,,,,,,Sale,SALE1279,BUS001,2026-08-26,CUST019,5.0,5.0,₹ 147,Cash,Completed,0,Standard Sale,,,,,,,,,,,,,,,,,,,,,,,,,,,,,,
PROD003,,,,,,₹ 9,,,,,,,,,Sale,SALE1280,BUS001,2026-08-26,CUST039,43.0,0.0,₹ 387,Cash,Completed,0,Standard Sale,,,,,,,,,,,,,,,,,,,,,,,,,,,,,,
PROD008,,,,,,₹ 13,,,,,,,,,Sale,SALE1281,BUS001,2026-08-26,CUST010,7.0,0.0,₹ 91,UPI,Completed,0,Standard Sale,,,,,,,,,,,,,,,,,,,,,,,,,,,,,,
PROD003,,,,,,₹ 9,,,,,,,,,Sale,SALE1282,BUS001,2026-08-26,CUST039,38.0,0.0,₹ 342,UPI,Completed,0,Standard Sale,,,,,,,,,,,,,,,,,,,,,,,,,,,,,,
PROD002,,,,,,₹ 95,,,,,,,,,Sale,SALE1283,BUS001,2026-08-26,CUST005,3.0,0.0,₹ 285,Cash,Completed,0,Standard Sale,,,,,,,,,,,,,,,,,,,,,,,,,,,,,,
PROD009,,,,,,₹ 31,,,,,,,,,Sale,SALE1284,BUS001,2026-08-26,CUST032,5.0,5.0,₹ 147,UPI,Completed,0,Standard Sale,,,,,,,,,,,,,,,,,,,,,,,,,,,,,,
PROD002,,,,,,₹ 95,,,,,,,,,Sale,SALE1285,BUS001,2026-08-26,CUST016,4.0,0.0,₹ 380,Cash,Completed,0,Standard Sale,,,,,,,,,,,,,,,,,,,,,,,,,,,,,,
PROD003,,,,,,₹ 9,,,,,,,,,Sale,SALE1286,BUS001,2026-08-26,CUST025,24.0,0.0,₹ 216,Cash,Completed,0,Standard Sale,,,,,,,,,,,,,,,,,,,,,,,,,,,,,,
PROD008,,,,,,₹ 13,,,,,,,,,Sale,SALE1287,BUS001,2026-08-26,CUST036,5.0,0.0,₹ 65,UPI,Completed,0,Standard Sale,,,,,,,,,,,,,,,,,,,,,,,,,,,,,,
PROD006,,,,,,₹ 2106,,,,,,,,,Sale,SALE1288,BUS001,2026-08-26,CUST028,1.0,0.0,₹ 2106,UPI,Completed,0,Standard Sale,,,,,,,,,,,,,,,,,,,,,,,,,,,,,,
PROD009,,,,,,₹ 31,,,,,,,,,Sale,SALE1289,BUS001,2026-08-26,CUST032,5.0,0.0,₹ 155,Cash,Completed,0,Standard Sale,,,,,,,,,,,,,,,,,,,,,,,,,,,,,,
PROD005,,,,,,₹ 377,,,,,,,,,Sale,SALE1290,BUS001,2026-08-26,CUST023,5.0,0.0,₹ 1885,Cash,Completed,0,Standard Sale,,,,,,,,,,,,,,,,,,,,,,,,,,,,,,
PROD005,,,,,,₹ 377,,,,,,,,,Sale,SALE1291,BUS001,2026-08-26,CUST036,12.0,0.0,₹ 4524,UPI,Completed,0,Standard Sale,,,,,,,,,,,,,,,,,,,,,,,,,,,,,,
PROD005,,,,,,₹ 377,,,,,,,,,Sale,SALE1292,BUS001,2026-08-26,CUST004,3.0,0.0,₹ 1131,Cash,Completed,0,Standard Sale,,,,,,,,,,,,,,,,,,,,,,,,,,,,,,
PROD010,,,,,,₹ 440,,,,,,,,,Sale,SALE1293,BUS001,2026-08-26,CUST014,2.0,10.0,₹ 792,Cash,Completed,0,Standard Sale,,,,,,,,,,,,,,,,,,,,,,,,,,,,,,
PROD007,,,,,,₹ 678,,,,,,,,,Sale,SALE1294,BUS001,2026-08-26,CUST025,4.0,0.0,₹ 2712,Cash,Completed,0,Standard Sale,,,,,,,,,,,,,,,,,,,,,,,,,,,,,,
PROD004,,,,,,₹ 61,,,,,,,,,Sale,SALE1295,BUS001,2026-08-26,CUST008,6.0,5.0,₹ 347,Credit,Pending,₹ 347,Standard Sale,,,,,,,,,,,,,,,,,,,,,,,,,,,,,,
PROD008,,,,,,₹ 13,,,,,,,,,Sale,SALE1296,BUS001,2026-08-26,CUST035,6.0,0.0,₹ 78,Cash,Completed,0,Standard Sale,,,,,,,,,,,,,,,,,,,,,,,,,,,,,,
PROD005,,,,,,₹ 377,,,,,,,,,Sale,SALE1297,BUS001,2026-08-26,CUST017,4.0,5.0,₹ 1432,Cash,Completed,0,Standard Sale,,,,,,,,,,,,,,,,,,,,,,,,,,,,,,
PROD009,,,,,,₹ 31,,,,,,,,,Sale,SALE1298,BUS001,2026-08-26,CUST007,4.0,10.0,₹ 111,Credit,Pending,₹ 111,Standard Sale,,,,,,,,,,,,,,,,,,,,,,,,,,,,,,
PROD006,,,,,,₹ 2106,,,,,,,,,Sale,SALE1299,BUS001,2026-08-26,CUST016,1.0,0.0,₹ 2106,Cash,Completed,0,Standard Sale,,,,,,,,,,,,,,,,,,,,,,,,,,,,,,
PROD004,,,,,,₹ 61,,,,,,,,,Sale,SALE1300,BUS001,2026-08-26,CUST038,4.0,0.0,₹ 244,Cash,Completed,0,Standard Sale,,,,,,,,,,,,,,,,,,,,,,,,,,,,,,
PROD008,,,,,,₹ 13,,,,,,,,,Sale,SALE1301,BUS001,2026-08-26,CUST015,5.0,0.0,₹ 65,Cash,Completed,0,Standard Sale,,,,,,,,,,,,,,,,,,,,,,,,,,,,,,
PROD008,,,,,,₹ 13,,,,,,,,,Sale,SALE1302,BUS001,2026-08-27,CUST033,6.0,0.0,₹ 78,Credit,Pending,₹ 78,Standard Sale,,,,,,,,,,,,,,,,,,,,,,,,,,,,,,
PROD007,,,,,,₹ 678,,,,,,,,,Sale,SALE1303,BUS001,2026-08-27,CUST008,1.0,10.0,₹ 610,UPI,Completed,0,Standard Sale,,,,,,,,,,,,,,,,,,,,,,,,,,,,,,
PROD006,,,,,,₹ 2106,,,,,,,,,Sale,SALE1304,BUS001,2026-08-27,CUST030,5.0,0.0,₹ 10530,Cash,Completed,0,Standard Sale,,,,,,,,,,,,,,,,,,,,,,,,,,,,,,
PROD001,,,,,,₹ 162,,,,,,,,,Sale,SALE1305,BUS001,2026-08-27,CUST035,5.0,0.0,₹ 810,Cash,Completed,0,Standard Sale,,,,,,,,,,,,,,,,,,,,,,,,,,,,,,
PROD001,,,,,,₹ 162,,,,,,,,,Sale,SALE1306,BUS001,2026-08-27,CUST017,2.0,0.0,₹ 324,Cash,Completed,0,Standard Sale,,,,,,,,,,,,,,,,,,,,,,,,,,,,,,
PROD008,,,,,,₹ 13,,,,,,,,,Sale,SALE1307,BUS001,2026-08-27,CUST006,4.0,0.0,₹ 52,Cash,Completed,0,Standard Sale,,,,,,,,,,,,,,,,,,,,,,,,,,,,,,
PROD006,,,,,,₹ 2106,,,,,,,,,Sale,SALE1308,BUS001,2026-08-27,CUST029,3.0,10.0,₹ 5686,Credit,Pending,₹ 5686,Standard Sale,,,,,,,,,,,,,,,,,,,,,,,,,,,,,,
PROD002,,,,,,₹ 95,,,,,,,,,Sale,SALE1309,BUS001,2026-08-27,CUST020,2.0,0.0,₹ 190,Cash,Completed,0,Standard Sale,,,,,,,,,,,,,,,,,,,,,,,,,,,,,,
PROD008,,,,,,₹ 13,,,,,,,,,Sale,SALE1310,BUS001,2026-08-27,CUST008,3.0,0.0,₹ 39,Cash,Completed,0,Standard Sale,,,,,,,,,,,,,,,,,,,,,,,,,,,,,,
PROD005,,,,,,₹ 377,,,,,,,,,Sale,SALE1311,BUS001,2026-08-27,CUST029,14.0,0.0,₹ 5278,Cash,Completed,0,Standard Sale,,,,,,,,,,,,,,,,,,,,,,,,,,,,,,
PROD003,,,,,,₹ 9,,,,,,,,,Sale,SALE1312,BUS001,2026-08-27,CUST009,41.0,0.0,₹ 369,Cash,Completed,0,Standard Sale,,,,,,,,,,,,,,,,,,,,,,,,,,,,,,
PROD004,,,,,,₹ 61,,,,,,,,,Sale,SALE1313,BUS001,2026-08-27,CUST038,2.0,0.0,₹ 122,Cash,Completed,0,Standard Sale,,,,,,,,,,,,,,,,,,,,,,,,,,,,,,
PROD008,,,,,,₹ 13,,,,,,,,,Sale,SALE1314,BUS001,2026-08-27,CUST010,6.0,0.0,₹ 78,Cash,Completed,0,Standard Sale,,,,,,,,,,,,,,,,,,,,,,,,,,,,,,
PROD005,,,,,,₹ 377,,,,,,,,,Sale,SALE1315,BUS001,2026-08-27,CUST032,3.0,5.0,₹ 1074,Cash,Completed,0,Standard Sale,,,,,,,,,,,,,,,,,,,,,,,,,,,,,,
PROD003,,,,,,₹ 9,,,,,,,,,Sale,SALE1316,BUS001,2026-08-27,CUST003,48.0,0.0,₹ 432,UPI,Completed,0,Standard Sale,,,,,,,,,,,,,,,,,,,,,,,,,,,,,,
PROD007,,,,,,₹ 678,,,,,,,,,Sale,SALE1317,BUS001,2026-08-27,CUST032,4.0,10.0,₹ 2440,Cash,Completed,0,Standard Sale,,,,,,,,,,,,,,,,,,,,,,,,,,,,,,
PROD008,,,,,,₹ 13,,,,,,,,,Sale,SALE1318,BUS001,2026-08-28,CUST023,9.0,0.0,₹ 117,Cash,Completed,0,Standard Sale,,,,,,,,,,,,,,,,,,,,,,,,,,,,,,
PROD012,,,,,,₹ 316,,,,,,,,,Sale,SALE1319,BUS001,2026-08-28,CUST006,4.0,5.0,₹ 1200,Cash,Completed,0,Standard Sale,,,,,,,,,,,,,,,,,,,,,,,,,,,,,,
PROD005,,,,,,₹ 377,,,,,,,,,Sale,SALE1320,BUS001,2026-08-28,CUST026,15.0,0.0,₹ 5655,Cash,Completed,0,Standard Sale,,,,,,,,,,,,,,,,,,,,,,,,,,,,,,
PROD008,,,,,,₹ 13,,,,,,,,,Sale,SALE1321,BUS001,2026-08-28,CUST030,4.0,0.0,₹ 52,Cash,Completed,0,Standard Sale,,,,,,,,,,,,,,,,,,,,,,,,,,,,,,
PROD010,,,,,,₹ 440,,,,,,,,,Sale,SALE1322,BUS001,2026-08-28,CUST020,1.0,0.0,₹ 440,Cash,Completed,0,Standard Sale,,,,,,,,,,,,,,,,,,,,,,,,,,,,,,
PROD005,,,,,,₹ 377,,,,,,,,,Sale,SALE1323,BUS001,2026-08-28,CUST024,15.0,0.0,₹ 5655,UPI,Completed,0,Standard Sale,,,,,,,,,,,,,,,,,,,,,,,,,,,,,,
PROD007,,,,,,₹ 678,,,,,,,,,Sale,SALE1324,BUS001,2026-08-28,CUST019,5.0,0.0,₹ 3390,Cash,Completed,0,Standard Sale,,,,,,,,,,,,,,,,,,,,,,,,,,,,,,
PROD005,,,,,,₹ 377,,,,,,,,,Sale,SALE1325,BUS001,2026-08-28,CUST034,13.0,0.0,₹ 4901,Credit,Pending,₹ 4901,Standard Sale,,,,,,,,,,,,,,,,,,,,,,,,,,,,,,
PROD002,,,,,,₹ 95,,,,,,,,,Sale,SALE1326,BUS001,2026-08-28,CUST004,5.0,0.0,₹ 475,Cash,Completed,0,Standard Sale,,,,,,,,,,,,,,,,,,,,,,,,,,,,,,
PROD006,,,,,,₹ 2106,,,,,,,,,Sale,SALE1327,BUS001,2026-08-28,CUST028,4.0,10.0,₹ 7581,UPI,Completed,0,Standard Sale,,,,,,,,,,,,,,,,,,,,,,,,,,,,,,
PROD003,,,,,,₹ 9,,,,,,,,,Sale,SALE1328,BUS001,2026-08-28,CUST031,46.0,0.0,₹ 414,UPI,Completed,0,Standard Sale,,,,,,,,,,,,,,,,,,,,,,,,,,,,,,
PROD009,,,,,,₹ 31,,,,,,,,,Sale,SALE1329,BUS001,2026-08-28,CUST001,3.0,0.0,₹ 93,UPI,Completed,0,Standard Sale,,,,,,,,,,,,,,,,,,,,,,,,,,,,,,
PROD004,,,,,,₹ 61,,,,,,,,,Sale,SALE1330,BUS001,2026-08-28,CUST040,6.0,0.0,₹ 366,Cash,Completed,0,Standard Sale,,,,,,,,,,,,,,,,,,,,,,,,,,,,,,
PROD010,,,,,,₹ 440,,,,,,,,,Sale,SALE1331,BUS001,2026-08-28,CUST013,3.0,0.0,₹ 1320,Credit,Pending,₹ 1320,Standard Sale,,,,,,,,,,,,,,,,,,,,,,,,,,,,,,
PROD003,,,,,,₹ 9,,,,,,,,,Sale,SALE1332,BUS001,2026-08-28,CUST005,26.0,0.0,₹ 234,UPI,Completed,0,Standard Sale,,,,,,,,,,,,,,,,,,,,,,,,,,,,,,
PROD008,,,,,,₹ 13,,,,,,,,,Sale,SALE1333,BUS001,2026-08-29,CUST027,2.0,0.0,₹ 26,UPI,Completed,0,Standard Sale,,,,,,,,,,,,,,,,,,,,,,,,,,,,,,
PROD008,,,,,,₹ 13,,,,,,,,,Sale,SALE1334,BUS001,2026-08-29,CUST003,8.0,0.0,₹ 104,Cash,Completed,0,Standard Sale,,,,,,,,,,,,,,,,,,,,,,,,,,,,,,
PROD004,,,,,,₹ 61,,,,,,,,,Sale,SALE1335,BUS001,2026-08-29,CUST026,8.0,0.0,₹ 488,Cash,Completed,0,Standard Sale,,,,,,,,,,,,,,,,,,,,,,,,,,,,,,
PROD003,,,,,,₹ 9,,,,,,,,,Sale,SALE1336,BUS001,2026-08-29,CUST010,25.0,5.0,₹ 213,Cash,Completed,0,Standard Sale,,,,,,,,,,,,,,,,,,,,,,,,,,,,,,
PROD004,,,,,,₹ 61,,,,,,,,,Sale,SALE1337,BUS001,2026-08-29,CUST018,3.0,0.0,₹ 183,Cash,Completed,0,Standard Sale,,,,,,,,,,,,,,,,,,,,,,,,,,,,,,
PROD003,,,,,,₹ 9,,,,,,,,,Sale,SALE1338,BUS001,2026-08-29,CUST009,47.0,0.0,₹ 423,Cash,Completed,0,Standard Sale,,,,,,,,,,,,,,,,,,,,,,,,,,,,,,
PROD009,,,,,,₹ 31,,,,,,,,,Sale,SALE1339,BUS001,2026-08-29,CUST032,5.0,0.0,₹ 155,Cash,Completed,0,Standard Sale,,,,,,,,,,,,,,,,,,,,,,,,,,,,,,
PROD007,,,,,,₹ 678,,,,,,,,,Sale,SALE1340,BUS001,2026-08-29,CUST018,3.0,0.0,₹ 2034,Cash,Completed,0,Standard Sale,,,,,,,,,,,,,,,,,,,,,,,,,,,,,,
PROD010,,,,,,₹ 440,,,,,,,,,Sale,SALE1341,BUS001,2026-08-29,CUST025,1.0,0.0,₹ 440,Cash,Completed,0,Standard Sale,,,,,,,,,,,,,,,,,,,,,,,,,,,,,,
PROD003,,,,,,₹ 9,,,,,,,,,Sale,SALE1342,BUS001,2026-08-29,CUST019,40.0,0.0,₹ 360,Cash,Completed,0,Standard Sale,,,,,,,,,,,,,,,,,,,,,,,,,,,,,,
PROD008,,,,,,₹ 13,,,,,,,,,Sale,SALE1343,BUS001,2026-08-29,CUST025,9.0,0.0,₹ 117,Credit,Pending,₹ 117,Standard Sale,,,,,,,,,,,,,,,,,,,,,,,,,,,,,,
PROD005,,,,,,₹ 377,,,,,,,,,Sale,SALE1344,BUS001,2026-08-29,CUST035,13.0,0.0,₹ 4901,Cash,Completed,0,Standard Sale,,,,,,,,,,,,,,,,,,,,,,,,,,,,,,
PROD002,,,,,,₹ 95,,,,,,,,,Sale,SALE1345,BUS001,2026-08-29,CUST002,3.0,5.0,₹ 270,UPI,Completed,0,Standard Sale,,,,,,,,,,,,,,,,,,,,,,,,,,,,,,
PROD001,,,,,,₹ 162,,,,,,,,,Sale,SALE1346,BUS001,2026-08-29,CUST017,2.0,10.0,₹ 291,Cash,Completed,0,Standard Sale,,,,,,,,,,,,,,,,,,,,,,,,,,,,,,
PROD006,,,,,,₹ 2106,,,,,,,,,Sale,SALE1347,BUS001,2026-08-29,CUST031,2.0,0.0,₹ 4212,Cash,Completed,0,Standard Sale,,,,,,,,,,,,,,,,,,,,,,,,,,,,,,
PROD008,,,,,,₹ 13,,,,,,,,,Sale,SALE1348,BUS001,2026-08-29,CUST035,9.0,0.0,₹ 117,UPI,Completed,0,Standard Sale,,,,,,,,,,,,,,,,,,,,,,,,,,,,,,
PROD001,,,,,,₹ 162,,,,,,,,,Sale,SALE1349,BUS001,2026-08-29,CUST003,9.0,0.0,₹ 1458,Credit,Pending,₹ 1458,Standard Sale,,,,,,,,,,,,,,,,,,,,,,,,,,,,,,
PROD001,,,,,,₹ 162,,,,,,,,,Sale,SALE1350,BUS001,2026-08-29,CUST037,4.0,0.0,₹ 648,Cash,Completed,0,Standard Sale,,,,,,,,,,,,,,,,,,,,,,,,,,,,,,
PROD005,,,,,,₹ 377,,,,,,,,,Sale,SALE1351,BUS001,2026-08-30,CUST021,12.0,0.0,₹ 4524,Cash,Completed,0,Standard Sale,,,,,,,,,,,,,,,,,,,,,,,,,,,,,,
PROD007,,,,,,₹ 678,,,,,,,,,Sale,SALE1352,BUS001,2026-08-30,CUST034,4.0,0.0,₹ 2712,Credit,Pending,₹ 2712,Standard Sale,,,,,,,,,,,,,,,,,,,,,,,,,,,,,,
PROD005,,,,,,₹ 377,,,,,,,,,Sale,SALE1353,BUS001,2026-08-30,CUST007,15.0,10.0,₹ 5089,Cash,Completed,0,Standard Sale,,,,,,,,,,,,,,,,,,,,,,,,,,,,,,
PROD003,,,,,,₹ 9,,,,,,,,,Sale,SALE1354,BUS001,2026-08-30,CUST038,25.0,10.0,₹ 202,Cash,Completed,0,Standard Sale,,,,,,,,,,,,,,,,,,,,,,,,,,,,,,
PROD006,,,,,,₹ 2106,,,,,,,,,Sale,SALE1355,BUS001,2026-08-30,CUST011,1.0,0.0,₹ 2106,Cash,Completed,0,Standard Sale,,,,,,,,,,,,,,,,,,,,,,,,,,,,,,
PROD006,,,,,,₹ 2106,,,,,,,,,Sale,SALE1356,BUS001,2026-08-30,CUST019,4.0,0.0,₹ 8424,Cash,Completed,0,Standard Sale,,,,,,,,,,,,,,,,,,,,,,,,,,,,,,
PROD002,,,,,,₹ 95,,,,,,,,,Sale,SALE1357,BUS001,2026-08-30,CUST040,1.0,0.0,₹ 95,Cash,Completed,0,Standard Sale,,,,,,,,,,,,,,,,,,,,,,,,,,,,,,
PROD004,,,,,,₹ 61,,,,,,,,,Sale,SALE1358,BUS001,2026-08-30,CUST032,9.0,0.0,₹ 549,UPI,Completed,0,Standard Sale,,,,,,,,,,,,,,,,,,,,,,,,,,,,,,
PROD002,,,,,,₹ 95,,,,,,,,,Sale,SALE1359,BUS001,2026-08-30,CUST030,5.0,0.0,₹ 475,Cash,Completed,0,Standard Sale,,,,,,,,,,,,,,,,,,,,,,,,,,,,,,
PROD001,,,,,,₹ 162,,,,,,,,,Sale,SALE1360,BUS001,2026-08-30,CUST024,9.0,0.0,₹ 1458,Credit,Pending,₹ 1458,Standard Sale,,,,,,,,,,,,,,,,,,,,,,,,,,,,,,
PROD005,,,,,,₹ 377,,,,,,,,,Sale,SALE1361,BUS001,2026-08-30,CUST008,8.0,0.0,₹ 3016,Credit,Pending,₹ 3016,Standard Sale,,,,,,,,,,,,,,,,,,,,,,,,,,,,,,
PROD003,,,,,,₹ 9,,,,,,,,,Sale,SALE1362,BUS001,2026-08-30,CUST034,24.0,0.0,₹ 216,Cash,Completed,0,Standard Sale,,,,,,,,,,,,,,,,,,,,,,,,,,,,,,
PROD001,,,,,,₹ 162,,,,,,,,,Sale,SALE1363,BUS001,2026-08-30,CUST039,10.0,0.0,₹ 1620,Credit,Pending,₹ 1620,Standard Sale,,,,,,,,,,,,,,,,,,,,,,,,,,,,,,
,,Rent,,,,,,,,,,Rent Expense,,,Expense,,BUS001,2026-08-14,,,,,,Paid,,Standard monthly,EXP001,₹ 8000,Yes,,,,,,,,,,,,,,,,,,,,,,,,,,,
,,Salary,,,,,,,,,,Salary Expense,,,Expense,,BUS001,2026-08-01,,,,,,Paid,,Standard monthly,EXP002,₹ 12000,Yes,,,,,,,,,,,,,,,,,,,,,,,,,,,
,,Electricity,,,,,,,,,,Electricity Expense,,,Expense,,BUS001,2026-08-20,,,,,,Paid,,Standard monthly,EXP003,₹ 3000,No,,,,,,,,,,,,,,,,,,,,,,,,,,,
,,Transport,,,,,,,,,,Transport Expense,,,Expense,,BUS001,2026-08-07,,,,,,Paid,,Standard monthly,EXP004,₹ 8000,No,,,,,,,,,,,,,,,,,,,,,,,,,,,
,,Maintenance,,,,,,,,,,Maintenance Expense,,,Expense,,BUS001,2026-08-02,,,,,,Paid,,Standard monthly,EXP005,₹ 5000,No,,,,,,,,,,,,,,,,,,,,,,,,,,,
,,Marketing,,,,,,,,,,Marketing Expense,,,Expense,,BUS001,2026-08-18,,,,,,Paid,,Standard monthly,EXP006,₹ 0,No,,,,,,,,,,,,,,,,,,,,,,,,,,,
,,Miscellaneous,,,,,,,,,,Miscellaneous Expense,,,Expense,,BUS001,2026-08-11,,,,,,Paid,,Standard monthly,EXP007,₹ 4000,No,,,,,,,,,,,,,,,,,,,,,,,,,,,
,,,,,,,,,,,,,,,Receivable,,,,CUST001,,,,,,,,,,,Suresh Patel,Suresh Retail Shop,9876543337.0,sureshretailshop@example.com,Raipur,Institutional Buyer,2025-04-17,3.8,0.0,,,,,,,,,,,,,,,,,,
,,,,,,,,,,,,,,,Receivable,,,,CUST002,,,,,,,,,,,Ramesh Singh,Ramesh Enterprises,9876541567.0,rameshenterprises@example.com,Bilaspur,Wholesaler,2024-09-22,4.6,0.0,,,,,,,,,,,,,,,,,,
,,,,,,,,,,,,,,,Receivable,,,,CUST003,,,,,,,,,,,Sanjay Joshi,Sanjay Plumbing Supplier,9876549048.0,sanjayplumbingsupplier@example.com,Raipur,Institutional Buyer,2026-04-25,4.0,0.0,,,,,,,,,,,,,,,,,,
,,,,,,,,,,,,,,,Receivable,,,,CUST004,,,,,,,,,,,Ramesh Singh,Ramesh Plumbing Supplier,9876546476.0,rameshplumbingsupplier@example.com,Rajnandgaon,Institutional Buyer,2025-06-10,3.6,0.0,,,,,,,,,,,,,,,,,,
,,,,,,,,,,,,,,,Receivable,,,,CUST005,,,,,,,,,,,Rajesh Kumar,Rajesh Wholesale,9876549625.0,rajeshwholesale@example.com,Ambikapur,Wholesaler,2024-04-20,4.3,0.0,,,,,,,,,,,,,,,,,,
,,,,,,,,,,,,,,,Receivable,,,,CUST006,,,,,,,,,,,Suresh Patel,Suresh Electricals,9876543255.0,sureshelectricals@example.com,Korba,Contractor,2025-10-15,3.8,0.0,,,,,,,,,,,,,,,,,,
,,,,,,,,,,,,,,,Receivable,,,,CUST007,,,,,,,,,,,Ramesh Singh,Ramesh Builders,9876542171.0,rameshbuilders@example.com,Bilaspur,Contractor,2024-07-10,4.6,0.0,,,,,,,,,,,,,,,,,,
,,,,,,,,,,,,,,,Receivable,,,,CUST008,,,,,,,,,,,Amit Sharma,Amit Contractors,9876543138.0,amitcontractors@example.com,Bhilai,Retailer,2024-12-22,4.5,0.0,,,,,,,,,,,,,,,,,,
,,,,,,,,,,,,,,,Receivable,,,,CUST009,,,,,,,,,,,Amit Sharma,Amit Builders,9876544812.0,amitbuilders@example.com,Ambikapur,Retailer,2025-07-02,4.3,0.0,,,,,,,,,,,,,,,,,,
,,,,,,,,,,,,,,,Receivable,,,,CUST010,,,,,,,,,,,Suresh Patel,Suresh Hardware Store,9876544690.0,sureshhardwarestore@example.com,Bilaspur,Retailer,2026-01-30,4.2,0.0,,,,,,,,,,,,,,,,,,
,,,,,,,,,,,,,,,Receivable,,,,CUST011,,,,,,,,,,,Suresh Patel,Suresh Wholesale,9876544687.0,sureshwholesale@example.com,Raipur,Wholesaler,2026-04-09,4.0,0.0,,,,,,,,,,,,,,,,,,
,,,,,,,,,,,,,,,Receivable,,,,CUST012,,,,,,,,,,,Suresh Patel,Suresh Traders,9876542516.0,sureshtraders@example.com,Ambikapur,Institutional Buyer,2026-04-08,4.8,0.0,,,,,,,,,,,,,,,,,,
,,,,,,,,,,,,,,,Receivable,,,,CUST013,,,,,,,,,,,Prakash Rao,Prakash Builders,9876543753.0,prakashbuilders@example.com,Ambikapur,Wholesaler,2024-11-06,5.0,0.0,,,,,,,,,,,,,,,,,,
,,,,,,,,,,,,,,,Receivable,,,,CUST014,,,,,,,,,,,Ramesh Singh,Ramesh Plumbing Supplier,9876543703.0,rameshplumbingsupplier@example.com,Durg,Wholesaler,2024-08-28,3.5,0.0,,,,,,,,,,,,,,,,,,
,,,,,,,,,,,,,,,Receivable,,,,CUST015,,,,,,,,,,,Anil Gupta,Anil Hardware Store,9876544494.0,anilhardwarestore@example.com,Durg,Retailer,2026-01-15,3.5,0.0,,,,,,,,,,,,,,,,,,
,,,,,,,,,,,,,,,Receivable,,,,CUST016,,,,,,,,,,,Ramesh Singh,Ramesh Plumbing Supplier,9876546516.0,rameshplumbingsupplier@example.com,Ambikapur,Wholesaler,2026-04-02,3.6,0.0,,,,,,,,,,,,,,,,,,
,,,,,,,,,,,,,,,Receivable,,,,CUST017,,,,,,,,,,,Amit Sharma,Amit Contractors,9876549009.0,amitcontractors@example.com,Korba,Contractor,2025-05-28,5.0,0.0,,,,,,,,,,,,,,,,,,
,,,,,,,,,,,,,,,Receivable,,,,CUST018,,,,,,,,,,,Prakash Rao,Prakash Traders,9876546893.0,prakashtraders@example.com,Jagdalpur,Builder,2024-04-14,4.8,0.0,,,,,,,,,,,,,,,,,,
,,,,,,,,,,,,,,,Receivable,,,,CUST019,,,,,,,,,,,Sanjay Joshi,Sanjay Traders,9876544758.0,sanjaytraders@example.com,Bhilai,Institutional Buyer,2025-11-12,4.6,0.0,,,,,,,,,,,,,,,,,,
,,,,,,,,,,,,,,,Receivable,,,,CUST020,,,,,,,,,,,Anil Gupta,Anil Wholesale,9876547847.0,anilwholesale@example.com,Bilaspur,Institutional Buyer,2025-08-27,3.5,0.0,,,,,,,,,,,,,,,,,,
,,,,,,,,,,,,,,,Receivable,,,,CUST021,,,,,,,,,,,Ramesh Singh,Ramesh Contractors,9876541762.0,rameshcontractors@example.com,Ambikapur,Retailer,2024-09-07,4.5,0.0,,,,,,,,,,,,,,,,,,
,,,,,,,,,,,,,,,Receivable,,,,CUST022,,,,,,,,,,,Prakash Rao,Prakash Enterprises,9876542535.0,prakashenterprises@example.com,Jagdalpur,Builder,2025-09-05,4.5,0.0,,,,,,,,,,,,,,,,,,
,,,,,,,,,,,,,,,Receivable,,,,CUST023,,,,,,,,,,,Anil Gupta,Anil Wholesale,9876542220.0,anilwholesale@example.com,Rajnandgaon,Retailer,2025-08-11,4.1,0.0,,,,,,,,,,,,,,,,,,
,,,,,,,,,,,,,,,Receivable,,,,CUST024,,,,,,,,,,,Amit Sharma,Amit Enterprises,9876549269.0,amitenterprises@example.com,Ambikapur,Builder,2024-09-15,3.9,0.0,,,,,,,,,,,,,,,,,,
,,,,,,,,,,,,,,,Receivable,,,,CUST025,,,,,,,,,,,Amit Sharma,Amit Contractors,9876545177.0,amitcontractors@example.com,Bilaspur,Wholesaler,2025-08-20,4.4,0.0,,,,,,,,,,,,,,,,,,
,,,,,,,,,,,,,,,Receivable,,,,CUST026,,,,,,,,,,,Ashok Desai,Ashok Enterprises,9876549817.0,ashokenterprises@example.com,Raipur,Wholesaler,2025-03-31,4.7,0.0,,,,,,,,,,,,,,,,,,
,,,,,,,,,,,,,,,Receivable,,,,CUST027,,,,,,,,,,,Amit Sharma,Amit Distributors,9876544057.0,amitdistributors@example.com,Raipur,Institutional Buyer,2025-08-31,4.7,0.0,,,,,,,,,,,,,,,,,,
,,,,,,,,,,,,,,,Receivable,,,,CUST028,,,,,,,,,,,Ramesh Singh,Ramesh Traders,9876541036.0,rameshtraders@example.com,Bilaspur,Contractor,2025-10-18,3.5,0.0,,,,,,,,,,,,,,,,,,
,,,,,,,,,,,,,,,Receivable,,,,CUST029,,,,,,,,,,,Rajesh Kumar,Rajesh Traders,9876546506.0,rajeshtraders@example.com,Rajnandgaon,Wholesaler,2024-08-23,4.3,0.0,,,,,,,,,,,,,,,,,,
,,,,,,,,,,,,,,,Receivable,,,,CUST030,,,,,,,,,,,Ramesh Singh,Ramesh Plumbing Supplier,9876548294.0,rameshplumbingsupplier@example.com,Raipur,Retailer,2025-11-18,4.9,0.0,,,,,,,,,,,,,,,,,,
,,,,,,,,,,,,,,,Receivable,,,,CUST031,,,,,,,,,,,Anil Gupta,Anil Traders,9876545905.0,aniltraders@example.com,Ambikapur,Retailer,2024-10-27,4.5,0.0,,,,,,,,,,,,,,,,,,
,,,,,,,,,,,,,,,Receivable,,,,CUST032,,,,,,,,,,,Rajesh Kumar,Rajesh Distributors,9876543858.0,rajeshdistributors@example.com,Korba,Contractor,2025-02-09,3.6,0.0,,,,,,,,,,,,,,,,,,
,,,,,,,,,,,,,,,Receivable,,,,CUST033,,,,,,,,,,,Suresh Patel,Suresh Enterprises,9876545923.0,sureshenterprises@example.com,Bhilai,Wholesaler,2025-10-21,4.9,0.0,,,,,,,,,,,,,,,,,,
,,,,,,,,,,,,,,,Receivable,,,,CUST034,,,,,,,,,,,Ramesh Singh,Ramesh Wholesale,9876541157.0,rameshwholesale@example.com,Bilaspur,Builder,2025-08-10,4.9,0.0,,,,,,,,,,,,,,,,,,
,,,,,,,,,,,,,,,Receivable,,,,CUST035,,,,,,,,,,,Anil Gupta,Anil Contractors,9876544468.0,anilcontractors@example.com,Bilaspur,Institutional Buyer,2025-04-09,3.9,0.0,,,,,,,,,,,,,,,,,,
,,,,,,,,,,,,,,,Receivable,,,,CUST036,,,,,,,,,,,Vijay Verma,Vijay Wholesale,9876545827.0,vijaywholesale@example.com,Bilaspur,Wholesaler,2024-07-21,5.0,0.0,,,,,,,,,,,,,,,,,,
,,,,,,,,,,,,,,,Payable,,,,,,,,,,,,,,,,,,,,,,,,SUPP001,Omega Suppliers,Hardware,₹ 300000,₹ 260800,₹ 39200,2026-09-15,30.0,,,,,,,,,,
,,,,,,,,,,,Active,,,,Loan,,BUS001,,,,,,,,,,,,,,,,,,,,,,,,,,,,,,LN001,SBI Bank,₹ 500000,12%,12.0,₹ 47530,₹ 285000,2026-01-01,2026-09-05,Working Capital
